ISO-10303-21;
HEADER;
/* Generated by software containing ST-Developer
 * from STEP Tools, Inc. (www.steptools.com) 
 */
/* OPTION: using custom renumber hook */

FILE_DESCRIPTION(
/* description */ ('STEP AP242 Edition 2',
'CAx-IF Rec.Pracs.---Representation and Presentation of Product Manufa
cturing Information (PMI)---4.0---2014-10-13',
'CAx-IF Rec.Pracs.---3D Tessellated Geometry---0.4---2014-09-14','2;1',
'CAx-IF Rec.Pracs.---User Defined Attributes---1.5---2016-08-15'),
/* implementation_level */ '2;1');

FILE_NAME(
/* name */ 'Part Studio 1',
/* time_stamp */ '2026-07-27T20:47:23Z',
/* author */ (''),
/* organization */ (''),
/* preprocessor_version */ 'ST-DEVELOPER v20',
/* originating_system */ 'ONSHAPE BY PTC INC, 1.218',
/* authorisation */ '  ');

FILE_SCHEMA (('AP242_MANAGED_MODEL_BASED_3D_ENGINEERING_MIM_LF { 1 0 10303 442 3 1 4 }'));
ENDSEC;

DATA;
#10=B_SPLINE_SURFACE_WITH_KNOTS('',1,3,((#6378,#6379,#6380,#6381,#6382,
#6383,#6384,#6385,#6386,#6387,#6388,#6389,#6390,#6391,#6392,#6393,#6394,
#6395,#6396,#6397,#6398,#6399,#6400,#6401,#6402,#6403,#6404,#6405),(#6406,
#6407,#6408,#6409,#6410,#6411,#6412,#6413,#6414,#6415,#6416,#6417,#6418,
#6419,#6420,#6421,#6422,#6423,#6424,#6425,#6426,#6427,#6428,#6429,#6430,
#6431,#6432,#6433)),.RULED_SURF.,.F.,.F.,.F.,(2,2),(4,2,2,2,2,2,2,2,2,2,
2,2,2,4),(0.,1.),(0.0139751471044777,0.0156142521416339,0.0217474094656356,
0.0278805667896373,0.034013724113639,0.0401468814376407,0.0462800387616424,
0.0493466174236432,0.0524131960856441,0.0539464854166445,0.0554797747476449,
0.0570130640786453,0.0577797087441456,0.0585463534096458),.UNSPECIFIED.);
#11=B_SPLINE_SURFACE_WITH_KNOTS('',1,3,((#6442,#6443,#6444,#6445,#6446,
#6447,#6448,#6449,#6450,#6451,#6452,#6453,#6454,#6455,#6456,#6457,#6458,
#6459,#6460,#6461,#6462,#6463,#6464,#6465,#6466,#6467,#6468,#6469,#6470,
#6471,#6472,#6473,#6474,#6475,#6476,#6477,#6478,#6479,#6480,#6481,#6482,
#6483,#6484,#6485,#6486,#6487,#6488,#6489,#6490,#6491,#6492,#6493,#6494,
#6495,#6496,#6497,#6498,#6499,#6500,#6501),(#6502,#6503,#6504,#6505,#6506,
#6507,#6508,#6509,#6510,#6511,#6512,#6513,#6514,#6515,#6516,#6517,#6518,
#6519,#6520,#6521,#6522,#6523,#6524,#6525,#6526,#6527,#6528,#6529,#6530,
#6531,#6532,#6533,#6534,#6535,#6536,#6537,#6538,#6539,#6540,#6541,#6542,
#6543,#6544,#6545,#6546,#6547,#6548,#6549,#6550,#6551,#6552,#6553,#6554,
#6555,#6556,#6557,#6558,#6559,#6560,#6561)),.RULED_SURF.,.F.,.F.,.F.,(2,
2),(4,2,2,2,2,2,2,2,2,2,2,2,2,2,2,2,2,2,2,2,2,2,2,2,2,2,2,2,2,4),(0.,1.),
(0.,0.000943966573579925,0.00188793314715985,0.0037758662943197,0.00566379944147955,
0.0075517325886394,0.0113275988829591,0.0151034651772788,0.0226551977659182,
0.0302069303545576,0.0339827966488773,0.037758662943197,0.0453103955318364,
0.0528621281204758,0.0566379944147955,0.0604138607091152,0.0679655932977546,
0.075517325886394,0.0792931921807137,0.0830690584750334,0.0906207910636728,
0.0981725236523122,0.105724256240952,0.109500122535271,0.113275988829591,
0.115163921976751,0.117051855123911,0.118939788271071,0.11988375484465,
0.12082772141823),.UNSPECIFIED.);
#12=B_SPLINE_SURFACE_WITH_KNOTS('',1,1,((#6566,#6567),(#6568,#6569)),
 .RULED_SURF.,.F.,.F.,.F.,(2,2),(2,2),(0.,1.),(0.,1.),
 .PIECEWISE_BEZIER_KNOTS.);
#13=B_SPLINE_SURFACE_WITH_KNOTS('',1,3,((#6586,#6587,#6588,#6589,#6590,
#6591,#6592,#6593,#6594,#6595,#6596,#6597,#6598,#6599,#6600,#6601),(#6602,
#6603,#6604,#6605,#6606,#6607,#6608,#6609,#6610,#6611,#6612,#6613,#6614,
#6615,#6616,#6617)),.RULED_SURF.,.F.,.F.,.F.,(2,2),(4,2,2,2,2,2,2,4),(0.,
1.),(0.00653265493149729,0.00746441966011741,0.00839618438873753,0.0102597138459778,
0.012123243303218,0.0139867727604583,0.0177138316749388,0.0184080956081647),
 .UNSPECIFIED.);
#14=B_SPLINE_SURFACE_WITH_KNOTS('',1,3,((#6622,#6623,#6624,#6625,#6626,
#6627,#6628,#6629,#6630,#6631,#6632,#6633,#6634,#6635,#6636,#6637,#6638,
#6639,#6640,#6641,#6642,#6643,#6644,#6645,#6646,#6647,#6648,#6649,#6650,
#6651,#6652,#6653,#6654,#6655,#6656,#6657),(#6658,#6659,#6660,#6661,#6662,
#6663,#6664,#6665,#6666,#6667,#6668,#6669,#6670,#6671,#6672,#6673,#6674,
#6675,#6676,#6677,#6678,#6679,#6680,#6681,#6682,#6683,#6684,#6685,#6686,
#6687,#6688,#6689,#6690,#6691,#6692,#6693)),.RULED_SURF.,.F.,.F.,.F.,(2,
2),(4,2,2,2,2,2,2,2,2,2,2,2,2,2,2,2,2,4),(0.,1.),(0.0223805748430224,0.0278833994930092,
0.0336209926116901,0.039358585730371,0.045096178849052,0.0479649754083925,
0.0508337719677329,0.0537025685270734,0.0565713650864139,0.0594401616457544,
0.0623089582050948,0.0680465513237758,0.0737841444424567,0.0795217375611377,
0.0852593306798186,0.0909969237984996,0.0967345169171805,0.102560571332612),
 .UNSPECIFIED.);
#15=B_SPLINE_SURFACE_WITH_KNOTS('',1,1,((#6709,#6710),(#6711,#6712)),
 .RULED_SURF.,.F.,.F.,.F.,(2,2),(2,2),(0.,1.),(0.,1.),
 .PIECEWISE_BEZIER_KNOTS.);
#16=B_SPLINE_SURFACE_WITH_KNOTS('',1,3,((#6780,#6781,#6782,#6783,#6784,
#6785,#6786,#6787,#6788,#6789,#6790,#6791,#6792,#6793,#6794,#6795,#6796,
#6797,#6798,#6799,#6800,#6801,#6802,#6803,#6804,#6805,#6806,#6807,#6808,
#6809,#6810,#6811,#6812,#6813,#6814,#6815,#6816,#6817,#6818,#6819,#6820,
#6821,#6822,#6823,#6824,#6825,#6826,#6827,#6828,#6829,#6830,#6831,#6832,
#6833,#6834,#6835),(#6836,#6837,#6838,#6839,#6840,#6841,#6842,#6843,#6844,
#6845,#6846,#6847,#6848,#6849,#6850,#6851,#6852,#6853,#6854,#6855,#6856,
#6857,#6858,#6859,#6860,#6861,#6862,#6863,#6864,#6865,#6866,#6867,#6868,
#6869,#6870,#6871,#6872,#6873,#6874,#6875,#6876,#6877,#6878,#6879,#6880,
#6881,#6882,#6883,#6884,#6885,#6886,#6887,#6888,#6889,#6890,#6891)),
 .RULED_SURF.,.F.,.F.,.F.,(2,2),(4,2,2,2,2,2,2,2,2,2,2,2,2,2,2,2,2,2,2,
2,2,2,2,2,2,2,2,4),(0.,1.),(0.,0.00181203348129876,0.00362406696259752,
0.00543610044389627,0.00724813392519503,0.0108722008877925,0.0144962678503901,
0.0217444017755851,0.0289925357007801,0.0362406696259751,0.0434888035511702,
0.0471128705137677,0.0507369374763652,0.0579850714015603,0.0652332053267553,
0.0724813392519503,0.0797294731771454,0.0833535401397429,0.0869776071023404,
0.0942257410275354,0.0978498079901329,0.10147387495273,0.105097941915328,
0.108722008877925,0.110534042359224,0.112346075840523,0.114158109321822,
0.11597014280312),.UNSPECIFIED.);
#17=B_SPLINE_SURFACE_WITH_KNOTS('',1,3,((#6900,#6901,#6902,#6903,#6904,
#6905,#6906,#6907,#6908,#6909,#6910,#6911,#6912,#6913,#6914,#6915,#6916,
#6917,#6918,#6919,#6920,#6921,#6922,#6923,#6924,#6925,#6926,#6927,#6928,
#6929,#6930,#6931,#6932,#6933,#6934,#6935,#6936,#6937,#6938,#6939,#6940,
#6941,#6942,#6943,#6944,#6945,#6946,#6947,#6948,#6949,#6950,#6951,#6952,
#6953,#6954,#6955),(#6956,#6957,#6958,#6959,#6960,#6961,#6962,#6963,#6964,
#6965,#6966,#6967,#6968,#6969,#6970,#6971,#6972,#6973,#6974,#6975,#6976,
#6977,#6978,#6979,#6980,#6981,#6982,#6983,#6984,#6985,#6986,#6987,#6988,
#6989,#6990,#6991,#6992,#6993,#6994,#6995,#6996,#6997,#6998,#6999,#7000,
#7001,#7002,#7003,#7004,#7005,#7006,#7007,#7008,#7009,#7010,#7011)),
 .RULED_SURF.,.F.,.F.,.F.,(2,2),(4,2,2,2,2,2,2,2,2,2,2,2,2,2,2,2,2,2,2,
2,2,2,2,2,2,2,2,4),(0.,1.),(0.,0.00181203348129875,0.00362406696259752,
0.00543610044389627,0.00724813392519503,0.0108722008877925,0.01449626785039,
0.0217444017755851,0.0289925357007801,0.0362406696259751,0.0434888035511702,
0.0471128705137677,0.0507369374763652,0.0579850714015602,0.0652332053267552,
0.0724813392519503,0.0797294731771453,0.0833535401397428,0.0869776071023403,
0.0942257410275353,0.0978498079901328,0.10147387495273,0.105097941915328,
0.108722008877925,0.110534042359224,0.112346075840523,0.114158109321822,
0.11597014280312),.UNSPECIFIED.);
#18=B_SPLINE_SURFACE_WITH_KNOTS('',3,1,((#7197,#7198),(#7199,#7200),(#7201,
#7202),(#7203,#7204)),.SURF_OF_LINEAR_EXTRUSION.,.F.,.F.,.F.,(4,4),(2,2),
(0.,1.),(0.,1.),.PIECEWISE_BEZIER_KNOTS.);
#19=B_SPLINE_SURFACE_WITH_KNOTS('',3,1,((#7212,#7213),(#7214,#7215),(#7216,
#7217),(#7218,#7219)),.SURF_OF_LINEAR_EXTRUSION.,.F.,.F.,.F.,(4,4),(2,2),
(0.,1.),(0.,1.),.PIECEWISE_BEZIER_KNOTS.);
#20=B_SPLINE_SURFACE_WITH_KNOTS('',3,1,((#7225,#7226),(#7227,#7228),(#7229,
#7230),(#7231,#7232)),.SURF_OF_LINEAR_EXTRUSION.,.F.,.F.,.F.,(4,4),(2,2),
(0.,1.),(0.,1.),.PIECEWISE_BEZIER_KNOTS.);
#21=B_SPLINE_SURFACE_WITH_KNOTS('',3,1,((#7250,#7251),(#7252,#7253),(#7254,
#7255),(#7256,#7257)),.SURF_OF_LINEAR_EXTRUSION.,.F.,.F.,.F.,(4,4),(2,2),
(0.,1.),(0.,1.),.PIECEWISE_BEZIER_KNOTS.);
#22=B_SPLINE_SURFACE_WITH_KNOTS('',3,1,((#7263,#7264),(#7265,#7266),(#7267,
#7268),(#7269,#7270)),.SURF_OF_LINEAR_EXTRUSION.,.F.,.F.,.F.,(4,4),(2,2),
(0.,1.),(0.,1.),.PIECEWISE_BEZIER_KNOTS.);
#23=B_SPLINE_SURFACE_WITH_KNOTS('',3,1,((#7280,#7281),(#7282,#7283),(#7284,
#7285),(#7286,#7287)),.SURF_OF_LINEAR_EXTRUSION.,.F.,.F.,.F.,(4,4),(2,2),
(0.,1.),(0.,1.),.PIECEWISE_BEZIER_KNOTS.);
#24=B_SPLINE_SURFACE_WITH_KNOTS('',3,1,((#7293,#7294),(#7295,#7296),(#7297,
#7298),(#7299,#7300)),.SURF_OF_LINEAR_EXTRUSION.,.F.,.F.,.F.,(4,4),(2,2),
(0.,1.),(0.,1.),.PIECEWISE_BEZIER_KNOTS.);
#25=B_SPLINE_SURFACE_WITH_KNOTS('',3,1,((#7318,#7319),(#7320,#7321),(#7322,
#7323),(#7324,#7325)),.SURF_OF_LINEAR_EXTRUSION.,.F.,.F.,.F.,(4,4),(2,2),
(0.,1.),(0.,1.),.PIECEWISE_BEZIER_KNOTS.);
#26=B_SPLINE_SURFACE_WITH_KNOTS('',3,1,((#7331,#7332),(#7333,#7334),(#7335,
#7336),(#7337,#7338)),.SURF_OF_LINEAR_EXTRUSION.,.F.,.F.,.F.,(4,4),(2,2),
(0.,1.),(0.,1.),.PIECEWISE_BEZIER_KNOTS.);
#27=B_SPLINE_SURFACE_WITH_KNOTS('',3,1,((#7344,#7345),(#7346,#7347),(#7348,
#7349),(#7350,#7351)),.SURF_OF_LINEAR_EXTRUSION.,.F.,.F.,.F.,(4,4),(2,2),
(0.,1.),(0.,1.),.PIECEWISE_BEZIER_KNOTS.);
#28=B_SPLINE_SURFACE_WITH_KNOTS('',3,1,((#7357,#7358),(#7359,#7360),(#7361,
#7362),(#7363,#7364)),.SURF_OF_LINEAR_EXTRUSION.,.F.,.F.,.F.,(4,4),(2,2),
(0.,1.),(0.,1.),.PIECEWISE_BEZIER_KNOTS.);
#29=B_SPLINE_SURFACE_WITH_KNOTS('',3,1,((#7374,#7375),(#7376,#7377),(#7378,
#7379),(#7380,#7381)),.SURF_OF_LINEAR_EXTRUSION.,.F.,.F.,.F.,(4,4),(2,2),
(0.,1.),(0.,1.),.PIECEWISE_BEZIER_KNOTS.);
#30=B_SPLINE_SURFACE_WITH_KNOTS('',1,1,((#7833,#7834),(#7835,#7836)),
 .RULED_SURF.,.F.,.F.,.F.,(2,2),(2,2),(0.,1.),(0.,1.),
 .PIECEWISE_BEZIER_KNOTS.);
#31=B_SPLINE_SURFACE_WITH_KNOTS('',1,3,((#7856,#7857,#7858,#7859,#7860,
#7861,#7862,#7863,#7864,#7865,#7866,#7867,#7868,#7869,#7870,#7871,#7872,
#7873,#7874,#7875,#7876,#7877,#7878,#7879,#7880,#7881,#7882,#7883,#7884,
#7885),(#7886,#7887,#7888,#7889,#7890,#7891,#7892,#7893,#7894,#7895,#7896,
#7897,#7898,#7899,#7900,#7901,#7902,#7903,#7904,#7905,#7906,#7907,#7908,
#7909,#7910,#7911,#7912,#7913,#7914,#7915)),.RULED_SURF.,.F.,.F.,.F.,(2,
2),(4,2,2,2,2,2,2,2,2,2,2,2,2,2,4),(0.,1.),(0.00753890362398921,0.00802324808782915,
0.0120341423593985,0.016045036630968,0.0200559309025374,0.0240668251741067,
0.0280777194456761,0.0360995079888149,0.0441212965319537,0.0481321908035231,
0.0521430850750925,0.0561539793466619,0.0601648736182313,0.0641757678898007,
0.0646399886343739),.UNSPECIFIED.);
#32=B_SPLINE_SURFACE_WITH_KNOTS('',1,3,((#7920,#7921,#7922,#7923,#7924,
#7925,#7926,#7927,#7928,#7929,#7930,#7931,#7932,#7933,#7934,#7935,#7936,
#7937,#7938,#7939,#7940,#7941,#7942,#7943,#7944,#7945,#7946,#7947,#7948,
#7949,#7950,#7951,#7952,#7953,#7954,#7955),(#7956,#7957,#7958,#7959,#7960,
#7961,#7962,#7963,#7964,#7965,#7966,#7967,#7968,#7969,#7970,#7971,#7972,
#7973,#7974,#7975,#7976,#7977,#7978,#7979,#7980,#7981,#7982,#7983,#7984,
#7985,#7986,#7987,#7988,#7989,#7990,#7991)),.RULED_SURF.,.F.,.F.,.F.,(2,
2),(4,2,2,2,2,2,2,2,2,2,2,2,2,2,2,2,2,4),(0.,1.),(0.0154582301628136,0.0211514212770513,
0.0269305938720962,0.0327097664671412,0.0355993527646637,0.0384889390621862,
0.0442681116572311,0.0471576979547536,0.0500472842522761,0.0529368705497986,
0.055826456847321,0.061605629442366,0.067384802037411,0.0731639746324559,
0.0789431472275009,0.0847223198225459,0.0905014924175908,0.0962930952814572),
 .UNSPECIFIED.);
#33=B_SPLINE_SURFACE_WITH_KNOTS('',1,1,((#8008,#8009),(#8010,#8011)),
 .RULED_SURF.,.F.,.F.,.F.,(2,2),(2,2),(0.,1.),(0.,1.),
 .PIECEWISE_BEZIER_KNOTS.);
#34=DEGENERATE_TOROIDAL_SURFACE('',#3940,0.0149640561480489,0.0254701989330458,
 .T.);
#35=DEGENERATE_TOROIDAL_SURFACE('',#3949,0.0169278305395387,0.0252731717269555,
 .T.);
#36=DEGENERATE_TOROIDAL_SURFACE('',#4036,0.0169278305395387,0.0252731717269555,
 .T.);
#37=B_SPLINE_CURVE_WITH_KNOTS('',3,(#5209,#5210,#5211,#5212,#5213,#5214,
#5215,#5216,#5217,#5218,#5219,#5220,#5221,#5222,#5223,#5224,#5225,#5226,
#5227,#5228,#5229,#5230),.UNSPECIFIED.,.F.,.F.,(4,1,1,1,1,1,1,1,1,1,1,1,
1,1,1,1,1,1,1,4),(0.,0.25,0.375,0.4375,0.46875,0.5,0.53125,0.5625,0.625,
0.6875,0.75,0.78125,0.8125,0.84375,0.859375,0.875,0.890625,0.90625,0.9375,
1.),.UNSPECIFIED.);
#38=B_SPLINE_CURVE_WITH_KNOTS('',3,(#5232,#5233,#5234,#5235,#5236,#5237,
#5238,#5239,#5240,#5241,#5242,#5243,#5244,#5245,#5246,#5247,#5248,#5249,
#5250,#5251,#5252,#5253,#5254,#5255,#5256,#5257,#5258,#5259,#5260,#5261,
#5262,#5263,#5264,#5265,#5266,#5267,#5268,#5269,#5270,#5271,#5272,#5273,
#5274,#5275,#5276,#5277,#5278,#5279,#5280,#5281,#5282,#5283,#5284,#5285,
#5286,#5287,#5288,#5289,#5290,#5291,#5292),.UNSPECIFIED.,.F.,.F.,(4,1,1,
1,1,1,1,1,1,1,1,1,1,1,1,1,1,1,1,1,1,1,1,1,1,1,1,1,1,1,1,1,1,1,1,1,1,1,1,
1,1,1,1,1,1,1,1,1,1,1,1,1,1,1,1,1,1,1,4),(0.,0.00390625,0.005859375,0.0078125,
0.009765625,0.01171875,0.013671875,0.015625,0.017578125,0.01953125,0.021484375,
0.0234375,0.02734375,0.03125,0.0390625,0.046875,0.0546875,0.0625,0.0703125,
0.078125,0.09375,0.125,0.15625,0.1875,0.25,0.3125,0.375,0.4375,0.5,0.5625,
0.625,0.6875,0.75,0.8125,0.84375,0.859375,0.875,0.90625,0.921875,0.9296875,
0.93359375,0.9375,0.94140625,0.9453125,0.953125,0.9609375,0.96484375,0.96875,
0.97265625,0.9765625,0.98046875,0.984375,0.986328125,0.98828125,0.990234375,
0.9921875,0.994140625,0.99609375,1.),.UNSPECIFIED.);
#39=B_SPLINE_CURVE_WITH_KNOTS('',3,(#5294,#5295,#5296,#5297,#5298,#5299,
#5300,#5301,#5302,#5303,#5304,#5305,#5306,#5307,#5308,#5309,#5310,#5311,
#5312,#5313,#5314,#5315,#5316,#5317,#5318,#5319,#5320,#5321,#5322,#5323,
#5324,#5325,#5326),.UNSPECIFIED.,.F.,.F.,(4,1,1,1,1,1,1,1,1,1,1,1,1,1,1,
1,1,1,1,1,1,1,1,1,1,1,1,1,1,1,4),(0.,0.015625,0.0234375,0.02734375,0.03125,
0.03515625,0.0390625,0.046875,0.0625,0.078125,0.09375,0.109375,0.1171875,
0.12109375,0.125,0.12890625,0.1328125,0.140625,0.15625,0.171875,0.1875,
0.21875,0.25,0.28125,0.3125,0.375,0.5,0.625,0.75,0.875,1.),
 .UNSPECIFIED.);
#40=B_SPLINE_CURVE_WITH_KNOTS('',3,(#5329,#5330,#5331,#5332,#5333,#5334,
#5335,#5336,#5337,#5338,#5339,#5340,#5341,#5342,#5343,#5344,#5345,#5346,
#5347,#5348,#5349,#5350,#5351,#5352,#5353,#5354,#5355,#5356,#5357,#5358,
#5359,#5360,#5361,#5362,#5363,#5364,#5365,#5366,#5367,#5368,#5369,#5370,
#5371,#5372,#5373,#5374,#5375,#5376,#5377,#5378,#5379,#5380,#5381,#5382,
#5383,#5384,#5385,#5386,#5387,#5388,#5389,#5390,#5391,#5392,#5393,#5394,
#5395,#5396,#5397,#5398,#5399,#5400,#5401,#5402,#5403,#5404,#5405,#5406,
#5407,#5408,#5409,#5410,#5411,#5412,#5413),.UNSPECIFIED.,.F.,.F.,(4,1,1,
1,1,1,1,1,1,1,1,1,1,1,1,1,1,1,1,1,1,1,1,1,1,1,1,1,1,1,1,1,1,1,1,1,1,1,1,
1,1,1,1,1,1,1,1,1,1,1,1,1,1,1,1,1,1,1,1,1,1,1,1,1,1,1,1,1,1,1,1,1,1,1,1,
1,1,1,1,1,1,1,4),(0.,0.00390625,0.005859375,0.0078125,0.009765625,0.01171875,
0.013671875,0.015625,0.017578125,0.01953125,0.021484375,0.0224609375,0.0234375,
0.0244140625,0.025390625,0.02734375,0.029296875,0.0302734375,0.03076171875,
0.03125,0.03173828125,0.0322265625,0.033203125,0.03515625,0.0390625,0.046875,
0.0546875,0.05859375,0.0625,0.06640625,0.0703125,0.078125,0.09375,0.125,
0.15625,0.1875,0.25,0.3125,0.375,0.4375,0.5,0.5625,0.625,0.6875,0.75,0.8125,
0.84375,0.875,0.90625,0.921875,0.9296875,0.93359375,0.9375,0.94140625,0.9453125,
0.953125,0.95703125,0.9609375,0.962890625,0.96484375,0.966796875,0.9677734375,
0.96826171875,0.96875,0.96923828125,0.9697265625,0.970703125,0.97265625,
0.974609375,0.9755859375,0.9765625,0.9775390625,0.978515625,0.98046875,
0.982421875,0.984375,0.986328125,0.98828125,0.990234375,0.9921875,0.994140625,
0.99609375,1.),.UNSPECIFIED.);
#41=B_SPLINE_CURVE_WITH_KNOTS('',3,(#5416,#5417,#5418,#5419,#5420,#5421,
#5422,#5423,#5424,#5425,#5426,#5427,#5428,#5429,#5430,#5431,#5432,#5433,
#5434,#5435,#5436,#5437,#5438,#5439,#5440,#5441,#5442,#5443,#5444,#5445,
#5446,#5447,#5448,#5449,#5450,#5451,#5452,#5453,#5454,#5455,#5456,#5457,
#5458,#5459,#5460,#5461,#5462,#5463,#5464,#5465,#5466,#5467,#5468,#5469,
#5470,#5471,#5472,#5473,#5474,#5475,#5476,#5477,#5478,#5479,#5480,#5481,
#5482,#5483,#5484,#5485,#5486,#5487,#5488,#5489,#5490,#5491,#5492,#5493,
#5494,#5495,#5496,#5497,#5498,#5499,#5500),.UNSPECIFIED.,.F.,.F.,(4,1,1,
1,1,1,1,1,1,1,1,1,1,1,1,1,1,1,1,1,1,1,1,1,1,1,1,1,1,1,1,1,1,1,1,1,1,1,1,
1,1,1,1,1,1,1,1,1,1,1,1,1,1,1,1,1,1,1,1,1,1,1,1,1,1,1,1,1,1,1,1,1,1,1,1,
1,1,1,1,1,1,1,4),(0.,0.00390625,0.005859375,0.0078125,0.009765625,0.01171875,
0.013671875,0.015625,0.017578125,0.01953125,0.021484375,0.0224609375,0.0234375,
0.0244140625,0.025390625,0.02734375,0.029296875,0.0302734375,0.03076171875,
0.03125,0.03173828125,0.0322265625,0.033203125,0.03515625,0.0390625,0.046875,
0.0546875,0.05859375,0.0625,0.06640625,0.0703125,0.078125,0.09375,0.125,
0.15625,0.1875,0.25,0.3125,0.375,0.4375,0.5,0.5625,0.625,0.6875,0.75,0.8125,
0.84375,0.875,0.90625,0.921875,0.9296875,0.93359375,0.9375,0.94140625,0.9453125,
0.953125,0.95703125,0.9609375,0.962890625,0.96484375,0.966796875,0.9677734375,
0.96826171875,0.96875,0.96923828125,0.9697265625,0.970703125,0.97265625,
0.974609375,0.9755859375,0.9765625,0.9775390625,0.978515625,0.98046875,
0.982421875,0.984375,0.986328125,0.98828125,0.990234375,0.9921875,0.994140625,
0.99609375,1.),.UNSPECIFIED.);
#42=B_SPLINE_CURVE_WITH_KNOTS('',3,(#5526,#5527,#5528,#5529,#5530,#5531,
#5532,#5533,#5534,#5535,#5536,#5537,#5538,#5539,#5540,#5541,#5542,#5543,
#5544,#5545,#5546,#5547,#5548,#5549,#5550,#5551,#5552,#5553,#5554,#5555,
#5556,#5557,#5558,#5559,#5560,#5561,#5562,#5563,#5564,#5565,#5566,#5567,
#5568,#5569,#5570,#5571,#5572,#5573,#5574,#5575,#5576,#5577,#5578,#5579,
#5580,#5581,#5582,#5583,#5584,#5585,#5586,#5587,#5588,#5589,#5590,#5591),
 .UNSPECIFIED.,.F.,.F.,(4,1,1,1,1,1,1,1,1,1,1,1,1,1,1,1,1,1,1,1,1,1,1,1,
1,1,1,1,1,1,1,1,1,1,1,1,1,1,1,1,1,1,1,1,1,1,1,1,1,1,1,1,1,1,1,1,1,1,1,1,
1,1,1,4),(0.,0.0625,0.09375,0.109375,0.125,0.140625,0.15625,0.1875,0.21875,
0.234375,0.25,0.265625,0.28125,0.3125,0.34375,0.375,0.40625,0.4375,0.46875,
0.5,0.53125,0.5625,0.59375,0.625,0.65625,0.6875,0.71875,0.734375,0.75,0.765625,
0.78125,0.796875,0.8046875,0.8125,0.8203125,0.828125,0.84375,0.859375,0.8671875,
0.87109375,0.875,0.87890625,0.8828125,0.890625,0.8984375,0.90234375,0.904296875,
0.90625,0.908203125,0.91015625,0.9140625,0.921875,0.9375,0.9453125,0.953125,
0.9609375,0.96484375,0.966796875,0.96875,0.970703125,0.97265625,0.9765625,
0.984375,1.),.UNSPECIFIED.);
#43=B_SPLINE_CURVE_WITH_KNOTS('',3,(#5594,#5595,#5596,#5597),
 .UNSPECIFIED.,.F.,.F.,(4,4),(0.,0.00579451278083318),.UNSPECIFIED.);
#44=B_SPLINE_CURVE_WITH_KNOTS('',3,(#5609,#5610,#5611,#5612),
 .UNSPECIFIED.,.F.,.F.,(4,4),(0.,0.00560611465122481),.UNSPECIFIED.);
#45=B_SPLINE_CURVE_WITH_KNOTS('',3,(#5623,#5624,#5625,#5626,#5627,#5628,
#5629,#5630,#5631,#5632,#5633,#5634,#5635,#5636,#5637,#5638,#5639,#5640,
#5641,#5642,#5643,#5644,#5645,#5646,#5647,#5648,#5649,#5650,#5651,#5652,
#5653,#5654,#5655,#5656,#5657,#5658,#5659,#5660,#5661,#5662,#5663,#5664,
#5665,#5666,#5667,#5668,#5669,#5670,#5671,#5672,#5673,#5674,#5675,#5676,
#5677,#5678,#5679,#5680,#5681,#5682,#5683,#5684,#5685,#5686,#5687,#5688,
#5689,#5690,#5691,#5692,#5693,#5694,#5695,#5696,#5697,#5698,#5699,#5700,
#5701,#5702,#5703,#5704,#5705,#5706,#5707,#5708,#5709,#5710,#5711,#5712,
#5713,#5714,#5715,#5716,#5717,#5718,#5719,#5720,#5721,#5722,#5723,#5724,
#5725,#5726,#5727,#5728,#5729,#5730,#5731,#5732,#5733,#5734,#5735,#5736,
#5737,#5738,#5739,#5740,#5741,#5742,#5743,#5744,#5745,#5746,#5747,#5748,
#5749,#5750,#5751,#5752,#5753,#5754,#5755,#5756,#5757,#5758,#5759,#5760,
#5761,#5762,#5763,#5764,#5765,#5766,#5767,#5768,#5769,#5770,#5771,#5772,
#5773,#5774,#5775,#5776,#5777,#5778,#5779,#5780,#5781,#5782,#5783,#5784,
#5785,#5786,#5787,#5788,#5789,#5790,#5791,#5792,#5793,#5794,#5795,#5796,
#5797),.UNSPECIFIED.,.F.,.F.,(4,1,1,1,1,1,1,1,1,1,1,1,1,1,1,1,1,1,1,1,1,
1,1,1,1,1,1,1,1,1,1,1,1,1,1,1,1,1,1,1,1,1,1,1,1,1,1,1,1,1,1,1,1,1,1,1,1,
1,1,1,1,1,1,1,1,1,1,1,1,1,1,1,1,1,1,1,1,1,1,1,1,1,1,1,1,1,1,1,1,1,1,1,1,
1,1,1,1,1,1,1,1,1,1,1,1,1,1,1,1,1,1,1,1,1,1,1,1,1,1,1,1,1,1,1,1,1,1,1,1,
1,1,1,1,1,1,1,1,1,1,1,1,1,1,1,1,1,1,1,1,1,1,1,1,1,1,1,1,1,1,1,1,1,1,1,1,
1,1,1,1,1,1,1,4),(0.,0.00390625,0.005859375,0.0078125,0.009765625,0.01171875,
0.013671875,0.015625,0.017578125,0.01953125,0.0234375,0.02734375,0.029296875,
0.03125,0.033203125,0.03515625,0.0390625,0.041015625,0.04296875,0.046875,
0.0546875,0.05859375,0.060546875,0.0625,0.064453125,0.06640625,0.0703125,
0.078125,0.0859375,0.08984375,0.091796875,0.09375,0.095703125,0.09765625,
0.1015625,0.109375,0.1171875,0.12109375,0.123046875,0.125,0.126953125,0.12890625,
0.1328125,0.140625,0.1484375,0.15625,0.1640625,0.171875,0.1796875,0.18359375,
0.185546875,0.1875,0.189453125,0.19140625,0.1953125,0.203125,0.2109375,
0.21875,0.2265625,0.234375,0.2421875,0.24609375,0.248046875,0.25,0.251953125,
0.25390625,0.2578125,0.265625,0.2734375,0.28125,0.296875,0.3125,0.328125,
0.34375,0.359375,0.3671875,0.37109375,0.375,0.37890625,0.3828125,0.390625,
0.40625,0.421875,0.4375,0.46875,0.5,0.53125,0.5625,0.578125,0.59375,0.609375,
0.6171875,0.62109375,0.625,0.62890625,0.6328125,0.640625,0.65625,0.671875,
0.6875,0.703125,0.71875,0.7265625,0.734375,0.7421875,0.74609375,0.748046875,
0.75,0.751953125,0.75390625,0.7578125,0.765625,0.7734375,0.78125,0.7890625,
0.796875,0.8046875,0.80859375,0.810546875,0.8125,0.814453125,0.81640625,
0.8203125,0.828125,0.8359375,0.84375,0.8515625,0.859375,0.8671875,0.87109375,
0.873046875,0.875,0.876953125,0.87890625,0.8828125,0.890625,0.8984375,0.90234375,
0.904296875,0.90625,0.908203125,0.91015625,0.9140625,0.921875,0.9296875,
0.93359375,0.935546875,0.9375,0.939453125,0.94140625,0.9453125,0.94921875,
0.951171875,0.953125,0.955078125,0.95703125,0.9609375,0.96484375,0.966796875,
0.96875,0.970703125,0.97265625,0.9765625,0.98046875,0.982421875,0.984375,
0.986328125,0.98828125,0.990234375,0.9921875,0.994140625,0.99609375,1.),
 .UNSPECIFIED.);
#46=B_SPLINE_CURVE_WITH_KNOTS('',3,(#5800,#5801,#5802,#5803,#5804,#5805,
#5806,#5807,#5808,#5809,#5810,#5811,#5812,#5813,#5814,#5815,#5816,#5817,
#5818,#5819,#5820,#5821,#5822,#5823,#5824,#5825,#5826,#5827,#5828,#5829,
#5830,#5831,#5832,#5833,#5834,#5835,#5836,#5837,#5838,#5839,#5840,#5841,
#5842,#5843,#5844,#5845,#5846,#5847,#5848,#5849,#5850,#5851,#5852,#5853,
#5854,#5855,#5856,#5857,#5858,#5859,#5860,#5861,#5862,#5863,#5864,#5865,
#5866,#5867,#5868,#5869,#5870,#5871,#5872,#5873,#5874,#5875,#5876,#5877,
#5878,#5879,#5880,#5881,#5882,#5883,#5884,#5885,#5886,#5887,#5888,#5889,
#5890,#5891,#5892,#5893,#5894,#5895,#5896,#5897,#5898,#5899,#5900,#5901,
#5902,#5903,#5904,#5905,#5906,#5907,#5908,#5909,#5910,#5911,#5912,#5913,
#5914,#5915,#5916,#5917,#5918,#5919,#5920,#5921,#5922,#5923,#5924,#5925,
#5926,#5927,#5928,#5929,#5930,#5931,#5932,#5933,#5934,#5935,#5936,#5937,
#5938,#5939,#5940,#5941,#5942,#5943,#5944,#5945,#5946,#5947,#5948,#5949,
#5950,#5951,#5952,#5953,#5954,#5955,#5956,#5957,#5958,#5959,#5960,#5961,
#5962,#5963,#5964,#5965,#5966,#5967,#5968,#5969,#5970,#5971,#5972,#5973,
#5974),.UNSPECIFIED.,.F.,.F.,(4,1,1,1,1,1,1,1,1,1,1,1,1,1,1,1,1,1,1,1,1,
1,1,1,1,1,1,1,1,1,1,1,1,1,1,1,1,1,1,1,1,1,1,1,1,1,1,1,1,1,1,1,1,1,1,1,1,
1,1,1,1,1,1,1,1,1,1,1,1,1,1,1,1,1,1,1,1,1,1,1,1,1,1,1,1,1,1,1,1,1,1,1,1,
1,1,1,1,1,1,1,1,1,1,1,1,1,1,1,1,1,1,1,1,1,1,1,1,1,1,1,1,1,1,1,1,1,1,1,1,
1,1,1,1,1,1,1,1,1,1,1,1,1,1,1,1,1,1,1,1,1,1,1,1,1,1,1,1,1,1,1,1,1,1,1,1,
1,1,1,1,1,1,1,4),(0.,0.00390625,0.005859375,0.0078125,0.009765625,0.01171875,
0.013671875,0.015625,0.017578125,0.01953125,0.0234375,0.02734375,0.029296875,
0.03125,0.033203125,0.03515625,0.0390625,0.041015625,0.04296875,0.046875,
0.0546875,0.05859375,0.060546875,0.0625,0.064453125,0.06640625,0.0703125,
0.078125,0.0859375,0.08984375,0.091796875,0.09375,0.095703125,0.09765625,
0.1015625,0.109375,0.1171875,0.12109375,0.123046875,0.125,0.126953125,0.12890625,
0.1328125,0.140625,0.1484375,0.15625,0.1640625,0.171875,0.1796875,0.18359375,
0.185546875,0.1875,0.189453125,0.19140625,0.1953125,0.203125,0.2109375,
0.21875,0.2265625,0.234375,0.2421875,0.24609375,0.248046875,0.25,0.251953125,
0.25390625,0.2578125,0.265625,0.2734375,0.28125,0.296875,0.3125,0.328125,
0.34375,0.359375,0.3671875,0.37109375,0.375,0.37890625,0.3828125,0.390625,
0.40625,0.421875,0.4375,0.46875,0.5,0.53125,0.5625,0.578125,0.59375,0.609375,
0.6171875,0.62109375,0.625,0.62890625,0.6328125,0.640625,0.65625,0.671875,
0.6875,0.703125,0.71875,0.7265625,0.734375,0.7421875,0.74609375,0.748046875,
0.75,0.751953125,0.75390625,0.7578125,0.765625,0.7734375,0.78125,0.7890625,
0.796875,0.8046875,0.80859375,0.810546875,0.8125,0.814453125,0.81640625,
0.8203125,0.828125,0.8359375,0.84375,0.8515625,0.859375,0.8671875,0.87109375,
0.873046875,0.875,0.876953125,0.87890625,0.8828125,0.890625,0.8984375,0.90234375,
0.904296875,0.90625,0.908203125,0.91015625,0.9140625,0.921875,0.9296875,
0.93359375,0.935546875,0.9375,0.939453125,0.94140625,0.9453125,0.94921875,
0.951171875,0.953125,0.955078125,0.95703125,0.9609375,0.96484375,0.966796875,
0.96875,0.970703125,0.97265625,0.9765625,0.98046875,0.982421875,0.984375,
0.986328125,0.98828125,0.990234375,0.9921875,0.994140625,0.99609375,1.),
 .UNSPECIFIED.);
#47=B_SPLINE_CURVE_WITH_KNOTS('',3,(#6045,#6046,#6047,#6048,#6049,#6050,
#6051,#6052,#6053,#6054,#6055,#6056,#6057,#6058,#6059,#6060,#6061,#6062,
#6063,#6064,#6065,#6066,#6067,#6068,#6069,#6070,#6071,#6072,#6073,#6074,
#6075,#6076,#6077),.UNSPECIFIED.,.F.,.F.,(4,1,1,1,1,1,1,1,1,1,1,1,1,1,1,
1,1,1,1,1,1,1,1,1,1,1,1,1,1,1,4),(0.,0.03125,0.0625,0.09375,0.109375,0.125,
0.140625,0.15625,0.1875,0.21875,0.234375,0.25,0.265625,0.28125,0.3125,0.375,
0.4375,0.46875,0.484375,0.5,0.515625,0.53125,0.5625,0.625,0.6875,0.71875,
0.75,0.78125,0.8125,0.875,1.),.UNSPECIFIED.);
#48=B_SPLINE_CURVE_WITH_KNOTS('',3,(#6080,#6081,#6082,#6083,#6084,#6085,
#6086,#6087,#6088,#6089,#6090,#6091,#6092,#6093,#6094,#6095,#6096,#6097,
#6098,#6099,#6100,#6101,#6102,#6103,#6104,#6105,#6106,#6107,#6108,#6109,
#6110,#6111,#6112,#6113,#6114,#6115,#6116,#6117,#6118,#6119,#6120,#6121,
#6122,#6123,#6124,#6125,#6126,#6127,#6128,#6129,#6130,#6131,#6132,#6133),
 .UNSPECIFIED.,.F.,.F.,(4,1,1,1,1,1,1,1,1,1,1,1,1,1,1,1,1,1,1,1,1,1,1,1,
1,1,1,1,1,1,1,1,1,1,1,1,1,1,1,1,1,1,1,1,1,1,1,1,1,1,1,4),(0.,0.0312499971792343,
0.0468749957688515,0.0624999943584686,0.0781249929480858,0.0937499915377029,
0.10937499012732,0.117187489422129,0.124999988716937,0.132812488011746,
0.140624987306554,0.156249985896172,0.171874984485789,0.179687483780597,
0.187499983075406,0.195312482370214,0.203124981665023,0.21874998025464,
0.234374978844257,0.242187478139066,0.249999977433874,0.257812476728683,
0.265624976023492,0.281249974613109,0.296874973202726,0.304687472497534,
0.312499971792343,0.320312471087152,0.32812497038196,0.343749968971577,
0.359374967561195,0.367187466856003,0.374999966150812,0.38281246544562,
0.390624964740429,0.406249963330046,0.421874961919663,0.43749996050928,
0.453124959098897,0.468749957688515,0.484374956278132,0.499999954867749,
0.531249952046983,0.562499949226217,0.624999943584686,0.687499937943155,
0.749999932301623,0.781249929480858,0.812499926660092,0.874999921018561,
0.937499915377029,0.999999909735498),.UNSPECIFIED.);
#49=B_SPLINE_CURVE_WITH_KNOTS('',3,(#6135,#6136,#6137,#6138,#6139,#6140,
#6141,#6142,#6143,#6144,#6145,#6146,#6147,#6148,#6149,#6150,#6151,#6152,
#6153,#6154,#6155,#6156,#6157,#6158,#6159,#6160,#6161,#6162,#6163,#6164,
#6165,#6166,#6167,#6168,#6169,#6170,#6171,#6172,#6173,#6174,#6175,#6176,
#6177,#6178,#6179,#6180,#6181,#6182,#6183,#6184,#6185,#6186,#6187,#6188,
#6189,#6190,#6191,#6192,#6193,#6194,#6195,#6196,#6197,#6198,#6199,#6200,
#6201),.UNSPECIFIED.,.F.,.F.,(4,1,1,1,1,1,1,1,1,1,1,1,1,1,1,1,1,1,1,1,1,
1,1,1,1,1,1,1,1,1,1,1,1,1,1,1,1,1,1,1,1,1,1,1,1,1,1,1,1,1,1,1,1,1,1,1,1,
1,1,1,1,1,1,1,4),(0.,0.0625,0.125,0.15625,0.1875,0.21875,0.234375,0.2421875,
0.25,0.2578125,0.265625,0.28125,0.3125,0.34375,0.375,0.40625,0.4375,0.46875,
0.484375,0.4921875,0.5,0.5078125,0.515625,0.53125,0.5625,0.59375,0.609375,
0.6171875,0.625,0.6328125,0.640625,0.65625,0.6875,0.71875,0.734375,0.7421875,
0.75,0.7578125,0.765625,0.78125,0.796875,0.8046875,0.8125,0.8203125,0.828125,
0.84375,0.859375,0.8671875,0.87109375,0.875,0.87890625,0.8828125,0.890625,
0.90625,0.921875,0.9296875,0.93359375,0.9375,0.94140625,0.9453125,0.953125,
0.9609375,0.96875,0.984375,1.),.UNSPECIFIED.);
#50=B_SPLINE_CURVE_WITH_KNOTS('',3,(#6203,#6204,#6205,#6206,#6207,#6208,
#6209,#6210,#6211,#6212,#6213,#6214,#6215,#6216,#6217,#6218,#6219,#6220,
#6221,#6222,#6223,#6224,#6225,#6226,#6227,#6228,#6229,#6230,#6231,#6232,
#6233,#6234,#6235,#6236,#6237,#6238,#6239,#6240,#6241,#6242,#6243,#6244,
#6245,#6246,#6247,#6248,#6249,#6250,#6251,#6252,#6253,#6254,#6255,#6256,
#6257,#6258,#6259,#6260,#6261,#6262,#6263,#6264,#6265,#6266,#6267,#6268,
#6269,#6270,#6271,#6272,#6273,#6274,#6275,#6276,#6277,#6278,#6279,#6280,
#6281,#6282,#6283,#6284,#6285,#6286,#6287,#6288,#6289,#6290,#6291,#6292,
#6293,#6294,#6295,#6296,#6297,#6298,#6299,#6300,#6301,#6302,#6303,#6304,
#6305,#6306,#6307,#6308,#6309,#6310,#6311,#6312,#6313,#6314,#6315,#6316,
#6317,#6318,#6319,#6320,#6321,#6322,#6323,#6324,#6325,#6326,#6327,#6328,
#6329,#6330,#6331,#6332,#6333,#6334,#6335,#6336,#6337,#6338,#6339,#6340,
#6341,#6342,#6343,#6344,#6345,#6346,#6347,#6348,#6349,#6350,#6351,#6352,
#6353,#6354,#6355,#6356,#6357,#6358,#6359,#6360,#6361,#6362,#6363,#6364,
#6365,#6366,#6367,#6368,#6369,#6370,#6371,#6372,#6373,#6374,#6375,#6376,
#6377),.UNSPECIFIED.,.F.,.F.,(4,1,1,1,1,1,1,1,1,1,1,1,1,1,1,1,1,1,1,1,1,
1,1,1,1,1,1,1,1,1,1,1,1,1,1,1,1,1,1,1,1,1,1,1,1,1,1,1,1,1,1,1,1,1,1,1,1,
1,1,1,1,1,1,1,1,1,1,1,1,1,1,1,1,1,1,1,1,1,1,1,1,1,1,1,1,1,1,1,1,1,1,1,1,
1,1,1,1,1,1,1,1,1,1,1,1,1,1,1,1,1,1,1,1,1,1,1,1,1,1,1,1,1,1,1,1,1,1,1,1,
1,1,1,1,1,1,1,1,1,1,1,1,1,1,1,1,1,1,1,1,1,1,1,1,1,1,1,1,1,1,1,1,1,1,1,1,
1,1,1,1,1,1,1,4),(0.,0.00390625,0.005859375,0.0078125,0.009765625,0.01171875,
0.013671875,0.015625,0.017578125,0.01953125,0.0234375,0.02734375,0.029296875,
0.03125,0.033203125,0.03515625,0.0390625,0.041015625,0.04296875,0.046875,
0.0546875,0.05859375,0.060546875,0.0625,0.064453125,0.06640625,0.0703125,
0.078125,0.0859375,0.08984375,0.091796875,0.09375,0.095703125,0.09765625,
0.1015625,0.109375,0.1171875,0.12109375,0.123046875,0.125,0.126953125,0.12890625,
0.1328125,0.140625,0.1484375,0.15625,0.1640625,0.171875,0.1796875,0.18359375,
0.185546875,0.1875,0.189453125,0.19140625,0.1953125,0.203125,0.2109375,
0.21875,0.2265625,0.234375,0.2421875,0.24609375,0.248046875,0.25,0.251953125,
0.25390625,0.2578125,0.265625,0.2734375,0.28125,0.296875,0.3125,0.328125,
0.34375,0.3515625,0.359375,0.3671875,0.37109375,0.375,0.37890625,0.3828125,
0.390625,0.40625,0.421875,0.4375,0.46875,0.5,0.53125,0.5625,0.578125,0.59375,
0.609375,0.6171875,0.62109375,0.625,0.62890625,0.6328125,0.640625,0.6484375,
0.65625,0.671875,0.6875,0.703125,0.71875,0.7265625,0.734375,0.7421875,0.74609375,
0.748046875,0.75,0.751953125,0.75390625,0.7578125,0.765625,0.7734375,0.78125,
0.7890625,0.796875,0.8046875,0.80859375,0.810546875,0.8125,0.814453125,
0.81640625,0.8203125,0.828125,0.8359375,0.84375,0.8515625,0.859375,0.8671875,
0.87109375,0.873046875,0.875,0.876953125,0.87890625,0.8828125,0.890625,
0.8984375,0.90234375,0.904296875,0.90625,0.908203125,0.91015625,0.9140625,
0.921875,0.9296875,0.93359375,0.935546875,0.9375,0.939453125,0.94140625,
0.9453125,0.953125,0.95703125,0.958984375,0.9609375,0.96484375,0.966796875,
0.96875,0.970703125,0.97265625,0.9765625,0.98046875,0.982421875,0.984375,
0.986328125,0.98828125,0.990234375,0.9921875,0.994140625,0.99609375,1.),
 .UNSPECIFIED.);
#51=B_SPLINE_CURVE_WITH_KNOTS('',3,(#6434,#6435,#6436,#6437),
 .UNSPECIFIED.,.F.,.F.,(4,4),(0.,1.),.UNSPECIFIED.);
#52=B_SPLINE_CURVE_WITH_KNOTS('',3,(#6438,#6439,#6440,#6441),
 .UNSPECIFIED.,.F.,.F.,(4,4),(0.,1.),.UNSPECIFIED.);
#53=B_SPLINE_CURVE_WITH_KNOTS('',3,(#6562,#6563,#6564,#6565),
 .UNSPECIFIED.,.F.,.F.,(4,4),(0.,1.),.UNSPECIFIED.);
#54=B_SPLINE_CURVE_WITH_KNOTS('',3,(#6570,#6571,#6572,#6573),
 .UNSPECIFIED.,.F.,.F.,(4,4),(0.,1.),.UNSPECIFIED.);
#55=B_SPLINE_CURVE_WITH_KNOTS('',3,(#6574,#6575,#6576,#6577),
 .UNSPECIFIED.,.F.,.F.,(4,4),(0.,1.),.UNSPECIFIED.);
#56=B_SPLINE_CURVE_WITH_KNOTS('',3,(#6618,#6619,#6620,#6621),
 .UNSPECIFIED.,.F.,.F.,(4,4),(0.,1.),.UNSPECIFIED.);
#57=B_SPLINE_CURVE_WITH_KNOTS('',3,(#6694,#6695,#6696,#6697),
 .UNSPECIFIED.,.F.,.F.,(4,4),(7.42879682858498E-6,1.),.UNSPECIFIED.);
#58=B_SPLINE_CURVE_WITH_KNOTS('',3,(#6713,#6714,#6715,#6716),
 .UNSPECIFIED.,.F.,.F.,(4,4),(0.,1.),.UNSPECIFIED.);
#59=B_SPLINE_CURVE_WITH_KNOTS('',3,(#6892,#6893,#6894,#6895),
 .UNSPECIFIED.,.F.,.F.,(4,4),(0.,1.),.UNSPECIFIED.);
#60=B_SPLINE_CURVE_WITH_KNOTS('',3,(#6896,#6897,#6898,#6899),
 .UNSPECIFIED.,.F.,.F.,(4,4),(0.,1.),.UNSPECIFIED.);
#61=B_SPLINE_CURVE_WITH_KNOTS('',2,(#7091,#7092,#7093),.UNSPECIFIED.,.F.,
 .F.,(3,3),(0.,1.),.PIECEWISE_BEZIER_KNOTS.);
#62=B_SPLINE_CURVE_WITH_KNOTS('',2,(#7096,#7097,#7098),.UNSPECIFIED.,.F.,
 .F.,(3,3),(0.,1.),.PIECEWISE_BEZIER_KNOTS.);
#63=B_SPLINE_CURVE_WITH_KNOTS('',2,(#7100,#7101,#7102),.UNSPECIFIED.,.F.,
 .F.,(3,3),(0.,1.),.PIECEWISE_BEZIER_KNOTS.);
#64=B_SPLINE_CURVE_WITH_KNOTS('',2,(#7106,#7107,#7108),.UNSPECIFIED.,.F.,
 .F.,(3,3),(0.,1.),.PIECEWISE_BEZIER_KNOTS.);
#65=B_SPLINE_CURVE_WITH_KNOTS('',2,(#7110,#7111,#7112),.UNSPECIFIED.,.F.,
 .F.,(3,3),(0.,1.),.PIECEWISE_BEZIER_KNOTS.);
#66=B_SPLINE_CURVE_WITH_KNOTS('',2,(#7114,#7115,#7116),.UNSPECIFIED.,.F.,
 .F.,(3,3),(0.,1.),.PIECEWISE_BEZIER_KNOTS.);
#67=B_SPLINE_CURVE_WITH_KNOTS('',2,(#7118,#7119,#7120),.UNSPECIFIED.,.F.,
 .F.,(3,3),(0.,1.),.PIECEWISE_BEZIER_KNOTS.);
#68=B_SPLINE_CURVE_WITH_KNOTS('',2,(#7128,#7129,#7130),.UNSPECIFIED.,.F.,
 .F.,(3,3),(0.,1.),.PIECEWISE_BEZIER_KNOTS.);
#69=B_SPLINE_CURVE_WITH_KNOTS('',2,(#7132,#7133,#7134),.UNSPECIFIED.,.F.,
 .F.,(3,3),(0.,1.),.PIECEWISE_BEZIER_KNOTS.);
#70=B_SPLINE_CURVE_WITH_KNOTS('',2,(#7138,#7139,#7140),.UNSPECIFIED.,.F.,
 .F.,(3,3),(0.,1.),.PIECEWISE_BEZIER_KNOTS.);
#71=B_SPLINE_CURVE_WITH_KNOTS('',2,(#7142,#7143,#7144),.UNSPECIFIED.,.F.,
 .F.,(3,3),(0.,1.),.PIECEWISE_BEZIER_KNOTS.);
#72=B_SPLINE_CURVE_WITH_KNOTS('',2,(#7152,#7153,#7154),.UNSPECIFIED.,.F.,
 .F.,(3,3),(0.,1.),.PIECEWISE_BEZIER_KNOTS.);
#73=B_SPLINE_CURVE_WITH_KNOTS('',2,(#7207,#7208,#7209),.UNSPECIFIED.,.F.,
 .F.,(3,3),(0.,1.),.PIECEWISE_BEZIER_KNOTS.);
#74=B_SPLINE_CURVE_WITH_KNOTS('',2,(#7222,#7223,#7224),.UNSPECIFIED.,.F.,
 .F.,(3,3),(0.,1.),.PIECEWISE_BEZIER_KNOTS.);
#75=B_SPLINE_CURVE_WITH_KNOTS('',2,(#7235,#7236,#7237),.UNSPECIFIED.,.F.,
 .F.,(3,3),(0.,1.),.PIECEWISE_BEZIER_KNOTS.);
#76=B_SPLINE_CURVE_WITH_KNOTS('',2,(#7260,#7261,#7262),.UNSPECIFIED.,.F.,
 .F.,(3,3),(0.,1.),.PIECEWISE_BEZIER_KNOTS.);
#77=B_SPLINE_CURVE_WITH_KNOTS('',2,(#7273,#7274,#7275),.UNSPECIFIED.,.F.,
 .F.,(3,3),(0.,1.),.PIECEWISE_BEZIER_KNOTS.);
#78=B_SPLINE_CURVE_WITH_KNOTS('',2,(#7290,#7291,#7292),.UNSPECIFIED.,.F.,
 .F.,(3,3),(0.,1.),.PIECEWISE_BEZIER_KNOTS.);
#79=B_SPLINE_CURVE_WITH_KNOTS('',2,(#7303,#7304,#7305),.UNSPECIFIED.,.F.,
 .F.,(3,3),(0.,1.),.PIECEWISE_BEZIER_KNOTS.);
#80=B_SPLINE_CURVE_WITH_KNOTS('',2,(#7328,#7329,#7330),.UNSPECIFIED.,.F.,
 .F.,(3,3),(0.,1.),.PIECEWISE_BEZIER_KNOTS.);
#81=B_SPLINE_CURVE_WITH_KNOTS('',2,(#7341,#7342,#7343),.UNSPECIFIED.,.F.,
 .F.,(3,3),(0.,1.),.PIECEWISE_BEZIER_KNOTS.);
#82=B_SPLINE_CURVE_WITH_KNOTS('',2,(#7354,#7355,#7356),.UNSPECIFIED.,.F.,
 .F.,(3,3),(0.,1.),.PIECEWISE_BEZIER_KNOTS.);
#83=B_SPLINE_CURVE_WITH_KNOTS('',2,(#7367,#7368,#7369),.UNSPECIFIED.,.F.,
 .F.,(3,3),(0.,1.),.PIECEWISE_BEZIER_KNOTS.);
#84=B_SPLINE_CURVE_WITH_KNOTS('',2,(#7382,#7383,#7384),.UNSPECIFIED.,.F.,
 .F.,(3,3),(0.,1.),.PIECEWISE_BEZIER_KNOTS.);
#85=B_SPLINE_CURVE_WITH_KNOTS('',3,(#7501,#7502,#7503,#7504,#7505,#7506,
#7507,#7508,#7509,#7510,#7511,#7512,#7513,#7514,#7515,#7516,#7517,#7518,
#7519,#7520,#7521,#7522,#7523,#7524,#7525,#7526,#7527,#7528,#7529,#7530,
#7531,#7532,#7533,#7534,#7535,#7536,#7537,#7538,#7539,#7540,#7541,#7542,
#7543,#7544,#7545,#7546,#7547,#7548,#7549,#7550,#7551),.UNSPECIFIED.,.F.,
 .F.,(4,1,1,1,1,1,1,1,1,1,1,1,1,1,1,1,1,1,1,1,1,1,1,1,1,1,1,1,1,1,1,1,1,
1,1,1,1,1,1,1,1,1,1,1,1,1,1,1,4),(0.,0.0625,0.125,0.25,0.3125,0.375,0.40625,
0.4375,0.46875,0.484375,0.5,0.515625,0.53125,0.546875,0.5625,0.578125,0.59375,
0.609375,0.6171875,0.62109375,0.625,0.62890625,0.6328125,0.640625,0.65625,
0.671875,0.6875,0.703125,0.71875,0.734375,0.7421875,0.74609375,0.75,0.75390625,
0.7578125,0.765625,0.78125,0.796875,0.8125,0.84375,0.859375,0.8671875,0.875,
0.8828125,0.890625,0.90625,0.9375,0.96875,1.),.UNSPECIFIED.);
#86=B_SPLINE_CURVE_WITH_KNOTS('',3,(#7554,#7555,#7556,#7557,#7558,#7559,
#7560,#7561,#7562,#7563,#7564,#7565,#7566,#7567,#7568,#7569,#7570,#7571,
#7572,#7573,#7574,#7575,#7576,#7577,#7578,#7579,#7580,#7581,#7582,#7583,
#7584,#7585,#7586,#7587,#7588,#7589,#7590,#7591,#7592,#7593,#7594,#7595,
#7596,#7597,#7598,#7599,#7600,#7601),.UNSPECIFIED.,.F.,.F.,(4,1,1,1,1,1,
1,1,1,1,1,1,1,1,1,1,1,1,1,1,1,1,1,1,1,1,1,1,1,1,1,1,1,1,1,1,1,1,1,1,1,1,
1,1,1,4),(0.,0.03125,0.0625,0.078125,0.09375,0.109375,0.1171875,0.12109375,
0.125,0.12890625,0.1328125,0.140625,0.15625,0.1875,0.21875,0.234375,0.2421875,
0.24609375,0.25,0.25390625,0.2578125,0.265625,0.28125,0.296875,0.3125,0.34375,
0.375,0.40625,0.4375,0.46875,0.484375,0.4921875,0.5,0.5078125,0.515625,
0.53125,0.5625,0.59375,0.625,0.6875,0.71875,0.75,0.78125,0.8125,0.875,1.),
 .UNSPECIFIED.);
#87=B_SPLINE_CURVE_WITH_KNOTS('',3,(#7668,#7669,#7670,#7671,#7672,#7673,
#7674,#7675,#7676,#7677,#7678),.UNSPECIFIED.,.F.,.F.,(4,1,1,1,1,1,1,1,4),
(0.,0.125,0.25,0.375,0.5,0.625,0.75,0.875,1.),.UNSPECIFIED.);
#88=B_SPLINE_CURVE_WITH_KNOTS('',3,(#7732,#7733,#7734,#7735),
 .UNSPECIFIED.,.F.,.F.,(4,4),(0.,0.00389190086763497),.UNSPECIFIED.);
#89=B_SPLINE_CURVE_WITH_KNOTS('',3,(#7737,#7738,#7739,#7740,#7741,#7742,
#7743,#7744,#7745,#7746,#7747,#7748,#7749,#7750,#7751,#7752,#7753,#7754,
#7755,#7756,#7757,#7758,#7759,#7760,#7761,#7762,#7763,#7764,#7765,#7766,
#7767,#7768,#7769,#7770,#7771,#7772,#7773,#7774,#7775,#7776,#7777,#7778,
#7779,#7780,#7781,#7782,#7783,#7784,#7785,#7786,#7787,#7788,#7789,#7790,
#7791,#7792,#7793,#7794,#7795,#7796),.UNSPECIFIED.,.F.,.F.,(4,1,1,1,1,1,
1,1,1,1,1,1,1,1,1,1,1,1,1,1,1,1,1,1,1,1,1,1,1,1,1,1,1,1,1,1,1,1,1,1,1,1,
1,1,1,1,1,1,1,1,1,1,1,1,1,1,1,4),(0.,0.015625,0.03125,0.0390625,0.046875,
0.0546875,0.05859375,0.060546875,0.0625,0.064453125,0.06640625,0.0703125,
0.078125,0.0859375,0.09375,0.109375,0.1171875,0.12109375,0.125,0.12890625,
0.1328125,0.140625,0.15625,0.171875,0.1796875,0.1875,0.1953125,0.203125,
0.21875,0.234375,0.25,0.265625,0.28125,0.3125,0.375,0.40625,0.4375,0.46875,
0.5,0.53125,0.5625,0.59375,0.625,0.65625,0.6875,0.71875,0.734375,0.75,0.765625,
0.78125,0.8125,0.84375,0.859375,0.875,0.890625,0.90625,0.9375,1.),
 .UNSPECIFIED.);
#90=B_SPLINE_CURVE_WITH_KNOTS('',3,(#7798,#7799,#7800,#7801),
 .UNSPECIFIED.,.F.,.F.,(4,4),(0.,0.00380508059895873),.UNSPECIFIED.);
#91=B_SPLINE_CURVE_WITH_KNOTS('',3,(#7828,#7829,#7830,#7831),
 .UNSPECIFIED.,.F.,.F.,(4,4),(0.,1.),.UNSPECIFIED.);
#92=B_SPLINE_CURVE_WITH_KNOTS('',3,(#7837,#7838,#7839,#7840),
 .UNSPECIFIED.,.F.,.F.,(4,4),(0.,1.),.UNSPECIFIED.);
#93=B_SPLINE_CURVE_WITH_KNOTS('',3,(#7841,#7842,#7843,#7844),
 .UNSPECIFIED.,.F.,.F.,(4,4),(0.,1.),.UNSPECIFIED.);
#94=B_SPLINE_CURVE_WITH_KNOTS('',3,(#7916,#7917,#7918,#7919),
 .UNSPECIFIED.,.F.,.F.,(4,4),(0.,1.),.UNSPECIFIED.);
#95=B_SPLINE_CURVE_WITH_KNOTS('',3,(#7992,#7993,#7994,#7995),
 .UNSPECIFIED.,.F.,.F.,(4,4),(0.,1.),.UNSPECIFIED.);
#96=B_SPLINE_CURVE_WITH_KNOTS('',3,(#8012,#8013,#8014,#8015),
 .UNSPECIFIED.,.F.,.F.,(4,4),(0.,1.),.UNSPECIFIED.);
#97=SHAPE_REPRESENTATION_RELATIONSHIP('','',#3880,#101);
#98=SHAPE_REPRESENTATION_RELATIONSHIP('','',#3881,#102);
#99=SHAPE_REPRESENTATION_RELATIONSHIP('','',#3882,#103);
#100=SHAPE_REPRESENTATION_RELATIONSHIP('','',#3883,#104);
#101=ADVANCED_BREP_SHAPE_REPRESENTATION('',(#3872),#8083);
#102=ADVANCED_BREP_SHAPE_REPRESENTATION('',(#3873),#8084);
#103=ADVANCED_BREP_SHAPE_REPRESENTATION('',(#3874),#8085);
#104=ADVANCED_BREP_SHAPE_REPRESENTATION('',(#3875),#8086);
#105=ORIENTED_EDGE('',*,*,#1155,.T.);
#106=ORIENTED_EDGE('',*,*,#1156,.T.);
#107=ORIENTED_EDGE('',*,*,#1157,.T.);
#108=ORIENTED_EDGE('',*,*,#1158,.T.);
#109=ORIENTED_EDGE('',*,*,#1159,.T.);
#110=ORIENTED_EDGE('',*,*,#1160,.F.);
#111=ORIENTED_EDGE('',*,*,#1161,.T.);
#112=ORIENTED_EDGE('',*,*,#1162,.F.);
#113=ORIENTED_EDGE('',*,*,#1163,.T.);
#114=ORIENTED_EDGE('',*,*,#1164,.F.);
#115=ORIENTED_EDGE('',*,*,#1165,.T.);
#116=ORIENTED_EDGE('',*,*,#1166,.F.);
#117=ORIENTED_EDGE('',*,*,#1167,.T.);
#118=ORIENTED_EDGE('',*,*,#1168,.T.);
#119=ORIENTED_EDGE('',*,*,#1169,.T.);
#120=ORIENTED_EDGE('',*,*,#1170,.T.);
#121=ORIENTED_EDGE('',*,*,#1171,.T.);
#122=ORIENTED_EDGE('',*,*,#1172,.T.);
#123=ORIENTED_EDGE('',*,*,#1173,.T.);
#124=ORIENTED_EDGE('',*,*,#1174,.T.);
#125=ORIENTED_EDGE('',*,*,#1175,.T.);
#126=ORIENTED_EDGE('',*,*,#1176,.T.);
#127=ORIENTED_EDGE('',*,*,#1177,.T.);
#128=ORIENTED_EDGE('',*,*,#1178,.T.);
#129=ORIENTED_EDGE('',*,*,#1179,.T.);
#130=ORIENTED_EDGE('',*,*,#1180,.T.);
#131=ORIENTED_EDGE('',*,*,#1181,.T.);
#132=ORIENTED_EDGE('',*,*,#1182,.T.);
#133=ORIENTED_EDGE('',*,*,#1183,.T.);
#134=ORIENTED_EDGE('',*,*,#1184,.T.);
#135=ORIENTED_EDGE('',*,*,#1185,.T.);
#136=ORIENTED_EDGE('',*,*,#1186,.T.);
#137=ORIENTED_EDGE('',*,*,#1187,.T.);
#138=ORIENTED_EDGE('',*,*,#1188,.T.);
#139=ORIENTED_EDGE('',*,*,#1189,.T.);
#140=ORIENTED_EDGE('',*,*,#1190,.T.);
#141=ORIENTED_EDGE('',*,*,#1191,.T.);
#142=ORIENTED_EDGE('',*,*,#1192,.T.);
#143=ORIENTED_EDGE('',*,*,#1193,.T.);
#144=ORIENTED_EDGE('',*,*,#1194,.T.);
#145=ORIENTED_EDGE('',*,*,#1195,.T.);
#146=ORIENTED_EDGE('',*,*,#1196,.T.);
#147=ORIENTED_EDGE('',*,*,#1197,.T.);
#148=ORIENTED_EDGE('',*,*,#1198,.T.);
#149=ORIENTED_EDGE('',*,*,#1199,.T.);
#150=ORIENTED_EDGE('',*,*,#1200,.T.);
#151=ORIENTED_EDGE('',*,*,#1201,.T.);
#152=ORIENTED_EDGE('',*,*,#1202,.T.);
#153=ORIENTED_EDGE('',*,*,#1203,.T.);
#154=ORIENTED_EDGE('',*,*,#1204,.T.);
#155=ORIENTED_EDGE('',*,*,#1205,.T.);
#156=ORIENTED_EDGE('',*,*,#1206,.T.);
#157=ORIENTED_EDGE('',*,*,#1207,.F.);
#158=ORIENTED_EDGE('',*,*,#1155,.F.);
#159=ORIENTED_EDGE('',*,*,#1208,.F.);
#160=ORIENTED_EDGE('',*,*,#1202,.F.);
#161=ORIENTED_EDGE('',*,*,#1209,.F.);
#162=ORIENTED_EDGE('',*,*,#1207,.T.);
#163=ORIENTED_EDGE('',*,*,#1210,.F.);
#164=ORIENTED_EDGE('',*,*,#1211,.F.);
#165=ORIENTED_EDGE('',*,*,#1208,.T.);
#166=ORIENTED_EDGE('',*,*,#1212,.F.);
#167=ORIENTED_EDGE('',*,*,#1210,.T.);
#168=ORIENTED_EDGE('',*,*,#1201,.F.);
#169=ORIENTED_EDGE('',*,*,#1213,.F.);
#170=ORIENTED_EDGE('',*,*,#1191,.F.);
#171=ORIENTED_EDGE('',*,*,#1209,.T.);
#172=ORIENTED_EDGE('',*,*,#1194,.F.);
#173=ORIENTED_EDGE('',*,*,#1214,.F.);
#174=ORIENTED_EDGE('',*,*,#1156,.F.);
#175=ORIENTED_EDGE('',*,*,#1215,.F.);
#176=ORIENTED_EDGE('',*,*,#1157,.F.);
#177=ORIENTED_EDGE('',*,*,#1216,.F.);
#178=ORIENTED_EDGE('',*,*,#1198,.F.);
#179=ORIENTED_EDGE('',*,*,#1212,.T.);
#180=ORIENTED_EDGE('',*,*,#1158,.F.);
#181=ORIENTED_EDGE('',*,*,#1217,.F.);
#182=ORIENTED_EDGE('',*,*,#1190,.F.);
#183=ORIENTED_EDGE('',*,*,#1211,.T.);
#184=ORIENTED_EDGE('',*,*,#1189,.F.);
#185=ORIENTED_EDGE('',*,*,#1218,.F.);
#186=ORIENTED_EDGE('',*,*,#1199,.F.);
#187=ORIENTED_EDGE('',*,*,#1219,.F.);
#188=ORIENTED_EDGE('',*,*,#1200,.F.);
#189=ORIENTED_EDGE('',*,*,#1220,.F.);
#190=ORIENTED_EDGE('',*,*,#1205,.F.);
#191=ORIENTED_EDGE('',*,*,#1213,.T.);
#192=ORIENTED_EDGE('',*,*,#1219,.T.);
#193=ORIENTED_EDGE('',*,*,#1221,.F.);
#194=ORIENTED_EDGE('',*,*,#1216,.T.);
#195=ORIENTED_EDGE('',*,*,#1214,.T.);
#196=ORIENTED_EDGE('',*,*,#1222,.F.);
#197=ORIENTED_EDGE('',*,*,#1217,.T.);
#198=ORIENTED_EDGE('',*,*,#1215,.T.);
#199=ORIENTED_EDGE('',*,*,#1223,.F.);
#200=ORIENTED_EDGE('',*,*,#1220,.T.);
#201=ORIENTED_EDGE('',*,*,#1218,.T.);
#202=ORIENTED_EDGE('',*,*,#1224,.F.);
#203=ORIENTED_EDGE('',*,*,#1221,.T.);
#204=ORIENTED_EDGE('',*,*,#1204,.F.);
#205=ORIENTED_EDGE('',*,*,#1225,.F.);
#206=ORIENTED_EDGE('',*,*,#1192,.F.);
#207=ORIENTED_EDGE('',*,*,#1222,.T.);
#208=ORIENTED_EDGE('',*,*,#1193,.F.);
#209=ORIENTED_EDGE('',*,*,#1226,.F.);
#210=ORIENTED_EDGE('',*,*,#1195,.F.);
#211=ORIENTED_EDGE('',*,*,#1223,.T.);
#212=ORIENTED_EDGE('',*,*,#1197,.F.);
#213=ORIENTED_EDGE('',*,*,#1227,.F.);
#214=ORIENTED_EDGE('',*,*,#1187,.F.);
#215=ORIENTED_EDGE('',*,*,#1224,.T.);
#216=ORIENTED_EDGE('',*,*,#1188,.F.);
#217=ORIENTED_EDGE('',*,*,#1228,.F.);
#218=ORIENTED_EDGE('',*,*,#1206,.F.);
#219=ORIENTED_EDGE('',*,*,#1226,.T.);
#220=ORIENTED_EDGE('',*,*,#1225,.T.);
#221=ORIENTED_EDGE('',*,*,#1229,.F.);
#222=ORIENTED_EDGE('',*,*,#1228,.T.);
#223=ORIENTED_EDGE('',*,*,#1227,.T.);
#224=ORIENTED_EDGE('',*,*,#1230,.F.);
#225=ORIENTED_EDGE('',*,*,#1229,.T.);
#226=ORIENTED_EDGE('',*,*,#1203,.F.);
#227=ORIENTED_EDGE('',*,*,#1230,.T.);
#228=ORIENTED_EDGE('',*,*,#1196,.F.);
#229=ORIENTED_EDGE('',*,*,#1231,.F.);
#230=ORIENTED_EDGE('',*,*,#1161,.F.);
#231=ORIENTED_EDGE('',*,*,#1232,.F.);
#232=ORIENTED_EDGE('',*,*,#1186,.F.);
#233=ORIENTED_EDGE('',*,*,#1162,.T.);
#234=ORIENTED_EDGE('',*,*,#1231,.T.);
#235=ORIENTED_EDGE('',*,*,#1233,.F.);
#236=ORIENTED_EDGE('',*,*,#1234,.F.);
#237=ORIENTED_EDGE('',*,*,#1160,.T.);
#238=ORIENTED_EDGE('',*,*,#1235,.F.);
#239=ORIENTED_EDGE('',*,*,#1236,.F.);
#240=ORIENTED_EDGE('',*,*,#1232,.T.);
#241=ORIENTED_EDGE('',*,*,#1233,.T.);
#242=ORIENTED_EDGE('',*,*,#1185,.F.);
#243=ORIENTED_EDGE('',*,*,#1237,.F.);
#244=ORIENTED_EDGE('',*,*,#1179,.F.);
#245=ORIENTED_EDGE('',*,*,#1234,.T.);
#246=ORIENTED_EDGE('',*,*,#1182,.F.);
#247=ORIENTED_EDGE('',*,*,#1238,.F.);
#248=ORIENTED_EDGE('',*,*,#1163,.F.);
#249=ORIENTED_EDGE('',*,*,#1239,.F.);
#250=ORIENTED_EDGE('',*,*,#1165,.F.);
#251=ORIENTED_EDGE('',*,*,#1240,.F.);
#252=ORIENTED_EDGE('',*,*,#1178,.F.);
#253=ORIENTED_EDGE('',*,*,#1235,.T.);
#254=ORIENTED_EDGE('',*,*,#1159,.F.);
#255=ORIENTED_EDGE('',*,*,#1241,.F.);
#256=ORIENTED_EDGE('',*,*,#1174,.F.);
#257=ORIENTED_EDGE('',*,*,#1236,.T.);
#258=ORIENTED_EDGE('',*,*,#1173,.F.);
#259=ORIENTED_EDGE('',*,*,#1242,.F.);
#260=ORIENTED_EDGE('',*,*,#1183,.F.);
#261=ORIENTED_EDGE('',*,*,#1243,.F.);
#262=ORIENTED_EDGE('',*,*,#1184,.F.);
#263=ORIENTED_EDGE('',*,*,#1244,.F.);
#264=ORIENTED_EDGE('',*,*,#1167,.F.);
#265=ORIENTED_EDGE('',*,*,#1237,.T.);
#266=ORIENTED_EDGE('',*,*,#1243,.T.);
#267=ORIENTED_EDGE('',*,*,#1245,.F.);
#268=ORIENTED_EDGE('',*,*,#1164,.T.);
#269=ORIENTED_EDGE('',*,*,#1238,.T.);
#270=ORIENTED_EDGE('',*,*,#1246,.F.);
#271=ORIENTED_EDGE('',*,*,#1240,.T.);
#272=ORIENTED_EDGE('',*,*,#1166,.T.);
#273=ORIENTED_EDGE('',*,*,#1239,.T.);
#274=ORIENTED_EDGE('',*,*,#1247,.F.);
#275=ORIENTED_EDGE('',*,*,#1241,.T.);
#276=ORIENTED_EDGE('',*,*,#1244,.T.);
#277=ORIENTED_EDGE('',*,*,#1242,.T.);
#278=ORIENTED_EDGE('',*,*,#1248,.F.);
#279=ORIENTED_EDGE('',*,*,#1245,.T.);
#280=ORIENTED_EDGE('',*,*,#1170,.F.);
#281=ORIENTED_EDGE('',*,*,#1249,.F.);
#282=ORIENTED_EDGE('',*,*,#1180,.F.);
#283=ORIENTED_EDGE('',*,*,#1246,.T.);
#284=ORIENTED_EDGE('',*,*,#1181,.F.);
#285=ORIENTED_EDGE('',*,*,#1250,.F.);
#286=ORIENTED_EDGE('',*,*,#1175,.F.);
#287=ORIENTED_EDGE('',*,*,#1247,.T.);
#288=ORIENTED_EDGE('',*,*,#1177,.F.);
#289=ORIENTED_EDGE('',*,*,#1251,.F.);
#290=ORIENTED_EDGE('',*,*,#1171,.F.);
#291=ORIENTED_EDGE('',*,*,#1248,.T.);
#292=ORIENTED_EDGE('',*,*,#1172,.F.);
#293=ORIENTED_EDGE('',*,*,#1252,.F.);
#294=ORIENTED_EDGE('',*,*,#1168,.F.);
#295=ORIENTED_EDGE('',*,*,#1250,.T.);
#296=ORIENTED_EDGE('',*,*,#1249,.T.);
#297=ORIENTED_EDGE('',*,*,#1253,.F.);
#298=ORIENTED_EDGE('',*,*,#1252,.T.);
#299=ORIENTED_EDGE('',*,*,#1251,.T.);
#300=ORIENTED_EDGE('',*,*,#1254,.F.);
#301=ORIENTED_EDGE('',*,*,#1253,.T.);
#302=ORIENTED_EDGE('',*,*,#1169,.F.);
#303=ORIENTED_EDGE('',*,*,#1254,.T.);
#304=ORIENTED_EDGE('',*,*,#1176,.F.);
#305=ORIENTED_EDGE('',*,*,#1255,.T.);
#306=ORIENTED_EDGE('',*,*,#1256,.T.);
#307=ORIENTED_EDGE('',*,*,#1257,.T.);
#308=ORIENTED_EDGE('',*,*,#1258,.T.);
#309=ORIENTED_EDGE('',*,*,#1259,.T.);
#310=ORIENTED_EDGE('',*,*,#1260,.T.);
#311=ORIENTED_EDGE('',*,*,#1261,.T.);
#312=ORIENTED_EDGE('',*,*,#1262,.T.);
#313=ORIENTED_EDGE('',*,*,#1263,.T.);
#314=ORIENTED_EDGE('',*,*,#1264,.T.);
#315=ORIENTED_EDGE('',*,*,#1265,.F.);
#316=ORIENTED_EDGE('',*,*,#1266,.F.);
#317=ORIENTED_EDGE('',*,*,#1267,.T.);
#318=ORIENTED_EDGE('',*,*,#1268,.F.);
#319=ORIENTED_EDGE('',*,*,#1269,.F.);
#320=ORIENTED_EDGE('',*,*,#1270,.T.);
#321=ORIENTED_EDGE('',*,*,#1271,.F.);
#322=ORIENTED_EDGE('',*,*,#1272,.F.);
#323=ORIENTED_EDGE('',*,*,#1273,.T.);
#324=ORIENTED_EDGE('',*,*,#1274,.F.);
#325=ORIENTED_EDGE('',*,*,#1275,.F.);
#326=ORIENTED_EDGE('',*,*,#1276,.T.);
#327=ORIENTED_EDGE('',*,*,#1277,.T.);
#328=ORIENTED_EDGE('',*,*,#1278,.T.);
#329=ORIENTED_EDGE('',*,*,#1279,.T.);
#330=ORIENTED_EDGE('',*,*,#1280,.T.);
#331=ORIENTED_EDGE('',*,*,#1281,.T.);
#332=ORIENTED_EDGE('',*,*,#1282,.T.);
#333=ORIENTED_EDGE('',*,*,#1283,.T.);
#334=ORIENTED_EDGE('',*,*,#1284,.T.);
#335=ORIENTED_EDGE('',*,*,#1285,.T.);
#336=ORIENTED_EDGE('',*,*,#1286,.T.);
#337=ORIENTED_EDGE('',*,*,#1287,.T.);
#338=ORIENTED_EDGE('',*,*,#1288,.T.);
#339=ORIENTED_EDGE('',*,*,#1289,.T.);
#340=ORIENTED_EDGE('',*,*,#1290,.T.);
#341=ORIENTED_EDGE('',*,*,#1291,.T.);
#342=ORIENTED_EDGE('',*,*,#1292,.T.);
#343=ORIENTED_EDGE('',*,*,#1293,.T.);
#344=ORIENTED_EDGE('',*,*,#1294,.T.);
#345=ORIENTED_EDGE('',*,*,#1295,.T.);
#346=ORIENTED_EDGE('',*,*,#1296,.T.);
#347=ORIENTED_EDGE('',*,*,#1297,.T.);
#348=ORIENTED_EDGE('',*,*,#1298,.T.);
#349=ORIENTED_EDGE('',*,*,#1299,.T.);
#350=ORIENTED_EDGE('',*,*,#1300,.T.);
#351=ORIENTED_EDGE('',*,*,#1301,.T.);
#352=ORIENTED_EDGE('',*,*,#1302,.T.);
#353=ORIENTED_EDGE('',*,*,#1303,.T.);
#354=ORIENTED_EDGE('',*,*,#1304,.T.);
#355=ORIENTED_EDGE('',*,*,#1305,.T.);
#356=ORIENTED_EDGE('',*,*,#1306,.T.);
#357=ORIENTED_EDGE('',*,*,#1307,.T.);
#358=ORIENTED_EDGE('',*,*,#1308,.T.);
#359=ORIENTED_EDGE('',*,*,#1309,.T.);
#360=ORIENTED_EDGE('',*,*,#1310,.T.);
#361=ORIENTED_EDGE('',*,*,#1311,.T.);
#362=ORIENTED_EDGE('',*,*,#1312,.T.);
#363=ORIENTED_EDGE('',*,*,#1282,.F.);
#364=ORIENTED_EDGE('',*,*,#1313,.T.);
#365=ORIENTED_EDGE('',*,*,#1314,.T.);
#366=ORIENTED_EDGE('',*,*,#1315,.T.);
#367=ORIENTED_EDGE('',*,*,#1316,.T.);
#368=ORIENTED_EDGE('',*,*,#1317,.T.);
#369=ORIENTED_EDGE('',*,*,#1318,.T.);
#370=ORIENTED_EDGE('',*,*,#1319,.T.);
#371=ORIENTED_EDGE('',*,*,#1320,.T.);
#372=ORIENTED_EDGE('',*,*,#1321,.T.);
#373=ORIENTED_EDGE('',*,*,#1322,.T.);
#374=ORIENTED_EDGE('',*,*,#1323,.T.);
#375=ORIENTED_EDGE('',*,*,#1324,.T.);
#376=ORIENTED_EDGE('',*,*,#1325,.T.);
#377=ORIENTED_EDGE('',*,*,#1326,.F.);
#378=ORIENTED_EDGE('',*,*,#1261,.F.);
#379=ORIENTED_EDGE('',*,*,#1327,.F.);
#380=ORIENTED_EDGE('',*,*,#1324,.F.);
#381=ORIENTED_EDGE('',*,*,#1327,.T.);
#382=ORIENTED_EDGE('',*,*,#1260,.F.);
#383=ORIENTED_EDGE('',*,*,#1328,.F.);
#384=ORIENTED_EDGE('',*,*,#1325,.F.);
#385=ORIENTED_EDGE('',*,*,#1329,.F.);
#386=ORIENTED_EDGE('',*,*,#1284,.F.);
#387=ORIENTED_EDGE('',*,*,#1330,.F.);
#388=ORIENTED_EDGE('',*,*,#1326,.T.);
#389=ORIENTED_EDGE('',*,*,#1331,.F.);
#390=ORIENTED_EDGE('',*,*,#1313,.F.);
#391=ORIENTED_EDGE('',*,*,#1332,.F.);
#392=ORIENTED_EDGE('',*,*,#1314,.F.);
#393=ORIENTED_EDGE('',*,*,#1333,.F.);
#394=ORIENTED_EDGE('',*,*,#1331,.T.);
#395=ORIENTED_EDGE('',*,*,#1334,.F.);
#396=ORIENTED_EDGE('',*,*,#1330,.T.);
#397=ORIENTED_EDGE('',*,*,#1283,.F.);
#398=ORIENTED_EDGE('',*,*,#1335,.F.);
#399=ORIENTED_EDGE('',*,*,#1262,.F.);
#400=ORIENTED_EDGE('',*,*,#1328,.T.);
#401=ORIENTED_EDGE('',*,*,#1259,.F.);
#402=ORIENTED_EDGE('',*,*,#1336,.F.);
#403=ORIENTED_EDGE('',*,*,#1322,.F.);
#404=ORIENTED_EDGE('',*,*,#1329,.T.);
#405=ORIENTED_EDGE('',*,*,#1323,.F.);
#406=ORIENTED_EDGE('',*,*,#1337,.F.);
#407=ORIENTED_EDGE('',*,*,#1277,.F.);
#408=ORIENTED_EDGE('',*,*,#1332,.T.);
#409=ORIENTED_EDGE('',*,*,#1281,.F.);
#410=ORIENTED_EDGE('',*,*,#1338,.F.);
#411=ORIENTED_EDGE('',*,*,#1315,.F.);
#412=ORIENTED_EDGE('',*,*,#1339,.F.);
#413=ORIENTED_EDGE('',*,*,#1316,.F.);
#414=ORIENTED_EDGE('',*,*,#1340,.F.);
#415=ORIENTED_EDGE('',*,*,#1318,.F.);
#416=ORIENTED_EDGE('',*,*,#1334,.T.);
#417=ORIENTED_EDGE('',*,*,#1317,.F.);
#418=ORIENTED_EDGE('',*,*,#1341,.F.);
#419=ORIENTED_EDGE('',*,*,#1309,.F.);
#420=ORIENTED_EDGE('',*,*,#1333,.T.);
#421=ORIENTED_EDGE('',*,*,#1308,.F.);
#422=ORIENTED_EDGE('',*,*,#1342,.F.);
#423=ORIENTED_EDGE('',*,*,#1311,.F.);
#424=ORIENTED_EDGE('',*,*,#1335,.T.);
#425=ORIENTED_EDGE('',*,*,#1312,.F.);
#426=ORIENTED_EDGE('',*,*,#1343,.F.);
#427=ORIENTED_EDGE('',*,*,#1255,.F.);
#428=ORIENTED_EDGE('',*,*,#1337,.T.);
#429=ORIENTED_EDGE('',*,*,#1336,.T.);
#430=ORIENTED_EDGE('',*,*,#1344,.F.);
#431=ORIENTED_EDGE('',*,*,#1278,.F.);
#432=ORIENTED_EDGE('',*,*,#1340,.T.);
#433=ORIENTED_EDGE('',*,*,#1338,.T.);
#434=ORIENTED_EDGE('',*,*,#1345,.F.);
#435=ORIENTED_EDGE('',*,*,#1341,.T.);
#436=ORIENTED_EDGE('',*,*,#1339,.T.);
#437=ORIENTED_EDGE('',*,*,#1346,.F.);
#438=ORIENTED_EDGE('',*,*,#1343,.T.);
#439=ORIENTED_EDGE('',*,*,#1342,.T.);
#440=ORIENTED_EDGE('',*,*,#1347,.F.);
#441=ORIENTED_EDGE('',*,*,#1344,.T.);
#442=ORIENTED_EDGE('',*,*,#1258,.F.);
#443=ORIENTED_EDGE('',*,*,#1348,.F.);
#444=ORIENTED_EDGE('',*,*,#1279,.F.);
#445=ORIENTED_EDGE('',*,*,#1345,.T.);
#446=ORIENTED_EDGE('',*,*,#1280,.F.);
#447=ORIENTED_EDGE('',*,*,#1349,.F.);
#448=ORIENTED_EDGE('',*,*,#1319,.F.);
#449=ORIENTED_EDGE('',*,*,#1346,.T.);
#450=ORIENTED_EDGE('',*,*,#1321,.F.);
#451=ORIENTED_EDGE('',*,*,#1350,.F.);
#452=ORIENTED_EDGE('',*,*,#1310,.F.);
#453=ORIENTED_EDGE('',*,*,#1347,.T.);
#454=ORIENTED_EDGE('',*,*,#1307,.F.);
#455=ORIENTED_EDGE('',*,*,#1351,.F.);
#456=ORIENTED_EDGE('',*,*,#1256,.F.);
#457=ORIENTED_EDGE('',*,*,#1349,.T.);
#458=ORIENTED_EDGE('',*,*,#1348,.T.);
#459=ORIENTED_EDGE('',*,*,#1352,.F.);
#460=ORIENTED_EDGE('',*,*,#1351,.T.);
#461=ORIENTED_EDGE('',*,*,#1350,.T.);
#462=ORIENTED_EDGE('',*,*,#1353,.F.);
#463=ORIENTED_EDGE('',*,*,#1352,.T.);
#464=ORIENTED_EDGE('',*,*,#1257,.F.);
#465=ORIENTED_EDGE('',*,*,#1353,.T.);
#466=ORIENTED_EDGE('',*,*,#1320,.F.);
#467=ORIENTED_EDGE('',*,*,#1354,.F.);
#468=ORIENTED_EDGE('',*,*,#1293,.F.);
#469=ORIENTED_EDGE('',*,*,#1355,.F.);
#470=ORIENTED_EDGE('',*,*,#1285,.F.);
#471=ORIENTED_EDGE('',*,*,#1356,.F.);
#472=ORIENTED_EDGE('',*,*,#1354,.T.);
#473=ORIENTED_EDGE('',*,*,#1357,.F.);
#474=ORIENTED_EDGE('',*,*,#1358,.F.);
#475=ORIENTED_EDGE('',*,*,#1355,.T.);
#476=ORIENTED_EDGE('',*,*,#1359,.F.);
#477=ORIENTED_EDGE('',*,*,#1357,.T.);
#478=ORIENTED_EDGE('',*,*,#1288,.F.);
#479=ORIENTED_EDGE('',*,*,#1360,.F.);
#480=ORIENTED_EDGE('',*,*,#1303,.F.);
#481=ORIENTED_EDGE('',*,*,#1356,.T.);
#482=ORIENTED_EDGE('',*,*,#1306,.F.);
#483=ORIENTED_EDGE('',*,*,#1361,.F.);
#484=ORIENTED_EDGE('',*,*,#1294,.F.);
#485=ORIENTED_EDGE('',*,*,#1362,.F.);
#486=ORIENTED_EDGE('',*,*,#1291,.F.);
#487=ORIENTED_EDGE('',*,*,#1363,.F.);
#488=ORIENTED_EDGE('',*,*,#1267,.F.);
#489=ORIENTED_EDGE('',*,*,#1359,.T.);
#490=ORIENTED_EDGE('',*,*,#1292,.F.);
#491=ORIENTED_EDGE('',*,*,#1364,.F.);
#492=ORIENTED_EDGE('',*,*,#1298,.F.);
#493=ORIENTED_EDGE('',*,*,#1358,.T.);
#494=ORIENTED_EDGE('',*,*,#1297,.F.);
#495=ORIENTED_EDGE('',*,*,#1365,.F.);
#496=ORIENTED_EDGE('',*,*,#1286,.F.);
#497=ORIENTED_EDGE('',*,*,#1366,.F.);
#498=ORIENTED_EDGE('',*,*,#1287,.F.);
#499=ORIENTED_EDGE('',*,*,#1367,.F.);
#500=ORIENTED_EDGE('',*,*,#1299,.F.);
#501=ORIENTED_EDGE('',*,*,#1360,.T.);
#502=ORIENTED_EDGE('',*,*,#1366,.T.);
#503=ORIENTED_EDGE('',*,*,#1368,.F.);
#504=ORIENTED_EDGE('',*,*,#1363,.T.);
#505=ORIENTED_EDGE('',*,*,#1361,.T.);
#506=ORIENTED_EDGE('',*,*,#1369,.F.);
#507=ORIENTED_EDGE('',*,*,#1269,.T.);
#508=ORIENTED_EDGE('',*,*,#1268,.T.);
#509=ORIENTED_EDGE('',*,*,#1266,.T.);
#510=ORIENTED_EDGE('',*,*,#1265,.T.);
#511=ORIENTED_EDGE('',*,*,#1370,.F.);
#512=ORIENTED_EDGE('',*,*,#1364,.T.);
#513=ORIENTED_EDGE('',*,*,#1362,.T.);
#514=ORIENTED_EDGE('',*,*,#1367,.T.);
#515=ORIENTED_EDGE('',*,*,#1365,.T.);
#516=ORIENTED_EDGE('',*,*,#1371,.F.);
#517=ORIENTED_EDGE('',*,*,#1368,.T.);
#518=ORIENTED_EDGE('',*,*,#1302,.F.);
#519=ORIENTED_EDGE('',*,*,#1372,.F.);
#520=ORIENTED_EDGE('',*,*,#1304,.F.);
#521=ORIENTED_EDGE('',*,*,#1369,.T.);
#522=ORIENTED_EDGE('',*,*,#1305,.F.);
#523=ORIENTED_EDGE('',*,*,#1373,.F.);
#524=ORIENTED_EDGE('',*,*,#1270,.F.);
#525=ORIENTED_EDGE('',*,*,#1370,.T.);
#526=ORIENTED_EDGE('',*,*,#1276,.F.);
#527=ORIENTED_EDGE('',*,*,#1374,.F.);
#528=ORIENTED_EDGE('',*,*,#1295,.F.);
#529=ORIENTED_EDGE('',*,*,#1371,.T.);
#530=ORIENTED_EDGE('',*,*,#1296,.F.);
#531=ORIENTED_EDGE('',*,*,#1375,.F.);
#532=ORIENTED_EDGE('',*,*,#1300,.F.);
#533=ORIENTED_EDGE('',*,*,#1373,.T.);
#534=ORIENTED_EDGE('',*,*,#1372,.T.);
#535=ORIENTED_EDGE('',*,*,#1376,.F.);
#536=ORIENTED_EDGE('',*,*,#1272,.T.);
#537=ORIENTED_EDGE('',*,*,#1271,.T.);
#538=ORIENTED_EDGE('',*,*,#1275,.T.);
#539=ORIENTED_EDGE('',*,*,#1274,.T.);
#540=ORIENTED_EDGE('',*,*,#1377,.F.);
#541=ORIENTED_EDGE('',*,*,#1375,.T.);
#542=ORIENTED_EDGE('',*,*,#1374,.T.);
#543=ORIENTED_EDGE('',*,*,#1376,.T.);
#544=ORIENTED_EDGE('',*,*,#1301,.F.);
#545=ORIENTED_EDGE('',*,*,#1377,.T.);
#546=ORIENTED_EDGE('',*,*,#1273,.F.);
#547=ORIENTED_EDGE('',*,*,#1378,.F.);
#548=ORIENTED_EDGE('',*,*,#1289,.F.);
#549=ORIENTED_EDGE('',*,*,#1379,.F.);
#550=ORIENTED_EDGE('',*,*,#1263,.F.);
#551=ORIENTED_EDGE('',*,*,#1379,.T.);
#552=ORIENTED_EDGE('',*,*,#1290,.F.);
#553=ORIENTED_EDGE('',*,*,#1378,.T.);
#554=ORIENTED_EDGE('',*,*,#1264,.F.);
#555=ORIENTED_EDGE('',*,*,#1380,.F.);
#556=ORIENTED_EDGE('',*,*,#1381,.F.);
#557=ORIENTED_EDGE('',*,*,#1382,.F.);
#558=ORIENTED_EDGE('',*,*,#1383,.F.);
#559=ORIENTED_EDGE('',*,*,#1384,.F.);
#560=ORIENTED_EDGE('',*,*,#1383,.T.);
#561=ORIENTED_EDGE('',*,*,#1385,.F.);
#562=ORIENTED_EDGE('',*,*,#1386,.F.);
#563=ORIENTED_EDGE('',*,*,#1387,.F.);
#564=ORIENTED_EDGE('',*,*,#1388,.F.);
#565=ORIENTED_EDGE('',*,*,#1389,.T.);
#566=ORIENTED_EDGE('',*,*,#1390,.F.);
#567=ORIENTED_EDGE('',*,*,#1381,.T.);
#568=ORIENTED_EDGE('',*,*,#1391,.T.);
#569=ORIENTED_EDGE('',*,*,#1392,.F.);
#570=ORIENTED_EDGE('',*,*,#1393,.T.);
#571=ORIENTED_EDGE('',*,*,#1394,.T.);
#572=ORIENTED_EDGE('',*,*,#1392,.T.);
#573=ORIENTED_EDGE('',*,*,#1395,.T.);
#574=ORIENTED_EDGE('',*,*,#1396,.F.);
#575=ORIENTED_EDGE('',*,*,#1393,.F.);
#576=ORIENTED_EDGE('',*,*,#1394,.F.);
#577=ORIENTED_EDGE('',*,*,#1397,.F.);
#578=ORIENTED_EDGE('',*,*,#1398,.F.);
#579=ORIENTED_EDGE('',*,*,#1385,.T.);
#580=ORIENTED_EDGE('',*,*,#1382,.T.);
#581=ORIENTED_EDGE('',*,*,#1399,.F.);
#582=ORIENTED_EDGE('',*,*,#1388,.T.);
#583=ORIENTED_EDGE('',*,*,#1400,.T.);
#584=ORIENTED_EDGE('',*,*,#1401,.F.);
#585=ORIENTED_EDGE('',*,*,#1390,.T.);
#586=ORIENTED_EDGE('',*,*,#1402,.T.);
#587=ORIENTED_EDGE('',*,*,#1403,.T.);
#588=ORIENTED_EDGE('',*,*,#1404,.T.);
#589=ORIENTED_EDGE('',*,*,#1405,.F.);
#590=ORIENTED_EDGE('',*,*,#1406,.F.);
#591=ORIENTED_EDGE('',*,*,#1407,.T.);
#592=ORIENTED_EDGE('',*,*,#1408,.F.);
#593=ORIENTED_EDGE('',*,*,#1386,.T.);
#594=ORIENTED_EDGE('',*,*,#1398,.T.);
#595=ORIENTED_EDGE('',*,*,#1409,.F.);
#596=ORIENTED_EDGE('',*,*,#1410,.F.);
#597=ORIENTED_EDGE('',*,*,#1411,.T.);
#598=ORIENTED_EDGE('',*,*,#1412,.T.);
#599=ORIENTED_EDGE('',*,*,#1407,.F.);
#600=ORIENTED_EDGE('',*,*,#1413,.F.);
#601=ORIENTED_EDGE('',*,*,#1411,.F.);
#602=ORIENTED_EDGE('',*,*,#1414,.T.);
#603=ORIENTED_EDGE('',*,*,#1415,.T.);
#604=ORIENTED_EDGE('',*,*,#1416,.F.);
#605=ORIENTED_EDGE('',*,*,#1417,.F.);
#606=ORIENTED_EDGE('',*,*,#1418,.F.);
#607=ORIENTED_EDGE('',*,*,#1419,.T.);
#608=ORIENTED_EDGE('',*,*,#1420,.T.);
#609=ORIENTED_EDGE('',*,*,#1421,.T.);
#610=ORIENTED_EDGE('',*,*,#1422,.T.);
#611=ORIENTED_EDGE('',*,*,#1423,.T.);
#612=ORIENTED_EDGE('',*,*,#1424,.T.);
#613=ORIENTED_EDGE('',*,*,#1425,.T.);
#614=ORIENTED_EDGE('',*,*,#1426,.T.);
#615=ORIENTED_EDGE('',*,*,#1427,.T.);
#616=ORIENTED_EDGE('',*,*,#1428,.T.);
#617=ORIENTED_EDGE('',*,*,#1429,.T.);
#618=ORIENTED_EDGE('',*,*,#1430,.T.);
#619=ORIENTED_EDGE('',*,*,#1431,.T.);
#620=ORIENTED_EDGE('',*,*,#1432,.T.);
#621=ORIENTED_EDGE('',*,*,#1433,.T.);
#622=ORIENTED_EDGE('',*,*,#1434,.T.);
#623=ORIENTED_EDGE('',*,*,#1435,.T.);
#624=ORIENTED_EDGE('',*,*,#1436,.T.);
#625=ORIENTED_EDGE('',*,*,#1437,.T.);
#626=ORIENTED_EDGE('',*,*,#1438,.T.);
#627=ORIENTED_EDGE('',*,*,#1439,.T.);
#628=ORIENTED_EDGE('',*,*,#1440,.T.);
#629=ORIENTED_EDGE('',*,*,#1441,.T.);
#630=ORIENTED_EDGE('',*,*,#1442,.T.);
#631=ORIENTED_EDGE('',*,*,#1443,.T.);
#632=ORIENTED_EDGE('',*,*,#1444,.T.);
#633=ORIENTED_EDGE('',*,*,#1445,.T.);
#634=ORIENTED_EDGE('',*,*,#1446,.T.);
#635=ORIENTED_EDGE('',*,*,#1447,.T.);
#636=ORIENTED_EDGE('',*,*,#1448,.T.);
#637=ORIENTED_EDGE('',*,*,#1449,.T.);
#638=ORIENTED_EDGE('',*,*,#1450,.T.);
#639=ORIENTED_EDGE('',*,*,#1451,.T.);
#640=ORIENTED_EDGE('',*,*,#1452,.T.);
#641=ORIENTED_EDGE('',*,*,#1453,.T.);
#642=ORIENTED_EDGE('',*,*,#1454,.T.);
#643=ORIENTED_EDGE('',*,*,#1397,.T.);
#644=ORIENTED_EDGE('',*,*,#1396,.T.);
#645=ORIENTED_EDGE('',*,*,#1455,.T.);
#646=ORIENTED_EDGE('',*,*,#1409,.T.);
#647=ORIENTED_EDGE('',*,*,#1456,.F.);
#648=ORIENTED_EDGE('',*,*,#1417,.T.);
#649=ORIENTED_EDGE('',*,*,#1457,.T.);
#650=ORIENTED_EDGE('',*,*,#1403,.F.);
#651=ORIENTED_EDGE('',*,*,#1406,.T.);
#652=ORIENTED_EDGE('',*,*,#1458,.F.);
#653=ORIENTED_EDGE('',*,*,#1414,.F.);
#654=ORIENTED_EDGE('',*,*,#1413,.T.);
#655=ORIENTED_EDGE('',*,*,#1405,.T.);
#656=ORIENTED_EDGE('',*,*,#1459,.F.);
#657=ORIENTED_EDGE('',*,*,#1415,.F.);
#658=ORIENTED_EDGE('',*,*,#1458,.T.);
#659=ORIENTED_EDGE('',*,*,#1404,.F.);
#660=ORIENTED_EDGE('',*,*,#1457,.F.);
#661=ORIENTED_EDGE('',*,*,#1416,.T.);
#662=ORIENTED_EDGE('',*,*,#1459,.T.);
#663=ORIENTED_EDGE('',*,*,#1460,.F.);
#664=ORIENTED_EDGE('',*,*,#1461,.T.);
#665=ORIENTED_EDGE('',*,*,#1462,.T.);
#666=ORIENTED_EDGE('',*,*,#1420,.F.);
#667=ORIENTED_EDGE('',*,*,#1463,.F.);
#668=ORIENTED_EDGE('',*,*,#1464,.T.);
#669=ORIENTED_EDGE('',*,*,#1460,.T.);
#670=ORIENTED_EDGE('',*,*,#1419,.F.);
#671=ORIENTED_EDGE('',*,*,#1465,.F.);
#672=ORIENTED_EDGE('',*,*,#1466,.T.);
#673=ORIENTED_EDGE('',*,*,#1463,.T.);
#674=ORIENTED_EDGE('',*,*,#1438,.F.);
#675=ORIENTED_EDGE('',*,*,#1467,.F.);
#676=ORIENTED_EDGE('',*,*,#1468,.T.);
#677=ORIENTED_EDGE('',*,*,#1465,.T.);
#678=ORIENTED_EDGE('',*,*,#1437,.F.);
#679=ORIENTED_EDGE('',*,*,#1469,.F.);
#680=ORIENTED_EDGE('',*,*,#1470,.T.);
#681=ORIENTED_EDGE('',*,*,#1467,.T.);
#682=ORIENTED_EDGE('',*,*,#1436,.F.);
#683=ORIENTED_EDGE('',*,*,#1471,.F.);
#684=ORIENTED_EDGE('',*,*,#1472,.T.);
#685=ORIENTED_EDGE('',*,*,#1469,.T.);
#686=ORIENTED_EDGE('',*,*,#1435,.F.);
#687=ORIENTED_EDGE('',*,*,#1473,.F.);
#688=ORIENTED_EDGE('',*,*,#1474,.T.);
#689=ORIENTED_EDGE('',*,*,#1471,.T.);
#690=ORIENTED_EDGE('',*,*,#1434,.F.);
#691=ORIENTED_EDGE('',*,*,#1475,.F.);
#692=ORIENTED_EDGE('',*,*,#1476,.T.);
#693=ORIENTED_EDGE('',*,*,#1473,.T.);
#694=ORIENTED_EDGE('',*,*,#1433,.F.);
#695=ORIENTED_EDGE('',*,*,#1477,.F.);
#696=ORIENTED_EDGE('',*,*,#1478,.T.);
#697=ORIENTED_EDGE('',*,*,#1475,.T.);
#698=ORIENTED_EDGE('',*,*,#1432,.F.);
#699=ORIENTED_EDGE('',*,*,#1479,.F.);
#700=ORIENTED_EDGE('',*,*,#1480,.T.);
#701=ORIENTED_EDGE('',*,*,#1477,.T.);
#702=ORIENTED_EDGE('',*,*,#1431,.F.);
#703=ORIENTED_EDGE('',*,*,#1481,.F.);
#704=ORIENTED_EDGE('',*,*,#1482,.T.);
#705=ORIENTED_EDGE('',*,*,#1479,.T.);
#706=ORIENTED_EDGE('',*,*,#1430,.F.);
#707=ORIENTED_EDGE('',*,*,#1483,.F.);
#708=ORIENTED_EDGE('',*,*,#1484,.T.);
#709=ORIENTED_EDGE('',*,*,#1481,.T.);
#710=ORIENTED_EDGE('',*,*,#1429,.F.);
#711=ORIENTED_EDGE('',*,*,#1485,.F.);
#712=ORIENTED_EDGE('',*,*,#1486,.T.);
#713=ORIENTED_EDGE('',*,*,#1483,.T.);
#714=ORIENTED_EDGE('',*,*,#1428,.F.);
#715=ORIENTED_EDGE('',*,*,#1487,.F.);
#716=ORIENTED_EDGE('',*,*,#1488,.T.);
#717=ORIENTED_EDGE('',*,*,#1485,.T.);
#718=ORIENTED_EDGE('',*,*,#1427,.F.);
#719=ORIENTED_EDGE('',*,*,#1489,.F.);
#720=ORIENTED_EDGE('',*,*,#1490,.T.);
#721=ORIENTED_EDGE('',*,*,#1487,.T.);
#722=ORIENTED_EDGE('',*,*,#1426,.F.);
#723=ORIENTED_EDGE('',*,*,#1491,.F.);
#724=ORIENTED_EDGE('',*,*,#1492,.T.);
#725=ORIENTED_EDGE('',*,*,#1489,.T.);
#726=ORIENTED_EDGE('',*,*,#1425,.F.);
#727=ORIENTED_EDGE('',*,*,#1493,.F.);
#728=ORIENTED_EDGE('',*,*,#1494,.T.);
#729=ORIENTED_EDGE('',*,*,#1491,.T.);
#730=ORIENTED_EDGE('',*,*,#1424,.F.);
#731=ORIENTED_EDGE('',*,*,#1495,.F.);
#732=ORIENTED_EDGE('',*,*,#1496,.T.);
#733=ORIENTED_EDGE('',*,*,#1493,.T.);
#734=ORIENTED_EDGE('',*,*,#1423,.F.);
#735=ORIENTED_EDGE('',*,*,#1497,.F.);
#736=ORIENTED_EDGE('',*,*,#1498,.T.);
#737=ORIENTED_EDGE('',*,*,#1495,.T.);
#738=ORIENTED_EDGE('',*,*,#1422,.F.);
#739=ORIENTED_EDGE('',*,*,#1462,.F.);
#740=ORIENTED_EDGE('',*,*,#1499,.T.);
#741=ORIENTED_EDGE('',*,*,#1497,.T.);
#742=ORIENTED_EDGE('',*,*,#1421,.F.);
#743=ORIENTED_EDGE('',*,*,#1500,.F.);
#744=ORIENTED_EDGE('',*,*,#1501,.T.);
#745=ORIENTED_EDGE('',*,*,#1502,.T.);
#746=ORIENTED_EDGE('',*,*,#1440,.F.);
#747=ORIENTED_EDGE('',*,*,#1503,.F.);
#748=ORIENTED_EDGE('',*,*,#1504,.T.);
#749=ORIENTED_EDGE('',*,*,#1500,.T.);
#750=ORIENTED_EDGE('',*,*,#1439,.F.);
#751=ORIENTED_EDGE('',*,*,#1505,.F.);
#752=ORIENTED_EDGE('',*,*,#1506,.T.);
#753=ORIENTED_EDGE('',*,*,#1503,.T.);
#754=ORIENTED_EDGE('',*,*,#1454,.F.);
#755=ORIENTED_EDGE('',*,*,#1507,.F.);
#756=ORIENTED_EDGE('',*,*,#1508,.T.);
#757=ORIENTED_EDGE('',*,*,#1505,.T.);
#758=ORIENTED_EDGE('',*,*,#1453,.F.);
#759=ORIENTED_EDGE('',*,*,#1509,.F.);
#760=ORIENTED_EDGE('',*,*,#1510,.T.);
#761=ORIENTED_EDGE('',*,*,#1507,.T.);
#762=ORIENTED_EDGE('',*,*,#1452,.F.);
#763=ORIENTED_EDGE('',*,*,#1511,.F.);
#764=ORIENTED_EDGE('',*,*,#1512,.T.);
#765=ORIENTED_EDGE('',*,*,#1509,.T.);
#766=ORIENTED_EDGE('',*,*,#1451,.F.);
#767=ORIENTED_EDGE('',*,*,#1513,.F.);
#768=ORIENTED_EDGE('',*,*,#1514,.T.);
#769=ORIENTED_EDGE('',*,*,#1511,.T.);
#770=ORIENTED_EDGE('',*,*,#1450,.F.);
#771=ORIENTED_EDGE('',*,*,#1515,.F.);
#772=ORIENTED_EDGE('',*,*,#1516,.T.);
#773=ORIENTED_EDGE('',*,*,#1513,.T.);
#774=ORIENTED_EDGE('',*,*,#1449,.F.);
#775=ORIENTED_EDGE('',*,*,#1517,.F.);
#776=ORIENTED_EDGE('',*,*,#1518,.T.);
#777=ORIENTED_EDGE('',*,*,#1515,.T.);
#778=ORIENTED_EDGE('',*,*,#1448,.F.);
#779=ORIENTED_EDGE('',*,*,#1519,.F.);
#780=ORIENTED_EDGE('',*,*,#1520,.T.);
#781=ORIENTED_EDGE('',*,*,#1517,.T.);
#782=ORIENTED_EDGE('',*,*,#1447,.F.);
#783=ORIENTED_EDGE('',*,*,#1521,.F.);
#784=ORIENTED_EDGE('',*,*,#1522,.T.);
#785=ORIENTED_EDGE('',*,*,#1519,.T.);
#786=ORIENTED_EDGE('',*,*,#1446,.F.);
#787=ORIENTED_EDGE('',*,*,#1523,.F.);
#788=ORIENTED_EDGE('',*,*,#1524,.T.);
#789=ORIENTED_EDGE('',*,*,#1521,.T.);
#790=ORIENTED_EDGE('',*,*,#1445,.F.);
#791=ORIENTED_EDGE('',*,*,#1525,.F.);
#792=ORIENTED_EDGE('',*,*,#1526,.T.);
#793=ORIENTED_EDGE('',*,*,#1523,.T.);
#794=ORIENTED_EDGE('',*,*,#1444,.F.);
#795=ORIENTED_EDGE('',*,*,#1527,.F.);
#796=ORIENTED_EDGE('',*,*,#1528,.T.);
#797=ORIENTED_EDGE('',*,*,#1525,.T.);
#798=ORIENTED_EDGE('',*,*,#1443,.F.);
#799=ORIENTED_EDGE('',*,*,#1529,.F.);
#800=ORIENTED_EDGE('',*,*,#1530,.T.);
#801=ORIENTED_EDGE('',*,*,#1527,.T.);
#802=ORIENTED_EDGE('',*,*,#1442,.F.);
#803=ORIENTED_EDGE('',*,*,#1502,.F.);
#804=ORIENTED_EDGE('',*,*,#1531,.T.);
#805=ORIENTED_EDGE('',*,*,#1529,.T.);
#806=ORIENTED_EDGE('',*,*,#1441,.F.);
#807=ORIENTED_EDGE('',*,*,#1418,.T.);
#808=ORIENTED_EDGE('',*,*,#1532,.F.);
#809=ORIENTED_EDGE('',*,*,#1401,.T.);
#810=ORIENTED_EDGE('',*,*,#1533,.T.);
#811=ORIENTED_EDGE('',*,*,#1402,.F.);
#812=ORIENTED_EDGE('',*,*,#1389,.F.);
#813=ORIENTED_EDGE('',*,*,#1399,.T.);
#814=ORIENTED_EDGE('',*,*,#1532,.T.);
#815=ORIENTED_EDGE('',*,*,#1456,.T.);
#816=ORIENTED_EDGE('',*,*,#1408,.T.);
#817=ORIENTED_EDGE('',*,*,#1412,.F.);
#818=ORIENTED_EDGE('',*,*,#1533,.F.);
#819=ORIENTED_EDGE('',*,*,#1400,.F.);
#820=ORIENTED_EDGE('',*,*,#1387,.T.);
#821=ORIENTED_EDGE('',*,*,#1501,.F.);
#822=ORIENTED_EDGE('',*,*,#1504,.F.);
#823=ORIENTED_EDGE('',*,*,#1506,.F.);
#824=ORIENTED_EDGE('',*,*,#1508,.F.);
#825=ORIENTED_EDGE('',*,*,#1510,.F.);
#826=ORIENTED_EDGE('',*,*,#1512,.F.);
#827=ORIENTED_EDGE('',*,*,#1514,.F.);
#828=ORIENTED_EDGE('',*,*,#1516,.F.);
#829=ORIENTED_EDGE('',*,*,#1518,.F.);
#830=ORIENTED_EDGE('',*,*,#1520,.F.);
#831=ORIENTED_EDGE('',*,*,#1522,.F.);
#832=ORIENTED_EDGE('',*,*,#1524,.F.);
#833=ORIENTED_EDGE('',*,*,#1526,.F.);
#834=ORIENTED_EDGE('',*,*,#1528,.F.);
#835=ORIENTED_EDGE('',*,*,#1530,.F.);
#836=ORIENTED_EDGE('',*,*,#1531,.F.);
#837=ORIENTED_EDGE('',*,*,#1461,.F.);
#838=ORIENTED_EDGE('',*,*,#1464,.F.);
#839=ORIENTED_EDGE('',*,*,#1466,.F.);
#840=ORIENTED_EDGE('',*,*,#1468,.F.);
#841=ORIENTED_EDGE('',*,*,#1470,.F.);
#842=ORIENTED_EDGE('',*,*,#1472,.F.);
#843=ORIENTED_EDGE('',*,*,#1474,.F.);
#844=ORIENTED_EDGE('',*,*,#1476,.F.);
#845=ORIENTED_EDGE('',*,*,#1478,.F.);
#846=ORIENTED_EDGE('',*,*,#1480,.F.);
#847=ORIENTED_EDGE('',*,*,#1482,.F.);
#848=ORIENTED_EDGE('',*,*,#1484,.F.);
#849=ORIENTED_EDGE('',*,*,#1486,.F.);
#850=ORIENTED_EDGE('',*,*,#1488,.F.);
#851=ORIENTED_EDGE('',*,*,#1490,.F.);
#852=ORIENTED_EDGE('',*,*,#1492,.F.);
#853=ORIENTED_EDGE('',*,*,#1494,.F.);
#854=ORIENTED_EDGE('',*,*,#1496,.F.);
#855=ORIENTED_EDGE('',*,*,#1498,.F.);
#856=ORIENTED_EDGE('',*,*,#1499,.F.);
#857=ORIENTED_EDGE('',*,*,#1391,.F.);
#858=ORIENTED_EDGE('',*,*,#1380,.T.);
#859=ORIENTED_EDGE('',*,*,#1384,.T.);
#860=ORIENTED_EDGE('',*,*,#1410,.T.);
#861=ORIENTED_EDGE('',*,*,#1455,.F.);
#862=ORIENTED_EDGE('',*,*,#1395,.F.);
#863=ORIENTED_EDGE('',*,*,#1534,.T.);
#864=ORIENTED_EDGE('',*,*,#1535,.T.);
#865=ORIENTED_EDGE('',*,*,#1536,.T.);
#866=ORIENTED_EDGE('',*,*,#1537,.T.);
#867=ORIENTED_EDGE('',*,*,#1538,.F.);
#868=ORIENTED_EDGE('',*,*,#1539,.F.);
#869=ORIENTED_EDGE('',*,*,#1540,.T.);
#870=ORIENTED_EDGE('',*,*,#1541,.F.);
#871=ORIENTED_EDGE('',*,*,#1542,.F.);
#872=ORIENTED_EDGE('',*,*,#1543,.T.);
#873=ORIENTED_EDGE('',*,*,#1544,.F.);
#874=ORIENTED_EDGE('',*,*,#1545,.F.);
#875=ORIENTED_EDGE('',*,*,#1546,.T.);
#876=ORIENTED_EDGE('',*,*,#1547,.F.);
#877=ORIENTED_EDGE('',*,*,#1548,.F.);
#878=ORIENTED_EDGE('',*,*,#1549,.T.);
#879=ORIENTED_EDGE('',*,*,#1550,.T.);
#880=ORIENTED_EDGE('',*,*,#1551,.T.);
#881=ORIENTED_EDGE('',*,*,#1552,.T.);
#882=ORIENTED_EDGE('',*,*,#1553,.T.);
#883=ORIENTED_EDGE('',*,*,#1554,.T.);
#884=ORIENTED_EDGE('',*,*,#1555,.T.);
#885=ORIENTED_EDGE('',*,*,#1556,.T.);
#886=ORIENTED_EDGE('',*,*,#1557,.T.);
#887=ORIENTED_EDGE('',*,*,#1558,.T.);
#888=ORIENTED_EDGE('',*,*,#1559,.T.);
#889=ORIENTED_EDGE('',*,*,#1560,.T.);
#890=ORIENTED_EDGE('',*,*,#1561,.T.);
#891=ORIENTED_EDGE('',*,*,#1562,.T.);
#892=ORIENTED_EDGE('',*,*,#1563,.T.);
#893=ORIENTED_EDGE('',*,*,#1564,.T.);
#894=ORIENTED_EDGE('',*,*,#1565,.T.);
#895=ORIENTED_EDGE('',*,*,#1566,.T.);
#896=ORIENTED_EDGE('',*,*,#1567,.T.);
#897=ORIENTED_EDGE('',*,*,#1568,.T.);
#898=ORIENTED_EDGE('',*,*,#1569,.T.);
#899=ORIENTED_EDGE('',*,*,#1570,.T.);
#900=ORIENTED_EDGE('',*,*,#1571,.T.);
#901=ORIENTED_EDGE('',*,*,#1572,.F.);
#902=ORIENTED_EDGE('',*,*,#1573,.T.);
#903=ORIENTED_EDGE('',*,*,#1574,.T.);
#904=ORIENTED_EDGE('',*,*,#1575,.T.);
#905=ORIENTED_EDGE('',*,*,#1576,.T.);
#906=ORIENTED_EDGE('',*,*,#1577,.T.);
#907=ORIENTED_EDGE('',*,*,#1578,.T.);
#908=ORIENTED_EDGE('',*,*,#1579,.F.);
#909=ORIENTED_EDGE('',*,*,#1580,.T.);
#910=ORIENTED_EDGE('',*,*,#1581,.T.);
#911=ORIENTED_EDGE('',*,*,#1582,.T.);
#912=ORIENTED_EDGE('',*,*,#1583,.T.);
#913=ORIENTED_EDGE('',*,*,#1584,.T.);
#914=ORIENTED_EDGE('',*,*,#1585,.T.);
#915=ORIENTED_EDGE('',*,*,#1586,.T.);
#916=ORIENTED_EDGE('',*,*,#1587,.T.);
#917=ORIENTED_EDGE('',*,*,#1588,.T.);
#918=ORIENTED_EDGE('',*,*,#1589,.T.);
#919=ORIENTED_EDGE('',*,*,#1590,.T.);
#920=ORIENTED_EDGE('',*,*,#1591,.T.);
#921=ORIENTED_EDGE('',*,*,#1592,.T.);
#922=ORIENTED_EDGE('',*,*,#1593,.T.);
#923=ORIENTED_EDGE('',*,*,#1594,.T.);
#924=ORIENTED_EDGE('',*,*,#1595,.T.);
#925=ORIENTED_EDGE('',*,*,#1596,.T.);
#926=ORIENTED_EDGE('',*,*,#1597,.T.);
#927=ORIENTED_EDGE('',*,*,#1598,.T.);
#928=ORIENTED_EDGE('',*,*,#1599,.T.);
#929=ORIENTED_EDGE('',*,*,#1600,.F.);
#930=ORIENTED_EDGE('',*,*,#1601,.F.);
#931=ORIENTED_EDGE('',*,*,#1602,.T.);
#932=ORIENTED_EDGE('',*,*,#1603,.T.);
#933=ORIENTED_EDGE('',*,*,#1604,.T.);
#934=ORIENTED_EDGE('',*,*,#1605,.T.);
#935=ORIENTED_EDGE('',*,*,#1606,.T.);
#936=ORIENTED_EDGE('',*,*,#1607,.T.);
#937=ORIENTED_EDGE('',*,*,#1608,.T.);
#938=ORIENTED_EDGE('',*,*,#1609,.T.);
#939=ORIENTED_EDGE('',*,*,#1610,.F.);
#940=ORIENTED_EDGE('',*,*,#1611,.T.);
#941=ORIENTED_EDGE('',*,*,#1612,.F.);
#942=ORIENTED_EDGE('',*,*,#1613,.T.);
#943=ORIENTED_EDGE('',*,*,#1614,.F.);
#944=ORIENTED_EDGE('',*,*,#1590,.F.);
#945=ORIENTED_EDGE('',*,*,#1615,.F.);
#946=ORIENTED_EDGE('',*,*,#1576,.F.);
#947=ORIENTED_EDGE('',*,*,#1616,.F.);
#948=ORIENTED_EDGE('',*,*,#1614,.T.);
#949=ORIENTED_EDGE('',*,*,#1617,.F.);
#950=ORIENTED_EDGE('',*,*,#1618,.F.);
#951=ORIENTED_EDGE('',*,*,#1615,.T.);
#952=ORIENTED_EDGE('',*,*,#1619,.F.);
#953=ORIENTED_EDGE('',*,*,#1617,.T.);
#954=ORIENTED_EDGE('',*,*,#1575,.F.);
#955=ORIENTED_EDGE('',*,*,#1620,.F.);
#956=ORIENTED_EDGE('',*,*,#1594,.F.);
#957=ORIENTED_EDGE('',*,*,#1616,.T.);
#958=ORIENTED_EDGE('',*,*,#1597,.F.);
#959=ORIENTED_EDGE('',*,*,#1621,.F.);
#960=ORIENTED_EDGE('',*,*,#1591,.F.);
#961=ORIENTED_EDGE('',*,*,#1622,.F.);
#962=ORIENTED_EDGE('',*,*,#1592,.F.);
#963=ORIENTED_EDGE('',*,*,#1623,.F.);
#964=ORIENTED_EDGE('',*,*,#1604,.F.);
#965=ORIENTED_EDGE('',*,*,#1619,.T.);
#966=ORIENTED_EDGE('',*,*,#1593,.F.);
#967=ORIENTED_EDGE('',*,*,#1624,.F.);
#968=ORIENTED_EDGE('',*,*,#1537,.F.);
#969=ORIENTED_EDGE('',*,*,#1618,.T.);
#970=ORIENTED_EDGE('',*,*,#1536,.F.);
#971=ORIENTED_EDGE('',*,*,#1625,.F.);
#972=ORIENTED_EDGE('',*,*,#1577,.F.);
#973=ORIENTED_EDGE('',*,*,#1626,.F.);
#974=ORIENTED_EDGE('',*,*,#1608,.F.);
#975=ORIENTED_EDGE('',*,*,#1627,.F.);
#976=ORIENTED_EDGE('',*,*,#1574,.F.);
#977=ORIENTED_EDGE('',*,*,#1628,.F.);
#978=ORIENTED_EDGE('',*,*,#1609,.F.);
#979=ORIENTED_EDGE('',*,*,#1629,.F.);
#980=ORIENTED_EDGE('',*,*,#1586,.F.);
#981=ORIENTED_EDGE('',*,*,#1610,.T.);
#982=ORIENTED_EDGE('',*,*,#1628,.T.);
#983=ORIENTED_EDGE('',*,*,#1630,.F.);
#984=ORIENTED_EDGE('',*,*,#1631,.F.);
#985=ORIENTED_EDGE('',*,*,#1620,.T.);
#986=ORIENTED_EDGE('',*,*,#1627,.T.);
#987=ORIENTED_EDGE('',*,*,#1632,.F.);
#988=ORIENTED_EDGE('',*,*,#1623,.T.);
#989=ORIENTED_EDGE('',*,*,#1621,.T.);
#990=ORIENTED_EDGE('',*,*,#1633,.F.);
#991=ORIENTED_EDGE('',*,*,#1624,.T.);
#992=ORIENTED_EDGE('',*,*,#1622,.T.);
#993=ORIENTED_EDGE('',*,*,#1634,.F.);
#994=ORIENTED_EDGE('',*,*,#1635,.F.);
#995=ORIENTED_EDGE('',*,*,#1625,.T.);
#996=ORIENTED_EDGE('',*,*,#1636,.F.);
#997=ORIENTED_EDGE('',*,*,#1629,.T.);
#998=ORIENTED_EDGE('',*,*,#1626,.T.);
#999=ORIENTED_EDGE('',*,*,#1637,.F.);
#1000=ORIENTED_EDGE('',*,*,#1630,.T.);
#1001=ORIENTED_EDGE('',*,*,#1585,.F.);
#1002=ORIENTED_EDGE('',*,*,#1638,.F.);
#1003=ORIENTED_EDGE('',*,*,#1555,.F.);
#1004=ORIENTED_EDGE('',*,*,#1631,.T.);
#1005=ORIENTED_EDGE('',*,*,#1554,.F.);
#1006=ORIENTED_EDGE('',*,*,#1639,.F.);
#1007=ORIENTED_EDGE('',*,*,#1611,.F.);
#1008=ORIENTED_EDGE('',*,*,#1632,.T.);
#1009=ORIENTED_EDGE('',*,*,#1607,.F.);
#1010=ORIENTED_EDGE('',*,*,#1640,.F.);
#1011=ORIENTED_EDGE('',*,*,#1595,.F.);
#1012=ORIENTED_EDGE('',*,*,#1633,.T.);
#1013=ORIENTED_EDGE('',*,*,#1596,.F.);
#1014=ORIENTED_EDGE('',*,*,#1641,.F.);
#1015=ORIENTED_EDGE('',*,*,#1605,.F.);
#1016=ORIENTED_EDGE('',*,*,#1634,.T.);
#1017=ORIENTED_EDGE('',*,*,#1603,.F.);
#1018=ORIENTED_EDGE('',*,*,#1642,.F.);
#1019=ORIENTED_EDGE('',*,*,#1534,.F.);
#1020=ORIENTED_EDGE('',*,*,#1636,.T.);
#1021=ORIENTED_EDGE('',*,*,#1535,.F.);
#1022=ORIENTED_EDGE('',*,*,#1643,.F.);
#1023=ORIENTED_EDGE('',*,*,#1583,.F.);
#1024=ORIENTED_EDGE('',*,*,#1635,.T.);
#1025=ORIENTED_EDGE('',*,*,#1582,.F.);
#1026=ORIENTED_EDGE('',*,*,#1644,.F.);
#1027=ORIENTED_EDGE('',*,*,#1578,.F.);
#1028=ORIENTED_EDGE('',*,*,#1637,.T.);
#1029=ORIENTED_EDGE('',*,*,#1573,.F.);
#1030=ORIENTED_EDGE('',*,*,#1645,.F.);
#1031=ORIENTED_EDGE('',*,*,#1587,.F.);
#1032=ORIENTED_EDGE('',*,*,#1639,.T.);
#1033=ORIENTED_EDGE('',*,*,#1638,.T.);
#1034=ORIENTED_EDGE('',*,*,#1646,.F.);
#1035=ORIENTED_EDGE('',*,*,#1612,.T.);
#1036=ORIENTED_EDGE('',*,*,#1641,.T.);
#1037=ORIENTED_EDGE('',*,*,#1640,.T.);
#1038=ORIENTED_EDGE('',*,*,#1647,.F.);
#1039=ORIENTED_EDGE('',*,*,#1643,.T.);
#1040=ORIENTED_EDGE('',*,*,#1642,.T.);
#1041=ORIENTED_EDGE('',*,*,#1648,.F.);
#1042=ORIENTED_EDGE('',*,*,#1579,.T.);
#1043=ORIENTED_EDGE('',*,*,#1644,.T.);
#1044=ORIENTED_EDGE('',*,*,#1649,.F.);
#1045=ORIENTED_EDGE('',*,*,#1645,.T.);
#1046=ORIENTED_EDGE('',*,*,#1572,.T.);
#1047=ORIENTED_EDGE('',*,*,#1646,.T.);
#1048=ORIENTED_EDGE('',*,*,#1584,.F.);
#1049=ORIENTED_EDGE('',*,*,#1650,.F.);
#1050=ORIENTED_EDGE('',*,*,#1613,.F.);
#1051=ORIENTED_EDGE('',*,*,#1647,.T.);
#1052=ORIENTED_EDGE('',*,*,#1606,.F.);
#1053=ORIENTED_EDGE('',*,*,#1651,.F.);
#1054=ORIENTED_EDGE('',*,*,#1598,.F.);
#1055=ORIENTED_EDGE('',*,*,#1648,.T.);
#1056=ORIENTED_EDGE('',*,*,#1602,.F.);
#1057=ORIENTED_EDGE('',*,*,#1652,.F.);
#1058=ORIENTED_EDGE('',*,*,#1580,.F.);
#1059=ORIENTED_EDGE('',*,*,#1649,.T.);
#1060=ORIENTED_EDGE('',*,*,#1581,.F.);
#1061=ORIENTED_EDGE('',*,*,#1653,.F.);
#1062=ORIENTED_EDGE('',*,*,#1588,.F.);
#1063=ORIENTED_EDGE('',*,*,#1651,.T.);
#1064=ORIENTED_EDGE('',*,*,#1650,.T.);
#1065=ORIENTED_EDGE('',*,*,#1654,.F.);
#1066=ORIENTED_EDGE('',*,*,#1601,.T.);
#1067=ORIENTED_EDGE('',*,*,#1600,.T.);
#1068=ORIENTED_EDGE('',*,*,#1655,.F.);
#1069=ORIENTED_EDGE('',*,*,#1653,.T.);
#1070=ORIENTED_EDGE('',*,*,#1652,.T.);
#1071=ORIENTED_EDGE('',*,*,#1654,.T.);
#1072=ORIENTED_EDGE('',*,*,#1589,.F.);
#1073=ORIENTED_EDGE('',*,*,#1655,.T.);
#1074=ORIENTED_EDGE('',*,*,#1599,.F.);
#1075=ORIENTED_EDGE('',*,*,#1656,.F.);
#1076=ORIENTED_EDGE('',*,*,#1540,.F.);
#1077=ORIENTED_EDGE('',*,*,#1657,.F.);
#1078=ORIENTED_EDGE('',*,*,#1571,.F.);
#1079=ORIENTED_EDGE('',*,*,#1541,.T.);
#1080=ORIENTED_EDGE('',*,*,#1656,.T.);
#1081=ORIENTED_EDGE('',*,*,#1658,.F.);
#1082=ORIENTED_EDGE('',*,*,#1659,.F.);
#1083=ORIENTED_EDGE('',*,*,#1542,.T.);
#1084=ORIENTED_EDGE('',*,*,#1539,.T.);
#1085=ORIENTED_EDGE('',*,*,#1538,.T.);
#1086=ORIENTED_EDGE('',*,*,#1660,.F.);
#1087=ORIENTED_EDGE('',*,*,#1661,.F.);
#1088=ORIENTED_EDGE('',*,*,#1657,.T.);
#1089=ORIENTED_EDGE('',*,*,#1658,.T.);
#1090=ORIENTED_EDGE('',*,*,#1570,.F.);
#1091=ORIENTED_EDGE('',*,*,#1662,.F.);
#1092=ORIENTED_EDGE('',*,*,#1564,.F.);
#1093=ORIENTED_EDGE('',*,*,#1659,.T.);
#1094=ORIENTED_EDGE('',*,*,#1567,.F.);
#1095=ORIENTED_EDGE('',*,*,#1663,.F.);
#1096=ORIENTED_EDGE('',*,*,#1543,.F.);
#1097=ORIENTED_EDGE('',*,*,#1664,.F.);
#1098=ORIENTED_EDGE('',*,*,#1546,.F.);
#1099=ORIENTED_EDGE('',*,*,#1665,.F.);
#1100=ORIENTED_EDGE('',*,*,#1563,.F.);
#1101=ORIENTED_EDGE('',*,*,#1660,.T.);
#1102=ORIENTED_EDGE('',*,*,#1549,.F.);
#1103=ORIENTED_EDGE('',*,*,#1666,.F.);
#1104=ORIENTED_EDGE('',*,*,#1559,.F.);
#1105=ORIENTED_EDGE('',*,*,#1661,.T.);
#1106=ORIENTED_EDGE('',*,*,#1558,.F.);
#1107=ORIENTED_EDGE('',*,*,#1667,.F.);
#1108=ORIENTED_EDGE('',*,*,#1568,.F.);
#1109=ORIENTED_EDGE('',*,*,#1668,.F.);
#1110=ORIENTED_EDGE('',*,*,#1569,.F.);
#1111=ORIENTED_EDGE('',*,*,#1669,.F.);
#1112=ORIENTED_EDGE('',*,*,#1550,.F.);
#1113=ORIENTED_EDGE('',*,*,#1662,.T.);
#1114=ORIENTED_EDGE('',*,*,#1668,.T.);
#1115=ORIENTED_EDGE('',*,*,#1670,.F.);
#1116=ORIENTED_EDGE('',*,*,#1544,.T.);
#1117=ORIENTED_EDGE('',*,*,#1663,.T.);
#1118=ORIENTED_EDGE('',*,*,#1671,.F.);
#1119=ORIENTED_EDGE('',*,*,#1665,.T.);
#1120=ORIENTED_EDGE('',*,*,#1545,.T.);
#1121=ORIENTED_EDGE('',*,*,#1547,.T.);
#1122=ORIENTED_EDGE('',*,*,#1664,.T.);
#1123=ORIENTED_EDGE('',*,*,#1672,.F.);
#1124=ORIENTED_EDGE('',*,*,#1666,.T.);
#1125=ORIENTED_EDGE('',*,*,#1548,.T.);
#1126=ORIENTED_EDGE('',*,*,#1669,.T.);
#1127=ORIENTED_EDGE('',*,*,#1667,.T.);
#1128=ORIENTED_EDGE('',*,*,#1673,.F.);
#1129=ORIENTED_EDGE('',*,*,#1670,.T.);
#1130=ORIENTED_EDGE('',*,*,#1553,.F.);
#1131=ORIENTED_EDGE('',*,*,#1674,.F.);
#1132=ORIENTED_EDGE('',*,*,#1565,.F.);
#1133=ORIENTED_EDGE('',*,*,#1671,.T.);
#1134=ORIENTED_EDGE('',*,*,#1566,.F.);
#1135=ORIENTED_EDGE('',*,*,#1675,.F.);
#1136=ORIENTED_EDGE('',*,*,#1560,.F.);
#1137=ORIENTED_EDGE('',*,*,#1672,.T.);
#1138=ORIENTED_EDGE('',*,*,#1562,.F.);
#1139=ORIENTED_EDGE('',*,*,#1676,.F.);
#1140=ORIENTED_EDGE('',*,*,#1556,.F.);
#1141=ORIENTED_EDGE('',*,*,#1673,.T.);
#1142=ORIENTED_EDGE('',*,*,#1557,.F.);
#1143=ORIENTED_EDGE('',*,*,#1677,.F.);
#1144=ORIENTED_EDGE('',*,*,#1551,.F.);
#1145=ORIENTED_EDGE('',*,*,#1675,.T.);
#1146=ORIENTED_EDGE('',*,*,#1674,.T.);
#1147=ORIENTED_EDGE('',*,*,#1678,.F.);
#1148=ORIENTED_EDGE('',*,*,#1677,.T.);
#1149=ORIENTED_EDGE('',*,*,#1676,.T.);
#1150=ORIENTED_EDGE('',*,*,#1679,.F.);
#1151=ORIENTED_EDGE('',*,*,#1678,.T.);
#1152=ORIENTED_EDGE('',*,*,#1552,.F.);
#1153=ORIENTED_EDGE('',*,*,#1679,.T.);
#1154=ORIENTED_EDGE('',*,*,#1561,.F.);
#1155=EDGE_CURVE('',#1680,#1681,#1984,.T.);
#1156=EDGE_CURVE('',#1681,#1682,#1985,.T.);
#1157=EDGE_CURVE('',#1682,#1683,#1986,.T.);
#1158=EDGE_CURVE('',#1683,#1680,#1987,.T.);
#1159=EDGE_CURVE('',#1684,#1685,#1988,.T.);
#1160=EDGE_CURVE('',#1686,#1685,#1989,.T.);
#1161=EDGE_CURVE('',#1686,#1687,#1990,.T.);
#1162=EDGE_CURVE('',#1688,#1687,#1991,.T.);
#1163=EDGE_CURVE('',#1688,#1689,#1992,.T.);
#1164=EDGE_CURVE('',#1690,#1689,#1993,.T.);
#1165=EDGE_CURVE('',#1690,#1691,#1994,.T.);
#1166=EDGE_CURVE('',#1684,#1691,#1995,.T.);
#1167=EDGE_CURVE('',#1692,#1693,#1996,.T.);
#1168=EDGE_CURVE('',#1693,#1694,#1997,.T.);
#1169=EDGE_CURVE('',#1694,#1695,#1998,.T.);
#1170=EDGE_CURVE('',#1695,#1692,#1999,.T.);
#1171=EDGE_CURVE('',#1696,#1697,#2000,.T.);
#1172=EDGE_CURVE('',#1697,#1698,#2001,.T.);
#1173=EDGE_CURVE('',#1698,#1699,#2002,.T.);
#1174=EDGE_CURVE('',#1699,#1696,#2003,.T.);
#1175=EDGE_CURVE('',#1700,#1701,#2004,.T.);
#1176=EDGE_CURVE('',#1701,#1702,#2005,.T.);
#1177=EDGE_CURVE('',#1702,#1703,#2006,.T.);
#1178=EDGE_CURVE('',#1703,#1700,#2007,.T.);
#1179=EDGE_CURVE('',#1704,#1705,#2008,.T.);
#1180=EDGE_CURVE('',#1705,#1706,#2009,.T.);
#1181=EDGE_CURVE('',#1706,#1707,#2010,.T.);
#1182=EDGE_CURVE('',#1707,#1704,#2011,.T.);
#1183=EDGE_CURVE('',#1708,#1709,#2012,.T.);
#1184=EDGE_CURVE('',#1709,#1710,#2013,.T.);
#1185=EDGE_CURVE('',#1710,#1711,#2014,.T.);
#1186=EDGE_CURVE('',#1711,#1708,#2015,.T.);
#1187=EDGE_CURVE('',#1712,#1713,#2016,.T.);
#1188=EDGE_CURVE('',#1713,#1714,#2017,.T.);
#1189=EDGE_CURVE('',#1714,#1715,#2018,.T.);
#1190=EDGE_CURVE('',#1715,#1712,#2019,.T.);
#1191=EDGE_CURVE('',#1716,#1717,#2020,.T.);
#1192=EDGE_CURVE('',#1717,#1718,#2021,.T.);
#1193=EDGE_CURVE('',#1718,#1719,#2022,.T.);
#1194=EDGE_CURVE('',#1719,#1716,#2023,.T.);
#1195=EDGE_CURVE('',#1720,#1721,#2024,.T.);
#1196=EDGE_CURVE('',#1721,#1722,#2025,.T.);
#1197=EDGE_CURVE('',#1722,#1723,#2026,.T.);
#1198=EDGE_CURVE('',#1723,#1720,#2027,.T.);
#1199=EDGE_CURVE('',#1724,#1725,#2028,.T.);
#1200=EDGE_CURVE('',#1725,#1726,#2029,.T.);
#1201=EDGE_CURVE('',#1726,#1727,#2030,.T.);
#1202=EDGE_CURVE('',#1727,#1724,#2031,.T.);
#1203=EDGE_CURVE('',#1728,#1729,#2032,.T.);
#1204=EDGE_CURVE('',#1729,#1730,#2033,.T.);
#1205=EDGE_CURVE('',#1730,#1731,#2034,.T.);
#1206=EDGE_CURVE('',#1731,#1728,#2035,.T.);
#1207=EDGE_CURVE('',#1681,#1727,#2036,.T.);
#1208=EDGE_CURVE('',#1724,#1680,#2037,.T.);
#1209=EDGE_CURVE('',#1681,#1716,#2038,.F.);
#1210=EDGE_CURVE('',#1716,#1727,#2039,.T.);
#1211=EDGE_CURVE('',#1724,#1715,#2040,.F.);
#1212=EDGE_CURVE('',#1715,#1680,#2041,.T.);
#1213=EDGE_CURVE('',#1717,#1726,#2042,.F.);
#1214=EDGE_CURVE('',#1682,#1719,#2043,.T.);
#1215=EDGE_CURVE('',#1683,#1723,#2044,.F.);
#1216=EDGE_CURVE('',#1720,#1682,#2045,.F.);
#1217=EDGE_CURVE('',#1712,#1683,#2046,.F.);
#1218=EDGE_CURVE('',#1725,#1714,#2047,.T.);
#1219=EDGE_CURVE('',#1726,#1730,#2048,.F.);
#1220=EDGE_CURVE('',#1731,#1725,#2049,.F.);
#1221=EDGE_CURVE('',#1717,#1730,#2050,.T.);
#1222=EDGE_CURVE('',#1720,#1719,#2051,.F.);
#1223=EDGE_CURVE('',#1712,#1723,#2052,.T.);
#1224=EDGE_CURVE('',#1731,#1714,#2053,.F.);
#1225=EDGE_CURVE('',#1718,#1729,#2054,.F.);
#1226=EDGE_CURVE('',#1721,#1718,#2055,.T.);
#1227=EDGE_CURVE('',#1713,#1722,#2056,.F.);
#1228=EDGE_CURVE('',#1728,#1713,#2057,.T.);
#1229=EDGE_CURVE('',#1721,#1729,#2058,.F.);
#1230=EDGE_CURVE('',#1728,#1722,#2059,.F.);
#1231=EDGE_CURVE('',#1687,#1711,#2060,.T.);
#1232=EDGE_CURVE('',#1708,#1686,#2061,.T.);
#1233=EDGE_CURVE('',#1704,#1711,#2062,.F.);
#1234=EDGE_CURVE('',#1688,#1704,#2063,.F.);
#1235=EDGE_CURVE('',#1699,#1685,#2064,.F.);
#1236=EDGE_CURVE('',#1708,#1699,#2065,.T.);
#1237=EDGE_CURVE('',#1705,#1710,#2066,.T.);
#1238=EDGE_CURVE('',#1689,#1707,#2067,.T.);
#1239=EDGE_CURVE('',#1691,#1703,#2068,.T.);
#1240=EDGE_CURVE('',#1700,#1690,#2069,.T.);
#1241=EDGE_CURVE('',#1696,#1684,#2070,.T.);
#1242=EDGE_CURVE('',#1709,#1698,#2071,.F.);
#1243=EDGE_CURVE('',#1710,#1692,#2072,.T.);
#1244=EDGE_CURVE('',#1693,#1709,#2073,.T.);
#1245=EDGE_CURVE('',#1705,#1692,#2074,.T.);
#1246=EDGE_CURVE('',#1700,#1707,#2075,.T.);
#1247=EDGE_CURVE('',#1696,#1703,#2076,.F.);
#1248=EDGE_CURVE('',#1693,#1698,#2077,.F.);
#1249=EDGE_CURVE('',#1706,#1695,#2078,.F.);
#1250=EDGE_CURVE('',#1701,#1706,#2079,.F.);
#1251=EDGE_CURVE('',#1697,#1702,#2080,.T.);
#1252=EDGE_CURVE('',#1694,#1697,#2081,.T.);
#1253=EDGE_CURVE('',#1701,#1695,#2082,.T.);
#1254=EDGE_CURVE('',#1694,#1702,#2083,.T.);
#1255=EDGE_CURVE('',#1732,#1733,#2084,.T.);
#1256=EDGE_CURVE('',#1733,#1734,#2085,.T.);
#1257=EDGE_CURVE('',#1734,#1735,#2086,.T.);
#1258=EDGE_CURVE('',#1735,#1736,#2087,.T.);
#1259=EDGE_CURVE('',#1736,#1737,#37,.T.);
#1260=EDGE_CURVE('',#1737,#1738,#38,.T.);
#1261=EDGE_CURVE('',#1738,#1739,#39,.T.);
#1262=EDGE_CURVE('',#1739,#1732,#2088,.T.);
#1263=EDGE_CURVE('',#1740,#1741,#40,.T.);
#1264=EDGE_CURVE('',#1741,#1740,#41,.T.);
#1265=EDGE_CURVE('',#1742,#1743,#2089,.T.);
#1266=EDGE_CURVE('',#1744,#1742,#2090,.T.);
#1267=EDGE_CURVE('',#1744,#1745,#2091,.T.);
#1268=EDGE_CURVE('',#1746,#1745,#2092,.T.);
#1269=EDGE_CURVE('',#1747,#1746,#2093,.T.);
#1270=EDGE_CURVE('',#1747,#1748,#2094,.T.);
#1271=EDGE_CURVE('',#1749,#1748,#2095,.T.);
#1272=EDGE_CURVE('',#1750,#1749,#2096,.T.);
#1273=EDGE_CURVE('',#1750,#1751,#2097,.T.);
#1274=EDGE_CURVE('',#1752,#1751,#2098,.T.);
#1275=EDGE_CURVE('',#1753,#1752,#2099,.T.);
#1276=EDGE_CURVE('',#1753,#1743,#2100,.T.);
#1277=EDGE_CURVE('',#1754,#1755,#42,.T.);
#1278=EDGE_CURVE('',#1755,#1756,#43,.F.);
#1279=EDGE_CURVE('',#1756,#1757,#2101,.T.);
#1280=EDGE_CURVE('',#1757,#1758,#2102,.T.);
#1281=EDGE_CURVE('',#1758,#1759,#2103,.T.);
#1282=EDGE_CURVE('',#1759,#1760,#2104,.T.);
#1283=EDGE_CURVE('',#1760,#1761,#2105,.T.);
#1284=EDGE_CURVE('',#1761,#1754,#44,.F.);
#1285=EDGE_CURVE('',#1762,#1763,#2106,.T.);
#1286=EDGE_CURVE('',#1763,#1764,#2107,.T.);
#1287=EDGE_CURVE('',#1764,#1765,#2108,.T.);
#1288=EDGE_CURVE('',#1765,#1762,#2109,.T.);
#1289=EDGE_CURVE('',#1766,#1767,#45,.T.);
#1290=EDGE_CURVE('',#1767,#1766,#46,.T.);
#1291=EDGE_CURVE('',#1768,#1769,#2110,.T.);
#1292=EDGE_CURVE('',#1769,#1770,#2111,.T.);
#1293=EDGE_CURVE('',#1770,#1771,#2112,.T.);
#1294=EDGE_CURVE('',#1771,#1768,#2113,.T.);
#1295=EDGE_CURVE('',#1772,#1773,#2114,.T.);
#1296=EDGE_CURVE('',#1773,#1774,#2115,.T.);
#1297=EDGE_CURVE('',#1774,#1775,#2116,.T.);
#1298=EDGE_CURVE('',#1775,#1772,#2117,.T.);
#1299=EDGE_CURVE('',#1776,#1777,#2118,.T.);
#1300=EDGE_CURVE('',#1777,#1778,#2119,.T.);
#1301=EDGE_CURVE('',#1778,#1779,#2120,.T.);
#1302=EDGE_CURVE('',#1779,#1776,#2121,.T.);
#1303=EDGE_CURVE('',#1780,#1781,#2122,.T.);
#1304=EDGE_CURVE('',#1781,#1782,#2123,.T.);
#1305=EDGE_CURVE('',#1782,#1783,#2124,.T.);
#1306=EDGE_CURVE('',#1783,#1780,#2125,.T.);
#1307=EDGE_CURVE('',#1784,#1785,#2126,.T.);
#1308=EDGE_CURVE('',#1785,#1786,#2127,.T.);
#1309=EDGE_CURVE('',#1786,#1787,#2128,.T.);
#1310=EDGE_CURVE('',#1787,#1784,#2129,.T.);
#1311=EDGE_CURVE('',#1788,#1789,#2130,.T.);
#1312=EDGE_CURVE('',#1789,#1760,#2131,.T.);
#1313=EDGE_CURVE('',#1759,#1788,#2132,.T.);
#1314=EDGE_CURVE('',#1790,#1791,#2133,.T.);
#1315=EDGE_CURVE('',#1791,#1792,#2134,.T.);
#1316=EDGE_CURVE('',#1792,#1793,#2135,.T.);
#1317=EDGE_CURVE('',#1793,#1790,#2136,.T.);
#1318=EDGE_CURVE('',#1794,#1795,#2137,.T.);
#1319=EDGE_CURVE('',#1795,#1796,#2138,.T.);
#1320=EDGE_CURVE('',#1796,#1797,#2139,.T.);
#1321=EDGE_CURVE('',#1797,#1794,#2140,.T.);
#1322=EDGE_CURVE('',#1798,#1799,#47,.T.);
#1323=EDGE_CURVE('',#1799,#1800,#48,.T.);
#1324=EDGE_CURVE('',#1800,#1801,#49,.T.);
#1325=EDGE_CURVE('',#1801,#1798,#50,.T.);
#1326=EDGE_CURVE('',#1739,#1800,#51,.F.);
#1327=EDGE_CURVE('',#1801,#1738,#52,.F.);
#1328=EDGE_CURVE('',#1798,#1737,#53,.F.);
#1329=EDGE_CURVE('',#1754,#1800,#54,.F.);
#1330=EDGE_CURVE('',#1739,#1761,#55,.T.);
#1331=EDGE_CURVE('',#1788,#1790,#2141,.F.);
#1332=EDGE_CURVE('',#1791,#1759,#2142,.F.);
#1333=EDGE_CURVE('',#1788,#1786,#2143,.T.);
#1334=EDGE_CURVE('',#1786,#1790,#2144,.T.);
#1335=EDGE_CURVE('',#1732,#1760,#2145,.T.);
#1336=EDGE_CURVE('',#1799,#1736,#56,.F.);
#1337=EDGE_CURVE('',#1755,#1799,#57,.F.);
#1338=EDGE_CURVE('',#1792,#1758,#2146,.T.);
#1339=EDGE_CURVE('',#1793,#1794,#2147,.T.);
#1340=EDGE_CURVE('',#1795,#1792,#2148,.T.);
#1341=EDGE_CURVE('',#1787,#1793,#2149,.F.);
#1342=EDGE_CURVE('',#1789,#1785,#2150,.F.);
#1343=EDGE_CURVE('',#1733,#1789,#2151,.T.);
#1344=EDGE_CURVE('',#1756,#1736,#58,.T.);
#1345=EDGE_CURVE('',#1795,#1758,#2152,.T.);
#1346=EDGE_CURVE('',#1787,#1794,#2153,.F.);
#1347=EDGE_CURVE('',#1733,#1785,#2154,.F.);
#1348=EDGE_CURVE('',#1757,#1735,#2155,.F.);
#1349=EDGE_CURVE('',#1796,#1757,#2156,.F.);
#1350=EDGE_CURVE('',#1784,#1797,#2157,.T.);
#1351=EDGE_CURVE('',#1734,#1784,#2158,.T.);
#1352=EDGE_CURVE('',#1796,#1735,#2159,.T.);
#1353=EDGE_CURVE('',#1734,#1797,#2160,.T.);
#1354=EDGE_CURVE('',#1771,#1762,#2161,.T.);
#1355=EDGE_CURVE('',#1763,#1770,#2162,.T.);
#1356=EDGE_CURVE('',#1771,#1780,#2163,.F.);
#1357=EDGE_CURVE('',#1780,#1762,#2164,.T.);
#1358=EDGE_CURVE('',#1763,#1775,#2165,.F.);
#1359=EDGE_CURVE('',#1775,#1770,#2166,.T.);
#1360=EDGE_CURVE('',#1781,#1765,#2167,.F.);
#1361=EDGE_CURVE('',#1768,#1783,#2168,.T.);
#1362=EDGE_CURVE('',#1769,#1744,#2169,.T.);
#1363=EDGE_CURVE('',#1745,#1768,#2170,.T.);
#1364=EDGE_CURVE('',#1772,#1769,#2171,.F.);
#1365=EDGE_CURVE('',#1764,#1774,#2172,.T.);
#1366=EDGE_CURVE('',#1765,#1776,#2173,.F.);
#1367=EDGE_CURVE('',#1777,#1764,#2174,.F.);
#1368=EDGE_CURVE('',#1781,#1776,#2175,.T.);
#1369=EDGE_CURVE('',#1747,#1783,#2176,.F.);
#1370=EDGE_CURVE('',#1772,#1743,#2177,.F.);
#1371=EDGE_CURVE('',#1777,#1774,#2178,.F.);
#1372=EDGE_CURVE('',#1782,#1779,#2179,.F.);
#1373=EDGE_CURVE('',#1748,#1782,#2180,.T.);
#1374=EDGE_CURVE('',#1773,#1753,#2181,.T.);
#1375=EDGE_CURVE('',#1778,#1773,#2182,.T.);
#1376=EDGE_CURVE('',#1750,#1779,#2183,.F.);
#1377=EDGE_CURVE('',#1778,#1751,#2184,.F.);
#1378=EDGE_CURVE('',#1767,#1740,#59,.F.);
#1379=EDGE_CURVE('',#1741,#1766,#60,.F.);
#1380=EDGE_CURVE('',#1802,#1803,#2185,.T.);
#1381=EDGE_CURVE('',#1804,#1802,#2186,.T.);
#1382=EDGE_CURVE('',#1805,#1804,#2187,.T.);
#1383=EDGE_CURVE('',#1803,#1805,#2188,.T.);
#1384=EDGE_CURVE('',#1803,#1806,#2189,.T.);
#1385=EDGE_CURVE('',#1807,#1805,#2190,.T.);
#1386=EDGE_CURVE('',#1808,#1807,#2191,.T.);
#1387=EDGE_CURVE('',#1809,#1808,#2192,.T.);
#1388=EDGE_CURVE('',#1810,#1809,#2193,.T.);
#1389=EDGE_CURVE('',#1810,#1811,#2194,.T.);
#1390=EDGE_CURVE('',#1806,#1811,#2195,.T.);
#1391=EDGE_CURVE('',#1802,#1812,#2196,.T.);
#1392=EDGE_CURVE('',#1813,#1812,#2197,.T.);
#1393=EDGE_CURVE('',#1813,#1804,#2198,.T.);
#1394=EDGE_CURVE('',#1814,#1813,#2199,.T.);
#1395=EDGE_CURVE('',#1812,#1815,#2200,.T.);
#1396=EDGE_CURVE('',#1814,#1815,#2201,.T.);
#1397=EDGE_CURVE('',#1816,#1814,#2202,.T.);
#1398=EDGE_CURVE('',#1807,#1816,#2203,.T.);
#1399=EDGE_CURVE('',#1810,#1817,#2204,.T.);
#1400=EDGE_CURVE('',#1809,#1818,#2205,.T.);
#1401=EDGE_CURVE('',#1817,#1818,#2206,.T.);
#1402=EDGE_CURVE('',#1811,#1819,#2207,.T.);
#1403=EDGE_CURVE('',#1819,#1820,#2208,.T.);
#1404=EDGE_CURVE('',#1820,#1821,#2209,.T.);
#1405=EDGE_CURVE('',#1822,#1821,#2210,.T.);
#1406=EDGE_CURVE('',#1823,#1822,#2211,.T.);
#1407=EDGE_CURVE('',#1823,#1824,#2212,.T.);
#1408=EDGE_CURVE('',#1808,#1824,#2213,.T.);
#1409=EDGE_CURVE('',#1825,#1816,#2214,.T.);
#1410=EDGE_CURVE('',#1806,#1825,#2215,.T.);
#1411=EDGE_CURVE('',#1826,#1827,#2216,.T.);
#1412=EDGE_CURVE('',#1827,#1824,#2217,.T.);
#1413=EDGE_CURVE('',#1826,#1823,#2218,.T.);
#1414=EDGE_CURVE('',#1826,#1828,#2219,.T.);
#1415=EDGE_CURVE('',#1828,#1829,#2220,.T.);
#1416=EDGE_CURVE('',#1830,#1829,#2221,.T.);
#1417=EDGE_CURVE('',#1831,#1830,#2222,.T.);
#1418=EDGE_CURVE('',#1827,#1831,#2223,.T.);
#1419=EDGE_CURVE('',#1832,#1833,#61,.T.);
#1420=EDGE_CURVE('',#1833,#1834,#62,.T.);
#1421=EDGE_CURVE('',#1834,#1835,#63,.T.);
#1422=EDGE_CURVE('',#1835,#1836,#2224,.T.);
#1423=EDGE_CURVE('',#1836,#1837,#64,.T.);
#1424=EDGE_CURVE('',#1837,#1838,#65,.T.);
#1425=EDGE_CURVE('',#1838,#1839,#66,.T.);
#1426=EDGE_CURVE('',#1839,#1840,#67,.T.);
#1427=EDGE_CURVE('',#1840,#1841,#2225,.T.);
#1428=EDGE_CURVE('',#1841,#1842,#2226,.T.);
#1429=EDGE_CURVE('',#1842,#1843,#2227,.T.);
#1430=EDGE_CURVE('',#1843,#1844,#68,.T.);
#1431=EDGE_CURVE('',#1844,#1845,#69,.T.);
#1432=EDGE_CURVE('',#1845,#1846,#2228,.T.);
#1433=EDGE_CURVE('',#1846,#1847,#70,.T.);
#1434=EDGE_CURVE('',#1847,#1848,#71,.T.);
#1435=EDGE_CURVE('',#1848,#1849,#2229,.T.);
#1436=EDGE_CURVE('',#1849,#1850,#2230,.T.);
#1437=EDGE_CURVE('',#1850,#1851,#2231,.T.);
#1438=EDGE_CURVE('',#1851,#1832,#72,.T.);
#1439=EDGE_CURVE('',#1852,#1853,#2232,.T.);
#1440=EDGE_CURVE('',#1853,#1854,#2233,.T.);
#1441=EDGE_CURVE('',#1854,#1855,#2234,.T.);
#1442=EDGE_CURVE('',#1855,#1856,#2235,.T.);
#1443=EDGE_CURVE('',#1856,#1857,#2236,.T.);
#1444=EDGE_CURVE('',#1857,#1858,#2237,.T.);
#1445=EDGE_CURVE('',#1858,#1859,#2238,.T.);
#1446=EDGE_CURVE('',#1859,#1860,#2239,.T.);
#1447=EDGE_CURVE('',#1860,#1861,#2240,.T.);
#1448=EDGE_CURVE('',#1861,#1862,#2241,.T.);
#1449=EDGE_CURVE('',#1862,#1863,#2242,.T.);
#1450=EDGE_CURVE('',#1863,#1864,#2243,.T.);
#1451=EDGE_CURVE('',#1864,#1865,#2244,.T.);
#1452=EDGE_CURVE('',#1865,#1866,#2245,.T.);
#1453=EDGE_CURVE('',#1866,#1867,#2246,.T.);
#1454=EDGE_CURVE('',#1867,#1852,#2247,.T.);
#1455=EDGE_CURVE('',#1815,#1825,#2248,.T.);
#1456=EDGE_CURVE('',#1831,#1819,#2249,.T.);
#1457=EDGE_CURVE('',#1830,#1820,#2250,.T.);
#1458=EDGE_CURVE('',#1828,#1822,#2251,.T.);
#1459=EDGE_CURVE('',#1829,#1821,#2252,.T.);
#1460=EDGE_CURVE('',#1868,#1833,#2253,.T.);
#1461=EDGE_CURVE('',#1868,#1869,#73,.T.);
#1462=EDGE_CURVE('',#1869,#1834,#2254,.T.);
#1463=EDGE_CURVE('',#1870,#1832,#2255,.T.);
#1464=EDGE_CURVE('',#1870,#1868,#74,.T.);
#1465=EDGE_CURVE('',#1871,#1851,#2256,.T.);
#1466=EDGE_CURVE('',#1871,#1870,#75,.T.);
#1467=EDGE_CURVE('',#1872,#1850,#2257,.T.);
#1468=EDGE_CURVE('',#1872,#1871,#2258,.T.);
#1469=EDGE_CURVE('',#1873,#1849,#2259,.T.);
#1470=EDGE_CURVE('',#1873,#1872,#2260,.T.);
#1471=EDGE_CURVE('',#1874,#1848,#2261,.T.);
#1472=EDGE_CURVE('',#1874,#1873,#2262,.T.);
#1473=EDGE_CURVE('',#1875,#1847,#2263,.T.);
#1474=EDGE_CURVE('',#1875,#1874,#76,.T.);
#1475=EDGE_CURVE('',#1876,#1846,#2264,.T.);
#1476=EDGE_CURVE('',#1876,#1875,#77,.T.);
#1477=EDGE_CURVE('',#1877,#1845,#2265,.T.);
#1478=EDGE_CURVE('',#1877,#1876,#2266,.T.);
#1479=EDGE_CURVE('',#1878,#1844,#2267,.T.);
#1480=EDGE_CURVE('',#1878,#1877,#78,.T.);
#1481=EDGE_CURVE('',#1879,#1843,#2268,.T.);
#1482=EDGE_CURVE('',#1879,#1878,#79,.T.);
#1483=EDGE_CURVE('',#1880,#1842,#2269,.T.);
#1484=EDGE_CURVE('',#1880,#1879,#2270,.T.);
#1485=EDGE_CURVE('',#1881,#1841,#2271,.T.);
#1486=EDGE_CURVE('',#1881,#1880,#2272,.T.);
#1487=EDGE_CURVE('',#1882,#1840,#2273,.T.);
#1488=EDGE_CURVE('',#1882,#1881,#2274,.T.);
#1489=EDGE_CURVE('',#1883,#1839,#2275,.T.);
#1490=EDGE_CURVE('',#1883,#1882,#80,.T.);
#1491=EDGE_CURVE('',#1884,#1838,#2276,.T.);
#1492=EDGE_CURVE('',#1884,#1883,#81,.T.);
#1493=EDGE_CURVE('',#1885,#1837,#2277,.T.);
#1494=EDGE_CURVE('',#1885,#1884,#82,.T.);
#1495=EDGE_CURVE('',#1886,#1836,#2278,.T.);
#1496=EDGE_CURVE('',#1886,#1885,#83,.T.);
#1497=EDGE_CURVE('',#1887,#1835,#2279,.T.);
#1498=EDGE_CURVE('',#1887,#1886,#2280,.T.);
#1499=EDGE_CURVE('',#1869,#1887,#84,.T.);
#1500=EDGE_CURVE('',#1888,#1853,#2281,.T.);
#1501=EDGE_CURVE('',#1888,#1889,#2282,.T.);
#1502=EDGE_CURVE('',#1889,#1854,#2283,.T.);
#1503=EDGE_CURVE('',#1890,#1852,#2284,.T.);
#1504=EDGE_CURVE('',#1890,#1888,#2285,.T.);
#1505=EDGE_CURVE('',#1891,#1867,#2286,.T.);
#1506=EDGE_CURVE('',#1891,#1890,#2287,.T.);
#1507=EDGE_CURVE('',#1892,#1866,#2288,.T.);
#1508=EDGE_CURVE('',#1892,#1891,#2289,.T.);
#1509=EDGE_CURVE('',#1893,#1865,#2290,.T.);
#1510=EDGE_CURVE('',#1893,#1892,#2291,.T.);
#1511=EDGE_CURVE('',#1894,#1864,#2292,.T.);
#1512=EDGE_CURVE('',#1894,#1893,#2293,.T.);
#1513=EDGE_CURVE('',#1895,#1863,#2294,.T.);
#1514=EDGE_CURVE('',#1895,#1894,#2295,.T.);
#1515=EDGE_CURVE('',#1896,#1862,#2296,.T.);
#1516=EDGE_CURVE('',#1896,#1895,#2297,.T.);
#1517=EDGE_CURVE('',#1897,#1861,#2298,.T.);
#1518=EDGE_CURVE('',#1897,#1896,#2299,.T.);
#1519=EDGE_CURVE('',#1898,#1860,#2300,.T.);
#1520=EDGE_CURVE('',#1898,#1897,#2301,.T.);
#1521=EDGE_CURVE('',#1899,#1859,#2302,.T.);
#1522=EDGE_CURVE('',#1899,#1898,#2303,.T.);
#1523=EDGE_CURVE('',#1900,#1858,#2304,.T.);
#1524=EDGE_CURVE('',#1900,#1899,#2305,.T.);
#1525=EDGE_CURVE('',#1901,#1857,#2306,.T.);
#1526=EDGE_CURVE('',#1901,#1900,#2307,.T.);
#1527=EDGE_CURVE('',#1902,#1856,#2308,.T.);
#1528=EDGE_CURVE('',#1902,#1901,#2309,.T.);
#1529=EDGE_CURVE('',#1903,#1855,#2310,.T.);
#1530=EDGE_CURVE('',#1903,#1902,#2311,.T.);
#1531=EDGE_CURVE('',#1889,#1903,#2312,.T.);
#1532=EDGE_CURVE('',#1817,#1831,#2313,.T.);
#1533=EDGE_CURVE('',#1818,#1827,#2314,.T.);
#1534=EDGE_CURVE('',#1904,#1905,#2315,.T.);
#1535=EDGE_CURVE('',#1905,#1906,#2316,.T.);
#1536=EDGE_CURVE('',#1906,#1907,#2317,.T.);
#1537=EDGE_CURVE('',#1907,#1904,#2318,.T.);
#1538=EDGE_CURVE('',#1908,#1909,#2319,.T.);
#1539=EDGE_CURVE('',#1910,#1908,#2320,.T.);
#1540=EDGE_CURVE('',#1910,#1911,#2321,.T.);
#1541=EDGE_CURVE('',#1912,#1911,#2322,.T.);
#1542=EDGE_CURVE('',#1913,#1912,#2323,.T.);
#1543=EDGE_CURVE('',#1913,#1914,#2324,.T.);
#1544=EDGE_CURVE('',#1915,#1914,#2325,.T.);
#1545=EDGE_CURVE('',#1916,#1915,#2326,.T.);
#1546=EDGE_CURVE('',#1916,#1917,#2327,.T.);
#1547=EDGE_CURVE('',#1918,#1917,#2328,.T.);
#1548=EDGE_CURVE('',#1919,#1918,#2329,.T.);
#1549=EDGE_CURVE('',#1919,#1909,#2330,.T.);
#1550=EDGE_CURVE('',#1920,#1921,#2331,.T.);
#1551=EDGE_CURVE('',#1921,#1922,#2332,.T.);
#1552=EDGE_CURVE('',#1922,#1923,#2333,.T.);
#1553=EDGE_CURVE('',#1923,#1920,#2334,.T.);
#1554=EDGE_CURVE('',#1924,#1925,#85,.T.);
#1555=EDGE_CURVE('',#1925,#1924,#86,.T.);
#1556=EDGE_CURVE('',#1926,#1927,#2335,.T.);
#1557=EDGE_CURVE('',#1927,#1928,#2336,.T.);
#1558=EDGE_CURVE('',#1928,#1929,#2337,.T.);
#1559=EDGE_CURVE('',#1929,#1926,#2338,.T.);
#1560=EDGE_CURVE('',#1930,#1931,#2339,.T.);
#1561=EDGE_CURVE('',#1931,#1932,#2340,.T.);
#1562=EDGE_CURVE('',#1932,#1933,#2341,.T.);
#1563=EDGE_CURVE('',#1933,#1930,#2342,.T.);
#1564=EDGE_CURVE('',#1934,#1935,#2343,.T.);
#1565=EDGE_CURVE('',#1935,#1936,#2344,.T.);
#1566=EDGE_CURVE('',#1936,#1937,#2345,.T.);
#1567=EDGE_CURVE('',#1937,#1934,#2346,.T.);
#1568=EDGE_CURVE('',#1938,#1939,#2347,.T.);
#1569=EDGE_CURVE('',#1939,#1940,#2348,.T.);
#1570=EDGE_CURVE('',#1940,#1941,#2349,.T.);
#1571=EDGE_CURVE('',#1941,#1938,#2350,.T.);
#1572=EDGE_CURVE('',#1942,#1943,#2351,.T.);
#1573=EDGE_CURVE('',#1942,#1944,#2352,.T.);
#1574=EDGE_CURVE('',#1944,#1945,#2353,.T.);
#1575=EDGE_CURVE('',#1945,#1946,#2354,.T.);
#1576=EDGE_CURVE('',#1946,#1947,#2355,.T.);
#1577=EDGE_CURVE('',#1947,#1948,#2356,.T.);
#1578=EDGE_CURVE('',#1948,#1949,#2357,.T.);
#1579=EDGE_CURVE('',#1943,#1949,#2358,.T.);
#1580=EDGE_CURVE('',#1950,#1951,#2359,.T.);
#1581=EDGE_CURVE('',#1951,#1952,#2360,.T.);
#1582=EDGE_CURVE('',#1952,#1953,#2361,.T.);
#1583=EDGE_CURVE('',#1953,#1950,#2362,.T.);
#1584=EDGE_CURVE('',#1954,#1955,#2363,.T.);
#1585=EDGE_CURVE('',#1955,#1956,#87,.T.);
#1586=EDGE_CURVE('',#1956,#1957,#2364,.T.);
#1587=EDGE_CURVE('',#1957,#1958,#2365,.T.);
#1588=EDGE_CURVE('',#1958,#1959,#2366,.T.);
#1589=EDGE_CURVE('',#1959,#1954,#2367,.T.);
#1590=EDGE_CURVE('',#1960,#1961,#2368,.T.);
#1591=EDGE_CURVE('',#1961,#1962,#2369,.T.);
#1592=EDGE_CURVE('',#1962,#1963,#2370,.T.);
#1593=EDGE_CURVE('',#1963,#1960,#2371,.T.);
#1594=EDGE_CURVE('',#1964,#1965,#2372,.T.);
#1595=EDGE_CURVE('',#1965,#1966,#2373,.T.);
#1596=EDGE_CURVE('',#1966,#1967,#2374,.T.);
#1597=EDGE_CURVE('',#1967,#1964,#2375,.T.);
#1598=EDGE_CURVE('',#1968,#1969,#2376,.T.);
#1599=EDGE_CURVE('',#1969,#1970,#2377,.T.);
#1600=EDGE_CURVE('',#1971,#1970,#2378,.T.);
#1601=EDGE_CURVE('',#1972,#1971,#2379,.T.);
#1602=EDGE_CURVE('',#1972,#1973,#2380,.T.);
#1603=EDGE_CURVE('',#1973,#1974,#2381,.T.);
#1604=EDGE_CURVE('',#1974,#1975,#2382,.T.);
#1605=EDGE_CURVE('',#1975,#1968,#2383,.T.);
#1606=EDGE_CURVE('',#1976,#1977,#2384,.T.);
#1607=EDGE_CURVE('',#1977,#1978,#2385,.T.);
#1608=EDGE_CURVE('',#1978,#1979,#2386,.T.);
#1609=EDGE_CURVE('',#1979,#1980,#2387,.T.);
#1610=EDGE_CURVE('',#1981,#1980,#88,.T.);
#1611=EDGE_CURVE('',#1981,#1982,#89,.T.);
#1612=EDGE_CURVE('',#1983,#1982,#90,.T.);
#1613=EDGE_CURVE('',#1983,#1976,#2388,.T.);
#1614=EDGE_CURVE('',#1961,#1946,#2389,.F.);
#1615=EDGE_CURVE('',#1947,#1960,#2390,.F.);
#1616=EDGE_CURVE('',#1961,#1964,#2391,.F.);
#1617=EDGE_CURVE('',#1964,#1946,#2392,.F.);
#1618=EDGE_CURVE('',#1947,#1907,#2393,.T.);
#1619=EDGE_CURVE('',#1907,#1960,#2394,.T.);
#1620=EDGE_CURVE('',#1965,#1945,#2395,.T.);
#1621=EDGE_CURVE('',#1962,#1967,#2396,.T.);
#1622=EDGE_CURVE('',#1963,#1974,#2397,.T.);
#1623=EDGE_CURVE('',#1975,#1962,#2398,.T.);
#1624=EDGE_CURVE('',#1904,#1963,#2399,.F.);
#1625=EDGE_CURVE('',#1948,#1906,#2400,.F.);
#1626=EDGE_CURVE('',#1979,#1944,#2401,.T.);
#1627=EDGE_CURVE('',#1945,#1978,#2402,.T.);
#1628=EDGE_CURVE('',#1980,#1956,#91,.F.);
#1629=EDGE_CURVE('',#1957,#1979,#2403,.T.);
#1630=EDGE_CURVE('',#1925,#1956,#92,.F.);
#1631=EDGE_CURVE('',#1981,#1925,#93,.F.);
#1632=EDGE_CURVE('',#1965,#1978,#2404,.T.);
#1633=EDGE_CURVE('',#1975,#1967,#2405,.T.);
#1634=EDGE_CURVE('',#1904,#1974,#2406,.F.);
#1635=EDGE_CURVE('',#1948,#1953,#2407,.F.);
#1636=EDGE_CURVE('',#1953,#1906,#2408,.F.);
#1637=EDGE_CURVE('',#1957,#1944,#2409,.T.);
#1638=EDGE_CURVE('',#1924,#1955,#94,.F.);
#1639=EDGE_CURVE('',#1982,#1924,#95,.F.);
#1640=EDGE_CURVE('',#1966,#1977,#2410,.F.);
#1641=EDGE_CURVE('',#1968,#1966,#2411,.F.);
#1642=EDGE_CURVE('',#1905,#1973,#2412,.T.);
#1643=EDGE_CURVE('',#1950,#1905,#2413,.T.);
#1644=EDGE_CURVE('',#1949,#1952,#2414,.T.);
#1645=EDGE_CURVE('',#1958,#1942,#2415,.T.);
#1646=EDGE_CURVE('',#1983,#1955,#96,.T.);
#1647=EDGE_CURVE('',#1968,#1977,#2416,.T.);
#1648=EDGE_CURVE('',#1950,#1973,#2417,.T.);
#1649=EDGE_CURVE('',#1958,#1952,#2418,.F.);
#1650=EDGE_CURVE('',#1976,#1954,#2419,.T.);
#1651=EDGE_CURVE('',#1969,#1976,#2420,.F.);
#1652=EDGE_CURVE('',#1951,#1972,#2421,.T.);
#1653=EDGE_CURVE('',#1959,#1951,#2422,.T.);
#1654=EDGE_CURVE('',#1969,#1954,#2423,.F.);
#1655=EDGE_CURVE('',#1959,#1970,#2424,.F.);
#1656=EDGE_CURVE('',#1911,#1941,#2425,.T.);
#1657=EDGE_CURVE('',#1938,#1910,#2426,.T.);
#1658=EDGE_CURVE('',#1934,#1941,#2427,.F.);
#1659=EDGE_CURVE('',#1913,#1934,#2428,.F.);
#1660=EDGE_CURVE('',#1929,#1909,#2429,.F.);
#1661=EDGE_CURVE('',#1938,#1929,#2430,.T.);
#1662=EDGE_CURVE('',#1935,#1940,#2431,.T.);
#1663=EDGE_CURVE('',#1914,#1937,#2432,.T.);
#1664=EDGE_CURVE('',#1917,#1933,#2433,.T.);
#1665=EDGE_CURVE('',#1930,#1916,#2434,.T.);
#1666=EDGE_CURVE('',#1926,#1919,#2435,.T.);
#1667=EDGE_CURVE('',#1939,#1928,#2436,.F.);
#1668=EDGE_CURVE('',#1940,#1920,#2437,.T.);
#1669=EDGE_CURVE('',#1921,#1939,#2438,.T.);
#1670=EDGE_CURVE('',#1935,#1920,#2439,.T.);
#1671=EDGE_CURVE('',#1930,#1937,#2440,.T.);
#1672=EDGE_CURVE('',#1926,#1933,#2441,.F.);
#1673=EDGE_CURVE('',#1921,#1928,#2442,.F.);
#1674=EDGE_CURVE('',#1936,#1923,#2443,.F.);
#1675=EDGE_CURVE('',#1931,#1936,#2444,.F.);
#1676=EDGE_CURVE('',#1927,#1932,#2445,.T.);
#1677=EDGE_CURVE('',#1922,#1927,#2446,.T.);
#1678=EDGE_CURVE('',#1931,#1923,#2447,.T.);
#1679=EDGE_CURVE('',#1922,#1932,#2448,.T.);
#1680=VERTEX_POINT('',#4997);
#1681=VERTEX_POINT('',#4998);
#1682=VERTEX_POINT('',#5000);
#1683=VERTEX_POINT('',#5002);
#1684=VERTEX_POINT('',#5005);
#1685=VERTEX_POINT('',#5006);
#1686=VERTEX_POINT('',#5008);
#1687=VERTEX_POINT('',#5010);
#1688=VERTEX_POINT('',#5012);
#1689=VERTEX_POINT('',#5014);
#1690=VERTEX_POINT('',#5016);
#1691=VERTEX_POINT('',#5018);
#1692=VERTEX_POINT('',#5022);
#1693=VERTEX_POINT('',#5023);
#1694=VERTEX_POINT('',#5025);
#1695=VERTEX_POINT('',#5027);
#1696=VERTEX_POINT('',#5031);
#1697=VERTEX_POINT('',#5032);
#1698=VERTEX_POINT('',#5034);
#1699=VERTEX_POINT('',#5036);
#1700=VERTEX_POINT('',#5040);
#1701=VERTEX_POINT('',#5041);
#1702=VERTEX_POINT('',#5043);
#1703=VERTEX_POINT('',#5045);
#1704=VERTEX_POINT('',#5049);
#1705=VERTEX_POINT('',#5050);
#1706=VERTEX_POINT('',#5052);
#1707=VERTEX_POINT('',#5054);
#1708=VERTEX_POINT('',#5058);
#1709=VERTEX_POINT('',#5059);
#1710=VERTEX_POINT('',#5061);
#1711=VERTEX_POINT('',#5063);
#1712=VERTEX_POINT('',#5067);
#1713=VERTEX_POINT('',#5068);
#1714=VERTEX_POINT('',#5070);
#1715=VERTEX_POINT('',#5072);
#1716=VERTEX_POINT('',#5076);
#1717=VERTEX_POINT('',#5077);
#1718=VERTEX_POINT('',#5079);
#1719=VERTEX_POINT('',#5081);
#1720=VERTEX_POINT('',#5085);
#1721=VERTEX_POINT('',#5086);
#1722=VERTEX_POINT('',#5088);
#1723=VERTEX_POINT('',#5090);
#1724=VERTEX_POINT('',#5094);
#1725=VERTEX_POINT('',#5095);
#1726=VERTEX_POINT('',#5097);
#1727=VERTEX_POINT('',#5099);
#1728=VERTEX_POINT('',#5103);
#1729=VERTEX_POINT('',#5104);
#1730=VERTEX_POINT('',#5106);
#1731=VERTEX_POINT('',#5108);
#1732=VERTEX_POINT('',#5201);
#1733=VERTEX_POINT('',#5202);
#1734=VERTEX_POINT('',#5204);
#1735=VERTEX_POINT('',#5206);
#1736=VERTEX_POINT('',#5208);
#1737=VERTEX_POINT('',#5231);
#1738=VERTEX_POINT('',#5293);
#1739=VERTEX_POINT('',#5327);
#1740=VERTEX_POINT('',#5414);
#1741=VERTEX_POINT('',#5415);
#1742=VERTEX_POINT('',#5502);
#1743=VERTEX_POINT('',#5503);
#1744=VERTEX_POINT('',#5505);
#1745=VERTEX_POINT('',#5507);
#1746=VERTEX_POINT('',#5509);
#1747=VERTEX_POINT('',#5511);
#1748=VERTEX_POINT('',#5513);
#1749=VERTEX_POINT('',#5515);
#1750=VERTEX_POINT('',#5517);
#1751=VERTEX_POINT('',#5519);
#1752=VERTEX_POINT('',#5521);
#1753=VERTEX_POINT('',#5523);
#1754=VERTEX_POINT('',#5592);
#1755=VERTEX_POINT('',#5593);
#1756=VERTEX_POINT('',#5598);
#1757=VERTEX_POINT('',#5600);
#1758=VERTEX_POINT('',#5602);
#1759=VERTEX_POINT('',#5604);
#1760=VERTEX_POINT('',#5606);
#1761=VERTEX_POINT('',#5608);
#1762=VERTEX_POINT('',#5615);
#1763=VERTEX_POINT('',#5616);
#1764=VERTEX_POINT('',#5618);
#1765=VERTEX_POINT('',#5620);
#1766=VERTEX_POINT('',#5798);
#1767=VERTEX_POINT('',#5799);
#1768=VERTEX_POINT('',#5977);
#1769=VERTEX_POINT('',#5978);
#1770=VERTEX_POINT('',#5980);
#1771=VERTEX_POINT('',#5982);
#1772=VERTEX_POINT('',#5986);
#1773=VERTEX_POINT('',#5987);
#1774=VERTEX_POINT('',#5989);
#1775=VERTEX_POINT('',#5991);
#1776=VERTEX_POINT('',#5995);
#1777=VERTEX_POINT('',#5996);
#1778=VERTEX_POINT('',#5998);
#1779=VERTEX_POINT('',#6000);
#1780=VERTEX_POINT('',#6004);
#1781=VERTEX_POINT('',#6005);
#1782=VERTEX_POINT('',#6007);
#1783=VERTEX_POINT('',#6009);
#1784=VERTEX_POINT('',#6013);
#1785=VERTEX_POINT('',#6014);
#1786=VERTEX_POINT('',#6016);
#1787=VERTEX_POINT('',#6018);
#1788=VERTEX_POINT('',#6022);
#1789=VERTEX_POINT('',#6023);
#1790=VERTEX_POINT('',#6028);
#1791=VERTEX_POINT('',#6029);
#1792=VERTEX_POINT('',#6031);
#1793=VERTEX_POINT('',#6033);
#1794=VERTEX_POINT('',#6037);
#1795=VERTEX_POINT('',#6038);
#1796=VERTEX_POINT('',#6040);
#1797=VERTEX_POINT('',#6042);
#1798=VERTEX_POINT('',#6078);
#1799=VERTEX_POINT('',#6079);
#1800=VERTEX_POINT('',#6134);
#1801=VERTEX_POINT('',#6202);
#1802=VERTEX_POINT('',#7015);
#1803=VERTEX_POINT('',#7016);
#1804=VERTEX_POINT('',#7018);
#1805=VERTEX_POINT('',#7020);
#1806=VERTEX_POINT('',#7024);
#1807=VERTEX_POINT('',#7026);
#1808=VERTEX_POINT('',#7028);
#1809=VERTEX_POINT('',#7030);
#1810=VERTEX_POINT('',#7032);
#1811=VERTEX_POINT('',#7034);
#1812=VERTEX_POINT('',#7038);
#1813=VERTEX_POINT('',#7040);
#1814=VERTEX_POINT('',#7044);
#1815=VERTEX_POINT('',#7046);
#1816=VERTEX_POINT('',#7050);
#1817=VERTEX_POINT('',#7054);
#1818=VERTEX_POINT('',#7056);
#1819=VERTEX_POINT('',#7060);
#1820=VERTEX_POINT('',#7062);
#1821=VERTEX_POINT('',#7064);
#1822=VERTEX_POINT('',#7066);
#1823=VERTEX_POINT('',#7068);
#1824=VERTEX_POINT('',#7070);
#1825=VERTEX_POINT('',#7073);
#1826=VERTEX_POINT('',#7077);
#1827=VERTEX_POINT('',#7078);
#1828=VERTEX_POINT('',#7083);
#1829=VERTEX_POINT('',#7085);
#1830=VERTEX_POINT('',#7087);
#1831=VERTEX_POINT('',#7089);
#1832=VERTEX_POINT('',#7094);
#1833=VERTEX_POINT('',#7095);
#1834=VERTEX_POINT('',#7099);
#1835=VERTEX_POINT('',#7103);
#1836=VERTEX_POINT('',#7105);
#1837=VERTEX_POINT('',#7109);
#1838=VERTEX_POINT('',#7113);
#1839=VERTEX_POINT('',#7117);
#1840=VERTEX_POINT('',#7121);
#1841=VERTEX_POINT('',#7123);
#1842=VERTEX_POINT('',#7125);
#1843=VERTEX_POINT('',#7127);
#1844=VERTEX_POINT('',#7131);
#1845=VERTEX_POINT('',#7135);
#1846=VERTEX_POINT('',#7137);
#1847=VERTEX_POINT('',#7141);
#1848=VERTEX_POINT('',#7145);
#1849=VERTEX_POINT('',#7147);
#1850=VERTEX_POINT('',#7149);
#1851=VERTEX_POINT('',#7151);
#1852=VERTEX_POINT('',#7156);
#1853=VERTEX_POINT('',#7157);
#1854=VERTEX_POINT('',#7159);
#1855=VERTEX_POINT('',#7161);
#1856=VERTEX_POINT('',#7163);
#1857=VERTEX_POINT('',#7165);
#1858=VERTEX_POINT('',#7167);
#1859=VERTEX_POINT('',#7169);
#1860=VERTEX_POINT('',#7171);
#1861=VERTEX_POINT('',#7173);
#1862=VERTEX_POINT('',#7175);
#1863=VERTEX_POINT('',#7177);
#1864=VERTEX_POINT('',#7179);
#1865=VERTEX_POINT('',#7181);
#1866=VERTEX_POINT('',#7183);
#1867=VERTEX_POINT('',#7185);
#1868=VERTEX_POINT('',#7206);
#1869=VERTEX_POINT('',#7210);
#1870=VERTEX_POINT('',#7221);
#1871=VERTEX_POINT('',#7234);
#1872=VERTEX_POINT('',#7240);
#1873=VERTEX_POINT('',#7244);
#1874=VERTEX_POINT('',#7248);
#1875=VERTEX_POINT('',#7259);
#1876=VERTEX_POINT('',#7272);
#1877=VERTEX_POINT('',#7278);
#1878=VERTEX_POINT('',#7289);
#1879=VERTEX_POINT('',#7302);
#1880=VERTEX_POINT('',#7308);
#1881=VERTEX_POINT('',#7312);
#1882=VERTEX_POINT('',#7316);
#1883=VERTEX_POINT('',#7327);
#1884=VERTEX_POINT('',#7340);
#1885=VERTEX_POINT('',#7353);
#1886=VERTEX_POINT('',#7366);
#1887=VERTEX_POINT('',#7372);
#1888=VERTEX_POINT('',#7387);
#1889=VERTEX_POINT('',#7389);
#1890=VERTEX_POINT('',#7393);
#1891=VERTEX_POINT('',#7397);
#1892=VERTEX_POINT('',#7401);
#1893=VERTEX_POINT('',#7405);
#1894=VERTEX_POINT('',#7409);
#1895=VERTEX_POINT('',#7413);
#1896=VERTEX_POINT('',#7417);
#1897=VERTEX_POINT('',#7421);
#1898=VERTEX_POINT('',#7425);
#1899=VERTEX_POINT('',#7429);
#1900=VERTEX_POINT('',#7433);
#1901=VERTEX_POINT('',#7437);
#1902=VERTEX_POINT('',#7441);
#1903=VERTEX_POINT('',#7445);
#1904=VERTEX_POINT('',#7460);
#1905=VERTEX_POINT('',#7461);
#1906=VERTEX_POINT('',#7463);
#1907=VERTEX_POINT('',#7465);
#1908=VERTEX_POINT('',#7468);
#1909=VERTEX_POINT('',#7469);
#1910=VERTEX_POINT('',#7471);
#1911=VERTEX_POINT('',#7473);
#1912=VERTEX_POINT('',#7475);
#1913=VERTEX_POINT('',#7477);
#1914=VERTEX_POINT('',#7479);
#1915=VERTEX_POINT('',#7481);
#1916=VERTEX_POINT('',#7483);
#1917=VERTEX_POINT('',#7485);
#1918=VERTEX_POINT('',#7487);
#1919=VERTEX_POINT('',#7489);
#1920=VERTEX_POINT('',#7493);
#1921=VERTEX_POINT('',#7494);
#1922=VERTEX_POINT('',#7496);
#1923=VERTEX_POINT('',#7498);
#1924=VERTEX_POINT('',#7552);
#1925=VERTEX_POINT('',#7553);
#1926=VERTEX_POINT('',#7604);
#1927=VERTEX_POINT('',#7605);
#1928=VERTEX_POINT('',#7607);
#1929=VERTEX_POINT('',#7609);
#1930=VERTEX_POINT('',#7613);
#1931=VERTEX_POINT('',#7614);
#1932=VERTEX_POINT('',#7616);
#1933=VERTEX_POINT('',#7618);
#1934=VERTEX_POINT('',#7622);
#1935=VERTEX_POINT('',#7623);
#1936=VERTEX_POINT('',#7625);
#1937=VERTEX_POINT('',#7627);
#1938=VERTEX_POINT('',#7631);
#1939=VERTEX_POINT('',#7632);
#1940=VERTEX_POINT('',#7634);
#1941=VERTEX_POINT('',#7636);
#1942=VERTEX_POINT('',#7640);
#1943=VERTEX_POINT('',#7641);
#1944=VERTEX_POINT('',#7643);
#1945=VERTEX_POINT('',#7645);
#1946=VERTEX_POINT('',#7647);
#1947=VERTEX_POINT('',#7649);
#1948=VERTEX_POINT('',#7651);
#1949=VERTEX_POINT('',#7653);
#1950=VERTEX_POINT('',#7657);
#1951=VERTEX_POINT('',#7658);
#1952=VERTEX_POINT('',#7660);
#1953=VERTEX_POINT('',#7662);
#1954=VERTEX_POINT('',#7666);
#1955=VERTEX_POINT('',#7667);
#1956=VERTEX_POINT('',#7679);
#1957=VERTEX_POINT('',#7681);
#1958=VERTEX_POINT('',#7683);
#1959=VERTEX_POINT('',#7685);
#1960=VERTEX_POINT('',#7689);
#1961=VERTEX_POINT('',#7690);
#1962=VERTEX_POINT('',#7692);
#1963=VERTEX_POINT('',#7694);
#1964=VERTEX_POINT('',#7698);
#1965=VERTEX_POINT('',#7699);
#1966=VERTEX_POINT('',#7701);
#1967=VERTEX_POINT('',#7703);
#1968=VERTEX_POINT('',#7707);
#1969=VERTEX_POINT('',#7708);
#1970=VERTEX_POINT('',#7710);
#1971=VERTEX_POINT('',#7712);
#1972=VERTEX_POINT('',#7714);
#1973=VERTEX_POINT('',#7716);
#1974=VERTEX_POINT('',#7718);
#1975=VERTEX_POINT('',#7720);
#1976=VERTEX_POINT('',#7724);
#1977=VERTEX_POINT('',#7725);
#1978=VERTEX_POINT('',#7727);
#1979=VERTEX_POINT('',#7729);
#1980=VERTEX_POINT('',#7731);
#1981=VERTEX_POINT('',#7736);
#1982=VERTEX_POINT('',#7797);
#1983=VERTEX_POINT('',#7802);
#1984=LINE('',#4996,#2449);
#1985=LINE('',#4999,#2450);
#1986=LINE('',#5001,#2451);
#1987=LINE('',#5003,#2452);
#1988=LINE('',#5004,#2453);
#1989=LINE('',#5007,#2454);
#1990=LINE('',#5009,#2455);
#1991=LINE('',#5011,#2456);
#1992=LINE('',#5013,#2457);
#1993=LINE('',#5015,#2458);
#1994=LINE('',#5017,#2459);
#1995=LINE('',#5019,#2460);
#1996=LINE('',#5021,#2461);
#1997=LINE('',#5024,#2462);
#1998=LINE('',#5026,#2463);
#1999=LINE('',#5028,#2464);
#2000=LINE('',#5030,#2465);
#2001=LINE('',#5033,#2466);
#2002=LINE('',#5035,#2467);
#2003=LINE('',#5037,#2468);
#2004=LINE('',#5039,#2469);
#2005=LINE('',#5042,#2470);
#2006=LINE('',#5044,#2471);
#2007=LINE('',#5046,#2472);
#2008=LINE('',#5048,#2473);
#2009=LINE('',#5051,#2474);
#2010=LINE('',#5053,#2475);
#2011=LINE('',#5055,#2476);
#2012=LINE('',#5057,#2477);
#2013=LINE('',#5060,#2478);
#2014=LINE('',#5062,#2479);
#2015=LINE('',#5064,#2480);
#2016=LINE('',#5066,#2481);
#2017=LINE('',#5069,#2482);
#2018=LINE('',#5071,#2483);
#2019=LINE('',#5073,#2484);
#2020=LINE('',#5075,#2485);
#2021=LINE('',#5078,#2486);
#2022=LINE('',#5080,#2487);
#2023=LINE('',#5082,#2488);
#2024=LINE('',#5084,#2489);
#2025=LINE('',#5087,#2490);
#2026=LINE('',#5089,#2491);
#2027=LINE('',#5091,#2492);
#2028=LINE('',#5093,#2493);
#2029=LINE('',#5096,#2494);
#2030=LINE('',#5098,#2495);
#2031=LINE('',#5100,#2496);
#2032=LINE('',#5102,#2497);
#2033=LINE('',#5105,#2498);
#2034=LINE('',#5107,#2499);
#2035=LINE('',#5109,#2500);
#2036=LINE('',#5111,#2501);
#2037=LINE('',#5112,#2502);
#2038=LINE('',#5114,#2503);
#2039=LINE('',#5115,#2504);
#2040=LINE('',#5117,#2505);
#2041=LINE('',#5118,#2506);
#2042=LINE('',#5120,#2507);
#2043=LINE('',#5122,#2508);
#2044=LINE('',#5124,#2509);
#2045=LINE('',#5125,#2510);
#2046=LINE('',#5127,#2511);
#2047=LINE('',#5129,#2512);
#2048=LINE('',#5131,#2513);
#2049=LINE('',#5132,#2514);
#2050=LINE('',#5134,#2515);
#2051=LINE('',#5136,#2516);
#2052=LINE('',#5138,#2517);
#2053=LINE('',#5140,#2518);
#2054=LINE('',#5142,#2519);
#2055=LINE('',#5144,#2520);
#2056=LINE('',#5146,#2521);
#2057=LINE('',#5148,#2522);
#2058=LINE('',#5150,#2523);
#2059=LINE('',#5152,#2524);
#2060=LINE('',#5155,#2525);
#2061=LINE('',#5156,#2526);
#2062=LINE('',#5158,#2527);
#2063=LINE('',#5159,#2528);
#2064=LINE('',#5161,#2529);
#2065=LINE('',#5162,#2530);
#2066=LINE('',#5164,#2531);
#2067=LINE('',#5166,#2532);
#2068=LINE('',#5168,#2533);
#2069=LINE('',#5169,#2534);
#2070=LINE('',#5171,#2535);
#2071=LINE('',#5173,#2536);
#2072=LINE('',#5175,#2537);
#2073=LINE('',#5176,#2538);
#2074=LINE('',#5178,#2539);
#2075=LINE('',#5180,#2540);
#2076=LINE('',#5182,#2541);
#2077=LINE('',#5184,#2542);
#2078=LINE('',#5186,#2543);
#2079=LINE('',#5188,#2544);
#2080=LINE('',#5190,#2545);
#2081=LINE('',#5192,#2546);
#2082=LINE('',#5194,#2547);
#2083=LINE('',#5196,#2548);
#2084=LINE('',#5200,#2549);
#2085=LINE('',#5203,#2550);
#2086=LINE('',#5205,#2551);
#2087=LINE('',#5207,#2552);
#2088=LINE('',#5328,#2553);
#2089=LINE('',#5501,#2554);
#2090=LINE('',#5504,#2555);
#2091=LINE('',#5506,#2556);
#2092=LINE('',#5508,#2557);
#2093=LINE('',#5510,#2558);
#2094=LINE('',#5512,#2559);
#2095=LINE('',#5514,#2560);
#2096=LINE('',#5516,#2561);
#2097=LINE('',#5518,#2562);
#2098=LINE('',#5520,#2563);
#2099=LINE('',#5522,#2564);
#2100=LINE('',#5524,#2565);
#2101=LINE('',#5599,#2566);
#2102=LINE('',#5601,#2567);
#2103=LINE('',#5603,#2568);
#2104=LINE('',#5605,#2569);
#2105=LINE('',#5607,#2570);
#2106=LINE('',#5614,#2571);
#2107=LINE('',#5617,#2572);
#2108=LINE('',#5619,#2573);
#2109=LINE('',#5621,#2574);
#2110=LINE('',#5976,#2575);
#2111=LINE('',#5979,#2576);
#2112=LINE('',#5981,#2577);
#2113=LINE('',#5983,#2578);
#2114=LINE('',#5985,#2579);
#2115=LINE('',#5988,#2580);
#2116=LINE('',#5990,#2581);
#2117=LINE('',#5992,#2582);
#2118=LINE('',#5994,#2583);
#2119=LINE('',#5997,#2584);
#2120=LINE('',#5999,#2585);
#2121=LINE('',#6001,#2586);
#2122=LINE('',#6003,#2587);
#2123=LINE('',#6006,#2588);
#2124=LINE('',#6008,#2589);
#2125=LINE('',#6010,#2590);
#2126=LINE('',#6012,#2591);
#2127=LINE('',#6015,#2592);
#2128=LINE('',#6017,#2593);
#2129=LINE('',#6019,#2594);
#2130=LINE('',#6021,#2595);
#2131=LINE('',#6024,#2596);
#2132=LINE('',#6025,#2597);
#2133=LINE('',#6027,#2598);
#2134=LINE('',#6030,#2599);
#2135=LINE('',#6032,#2600);
#2136=LINE('',#6034,#2601);
#2137=LINE('',#6036,#2602);
#2138=LINE('',#6039,#2603);
#2139=LINE('',#6041,#2604);
#2140=LINE('',#6043,#2605);
#2141=LINE('',#6579,#2606);
#2142=LINE('',#6580,#2607);
#2143=LINE('',#6582,#2608);
#2144=LINE('',#6583,#2609);
#2145=LINE('',#6585,#2610);
#2146=LINE('',#6699,#2611);
#2147=LINE('',#6701,#2612);
#2148=LINE('',#6702,#2613);
#2149=LINE('',#6704,#2614);
#2150=LINE('',#6706,#2615);
#2151=LINE('',#6708,#2616);
#2152=LINE('',#6718,#2617);
#2153=LINE('',#6720,#2618);
#2154=LINE('',#6722,#2619);
#2155=LINE('',#6724,#2620);
#2156=LINE('',#6726,#2621);
#2157=LINE('',#6728,#2622);
#2158=LINE('',#6730,#2623);
#2159=LINE('',#6732,#2624);
#2160=LINE('',#6734,#2625);
#2161=LINE('',#6737,#2626);
#2162=LINE('',#6738,#2627);
#2163=LINE('',#6740,#2628);
#2164=LINE('',#6741,#2629);
#2165=LINE('',#6743,#2630);
#2166=LINE('',#6744,#2631);
#2167=LINE('',#6746,#2632);
#2168=LINE('',#6748,#2633);
#2169=LINE('',#6750,#2634);
#2170=LINE('',#6751,#2635);
#2171=LINE('',#6753,#2636);
#2172=LINE('',#6755,#2637);
#2173=LINE('',#6757,#2638);
#2174=LINE('',#6758,#2639);
#2175=LINE('',#6760,#2640);
#2176=LINE('',#6762,#2641);
#2177=LINE('',#6764,#2642);
#2178=LINE('',#6766,#2643);
#2179=LINE('',#6768,#2644);
#2180=LINE('',#6770,#2645);
#2181=LINE('',#6772,#2646);
#2182=LINE('',#6774,#2647);
#2183=LINE('',#6776,#2648);
#2184=LINE('',#6778,#2649);
#2185=LINE('',#7014,#2650);
#2186=LINE('',#7017,#2651);
#2187=LINE('',#7019,#2652);
#2188=LINE('',#7021,#2653);
#2189=LINE('',#7023,#2654);
#2190=LINE('',#7025,#2655);
#2191=LINE('',#7027,#2656);
#2192=LINE('',#7029,#2657);
#2193=LINE('',#7031,#2658);
#2194=LINE('',#7033,#2659);
#2195=LINE('',#7035,#2660);
#2196=LINE('',#7037,#2661);
#2197=LINE('',#7039,#2662);
#2198=LINE('',#7041,#2663);
#2199=LINE('',#7043,#2664);
#2200=LINE('',#7045,#2665);
#2201=LINE('',#7047,#2666);
#2202=LINE('',#7049,#2667);
#2203=LINE('',#7051,#2668);
#2204=LINE('',#7053,#2669);
#2205=LINE('',#7055,#2670);
#2206=LINE('',#7057,#2671);
#2207=LINE('',#7059,#2672);
#2208=LINE('',#7061,#2673);
#2209=LINE('',#7063,#2674);
#2210=LINE('',#7065,#2675);
#2211=LINE('',#7067,#2676);
#2212=LINE('',#7069,#2677);
#2213=LINE('',#7071,#2678);
#2214=LINE('',#7072,#2679);
#2215=LINE('',#7074,#2680);
#2216=LINE('',#7076,#2681);
#2217=LINE('',#7079,#2682);
#2218=LINE('',#7080,#2683);
#2219=LINE('',#7082,#2684);
#2220=LINE('',#7084,#2685);
#2221=LINE('',#7086,#2686);
#2222=LINE('',#7088,#2687);
#2223=LINE('',#7090,#2688);
#2224=LINE('',#7104,#2689);
#2225=LINE('',#7122,#2690);
#2226=LINE('',#7124,#2691);
#2227=LINE('',#7126,#2692);
#2228=LINE('',#7136,#2693);
#2229=LINE('',#7146,#2694);
#2230=LINE('',#7148,#2695);
#2231=LINE('',#7150,#2696);
#2232=LINE('',#7155,#2697);
#2233=LINE('',#7158,#2698);
#2234=LINE('',#7160,#2699);
#2235=LINE('',#7162,#2700);
#2236=LINE('',#7164,#2701);
#2237=LINE('',#7166,#2702);
#2238=LINE('',#7168,#2703);
#2239=LINE('',#7170,#2704);
#2240=LINE('',#7172,#2705);
#2241=LINE('',#7174,#2706);
#2242=LINE('',#7176,#2707);
#2243=LINE('',#7178,#2708);
#2244=LINE('',#7180,#2709);
#2245=LINE('',#7182,#2710);
#2246=LINE('',#7184,#2711);
#2247=LINE('',#7186,#2712);
#2248=LINE('',#7188,#2713);
#2249=LINE('',#7190,#2714);
#2250=LINE('',#7191,#2715);
#2251=LINE('',#7193,#2716);
#2252=LINE('',#7195,#2717);
#2253=LINE('',#7205,#2718);
#2254=LINE('',#7211,#2719);
#2255=LINE('',#7220,#2720);
#2256=LINE('',#7233,#2721);
#2257=LINE('',#7239,#2722);
#2258=LINE('',#7241,#2723);
#2259=LINE('',#7243,#2724);
#2260=LINE('',#7245,#2725);
#2261=LINE('',#7247,#2726);
#2262=LINE('',#7249,#2727);
#2263=LINE('',#7258,#2728);
#2264=LINE('',#7271,#2729);
#2265=LINE('',#7277,#2730);
#2266=LINE('',#7279,#2731);
#2267=LINE('',#7288,#2732);
#2268=LINE('',#7301,#2733);
#2269=LINE('',#7307,#2734);
#2270=LINE('',#7309,#2735);
#2271=LINE('',#7311,#2736);
#2272=LINE('',#7313,#2737);
#2273=LINE('',#7315,#2738);
#2274=LINE('',#7317,#2739);
#2275=LINE('',#7326,#2740);
#2276=LINE('',#7339,#2741);
#2277=LINE('',#7352,#2742);
#2278=LINE('',#7365,#2743);
#2279=LINE('',#7371,#2744);
#2280=LINE('',#7373,#2745);
#2281=LINE('',#7386,#2746);
#2282=LINE('',#7388,#2747);
#2283=LINE('',#7390,#2748);
#2284=LINE('',#7392,#2749);
#2285=LINE('',#7394,#2750);
#2286=LINE('',#7396,#2751);
#2287=LINE('',#7398,#2752);
#2288=LINE('',#7400,#2753);
#2289=LINE('',#7402,#2754);
#2290=LINE('',#7404,#2755);
#2291=LINE('',#7406,#2756);
#2292=LINE('',#7408,#2757);
#2293=LINE('',#7410,#2758);
#2294=LINE('',#7412,#2759);
#2295=LINE('',#7414,#2760);
#2296=LINE('',#7416,#2761);
#2297=LINE('',#7418,#2762);
#2298=LINE('',#7420,#2763);
#2299=LINE('',#7422,#2764);
#2300=LINE('',#7424,#2765);
#2301=LINE('',#7426,#2766);
#2302=LINE('',#7428,#2767);
#2303=LINE('',#7430,#2768);
#2304=LINE('',#7432,#2769);
#2305=LINE('',#7434,#2770);
#2306=LINE('',#7436,#2771);
#2307=LINE('',#7438,#2772);
#2308=LINE('',#7440,#2773);
#2309=LINE('',#7442,#2774);
#2310=LINE('',#7444,#2775);
#2311=LINE('',#7446,#2776);
#2312=LINE('',#7448,#2777);
#2313=LINE('',#7450,#2778);
#2314=LINE('',#7451,#2779);
#2315=LINE('',#7459,#2780);
#2316=LINE('',#7462,#2781);
#2317=LINE('',#7464,#2782);
#2318=LINE('',#7466,#2783);
#2319=LINE('',#7467,#2784);
#2320=LINE('',#7470,#2785);
#2321=LINE('',#7472,#2786);
#2322=LINE('',#7474,#2787);
#2323=LINE('',#7476,#2788);
#2324=LINE('',#7478,#2789);
#2325=LINE('',#7480,#2790);
#2326=LINE('',#7482,#2791);
#2327=LINE('',#7484,#2792);
#2328=LINE('',#7486,#2793);
#2329=LINE('',#7488,#2794);
#2330=LINE('',#7490,#2795);
#2331=LINE('',#7492,#2796);
#2332=LINE('',#7495,#2797);
#2333=LINE('',#7497,#2798);
#2334=LINE('',#7499,#2799);
#2335=LINE('',#7603,#2800);
#2336=LINE('',#7606,#2801);
#2337=LINE('',#7608,#2802);
#2338=LINE('',#7610,#2803);
#2339=LINE('',#7612,#2804);
#2340=LINE('',#7615,#2805);
#2341=LINE('',#7617,#2806);
#2342=LINE('',#7619,#2807);
#2343=LINE('',#7621,#2808);
#2344=LINE('',#7624,#2809);
#2345=LINE('',#7626,#2810);
#2346=LINE('',#7628,#2811);
#2347=LINE('',#7630,#2812);
#2348=LINE('',#7633,#2813);
#2349=LINE('',#7635,#2814);
#2350=LINE('',#7637,#2815);
#2351=LINE('',#7639,#2816);
#2352=LINE('',#7642,#2817);
#2353=LINE('',#7644,#2818);
#2354=LINE('',#7646,#2819);
#2355=LINE('',#7648,#2820);
#2356=LINE('',#7650,#2821);
#2357=LINE('',#7652,#2822);
#2358=LINE('',#7654,#2823);
#2359=LINE('',#7656,#2824);
#2360=LINE('',#7659,#2825);
#2361=LINE('',#7661,#2826);
#2362=LINE('',#7663,#2827);
#2363=LINE('',#7665,#2828);
#2364=LINE('',#7680,#2829);
#2365=LINE('',#7682,#2830);
#2366=LINE('',#7684,#2831);
#2367=LINE('',#7686,#2832);
#2368=LINE('',#7688,#2833);
#2369=LINE('',#7691,#2834);
#2370=LINE('',#7693,#2835);
#2371=LINE('',#7695,#2836);
#2372=LINE('',#7697,#2837);
#2373=LINE('',#7700,#2838);
#2374=LINE('',#7702,#2839);
#2375=LINE('',#7704,#2840);
#2376=LINE('',#7706,#2841);
#2377=LINE('',#7709,#2842);
#2378=LINE('',#7711,#2843);
#2379=LINE('',#7713,#2844);
#2380=LINE('',#7715,#2845);
#2381=LINE('',#7717,#2846);
#2382=LINE('',#7719,#2847);
#2383=LINE('',#7721,#2848);
#2384=LINE('',#7723,#2849);
#2385=LINE('',#7726,#2850);
#2386=LINE('',#7728,#2851);
#2387=LINE('',#7730,#2852);
#2388=LINE('',#7803,#2853);
#2389=LINE('',#7805,#2854);
#2390=LINE('',#7806,#2855);
#2391=LINE('',#7808,#2856);
#2392=LINE('',#7809,#2857);
#2393=LINE('',#7811,#2858);
#2394=LINE('',#7812,#2859);
#2395=LINE('',#7814,#2860);
#2396=LINE('',#7816,#2861);
#2397=LINE('',#7818,#2862);
#2398=LINE('',#7819,#2863);
#2399=LINE('',#7821,#2864);
#2400=LINE('',#7823,#2865);
#2401=LINE('',#7825,#2866);
#2402=LINE('',#7826,#2867);
#2403=LINE('',#7832,#2868);
#2404=LINE('',#7846,#2869);
#2405=LINE('',#7848,#2870);
#2406=LINE('',#7850,#2871);
#2407=LINE('',#7852,#2872);
#2408=LINE('',#7853,#2873);
#2409=LINE('',#7855,#2874);
#2410=LINE('',#7997,#2875);
#2411=LINE('',#7999,#2876);
#2412=LINE('',#8001,#2877);
#2413=LINE('',#8003,#2878);
#2414=LINE('',#8005,#2879);
#2415=LINE('',#8007,#2880);
#2416=LINE('',#8017,#2881);
#2417=LINE('',#8019,#2882);
#2418=LINE('',#8021,#2883);
#2419=LINE('',#8023,#2884);
#2420=LINE('',#8025,#2885);
#2421=LINE('',#8027,#2886);
#2422=LINE('',#8029,#2887);
#2423=LINE('',#8031,#2888);
#2424=LINE('',#8033,#2889);
#2425=LINE('',#8036,#2890);
#2426=LINE('',#8037,#2891);
#2427=LINE('',#8039,#2892);
#2428=LINE('',#8040,#2893);
#2429=LINE('',#8042,#2894);
#2430=LINE('',#8043,#2895);
#2431=LINE('',#8045,#2896);
#2432=LINE('',#8047,#2897);
#2433=LINE('',#8049,#2898);
#2434=LINE('',#8050,#2899);
#2435=LINE('',#8052,#2900);
#2436=LINE('',#8054,#2901);
#2437=LINE('',#8056,#2902);
#2438=LINE('',#8057,#2903);
#2439=LINE('',#8059,#2904);
#2440=LINE('',#8061,#2905);
#2441=LINE('',#8063,#2906);
#2442=LINE('',#8065,#2907);
#2443=LINE('',#8067,#2908);
#2444=LINE('',#8069,#2909);
#2445=LINE('',#8071,#2910);
#2446=LINE('',#8073,#2911);
#2447=LINE('',#8075,#2912);
#2448=LINE('',#8077,#2913);
#2449=VECTOR('',#4103,1.);
#2450=VECTOR('',#4104,1.);
#2451=VECTOR('',#4105,1.);
#2452=VECTOR('',#4106,1.);
#2453=VECTOR('',#4107,1.);
#2454=VECTOR('',#4108,1.);
#2455=VECTOR('',#4109,1.);
#2456=VECTOR('',#4110,1.);
#2457=VECTOR('',#4111,1.);
#2458=VECTOR('',#4112,1.);
#2459=VECTOR('',#4113,1.);
#2460=VECTOR('',#4114,1.);
#2461=VECTOR('',#4117,1.);
#2462=VECTOR('',#4118,1.);
#2463=VECTOR('',#4119,1.);
#2464=VECTOR('',#4120,1.);
#2465=VECTOR('',#4123,1.);
#2466=VECTOR('',#4124,1.);
#2467=VECTOR('',#4125,1.);
#2468=VECTOR('',#4126,1.);
#2469=VECTOR('',#4129,1.);
#2470=VECTOR('',#4130,1.);
#2471=VECTOR('',#4131,1.);
#2472=VECTOR('',#4132,1.);
#2473=VECTOR('',#4135,1.);
#2474=VECTOR('',#4136,1.);
#2475=VECTOR('',#4137,1.);
#2476=VECTOR('',#4138,1.);
#2477=VECTOR('',#4141,1.);
#2478=VECTOR('',#4142,1.);
#2479=VECTOR('',#4143,1.);
#2480=VECTOR('',#4144,1.);
#2481=VECTOR('',#4147,1.);
#2482=VECTOR('',#4148,1.);
#2483=VECTOR('',#4149,1.);
#2484=VECTOR('',#4150,1.);
#2485=VECTOR('',#4153,1.);
#2486=VECTOR('',#4154,1.);
#2487=VECTOR('',#4155,1.);
#2488=VECTOR('',#4156,1.);
#2489=VECTOR('',#4159,1.);
#2490=VECTOR('',#4160,1.);
#2491=VECTOR('',#4161,1.);
#2492=VECTOR('',#4162,1.);
#2493=VECTOR('',#4165,1.);
#2494=VECTOR('',#4166,1.);
#2495=VECTOR('',#4167,1.);
#2496=VECTOR('',#4168,1.);
#2497=VECTOR('',#4171,1.);
#2498=VECTOR('',#4172,1.);
#2499=VECTOR('',#4173,1.);
#2500=VECTOR('',#4174,1.);
#2501=VECTOR('',#4177,1.);
#2502=VECTOR('',#4178,1.);
#2503=VECTOR('',#4181,1.);
#2504=VECTOR('',#4182,1.);
#2505=VECTOR('',#4185,1.);
#2506=VECTOR('',#4186,1.);
#2507=VECTOR('',#4189,1.);
#2508=VECTOR('',#4192,1.);
#2509=VECTOR('',#4195,1.);
#2510=VECTOR('',#4196,1.);
#2511=VECTOR('',#4199,1.);
#2512=VECTOR('',#4202,1.);
#2513=VECTOR('',#4205,1.);
#2514=VECTOR('',#4206,1.);
#2515=VECTOR('',#4209,1.);
#2516=VECTOR('',#4212,1.);
#2517=VECTOR('',#4215,1.);
#2518=VECTOR('',#4218,1.);
#2519=VECTOR('',#4221,1.);
#2520=VECTOR('',#4224,1.);
#2521=VECTOR('',#4227,1.);
#2522=VECTOR('',#4230,1.);
#2523=VECTOR('',#4233,1.);
#2524=VECTOR('',#4236,1.);
#2525=VECTOR('',#4241,1.);
#2526=VECTOR('',#4242,1.);
#2527=VECTOR('',#4245,1.);
#2528=VECTOR('',#4246,1.);
#2529=VECTOR('',#4249,1.);
#2530=VECTOR('',#4250,1.);
#2531=VECTOR('',#4253,1.);
#2532=VECTOR('',#4256,1.);
#2533=VECTOR('',#4259,1.);
#2534=VECTOR('',#4260,1.);
#2535=VECTOR('',#4263,1.);
#2536=VECTOR('',#4266,1.);
#2537=VECTOR('',#4269,1.);
#2538=VECTOR('',#4270,1.);
#2539=VECTOR('',#4273,1.);
#2540=VECTOR('',#4276,1.);
#2541=VECTOR('',#4279,1.);
#2542=VECTOR('',#4282,1.);
#2543=VECTOR('',#4285,1.);
#2544=VECTOR('',#4288,1.);
#2545=VECTOR('',#4291,1.);
#2546=VECTOR('',#4294,1.);
#2547=VECTOR('',#4297,1.);
#2548=VECTOR('',#4300,1.);
#2549=VECTOR('',#4307,1.);
#2550=VECTOR('',#4308,1.);
#2551=VECTOR('',#4309,1.);
#2552=VECTOR('',#4310,1.);
#2553=VECTOR('',#4311,1.);
#2554=VECTOR('',#4312,1.);
#2555=VECTOR('',#4313,1.);
#2556=VECTOR('',#4314,1.);
#2557=VECTOR('',#4315,1.);
#2558=VECTOR('',#4316,1.);
#2559=VECTOR('',#4317,1.);
#2560=VECTOR('',#4318,1.);
#2561=VECTOR('',#4319,1.);
#2562=VECTOR('',#4320,1.);
#2563=VECTOR('',#4321,1.);
#2564=VECTOR('',#4322,1.);
#2565=VECTOR('',#4323,1.);
#2566=VECTOR('',#4326,1.);
#2567=VECTOR('',#4327,1.);
#2568=VECTOR('',#4328,1.);
#2569=VECTOR('',#4329,1.);
#2570=VECTOR('',#4330,1.);
#2571=VECTOR('',#4333,1.);
#2572=VECTOR('',#4334,1.);
#2573=VECTOR('',#4335,1.);
#2574=VECTOR('',#4336,1.);
#2575=VECTOR('',#4341,1.);
#2576=VECTOR('',#4342,1.);
#2577=VECTOR('',#4343,1.);
#2578=VECTOR('',#4344,1.);
#2579=VECTOR('',#4347,1.);
#2580=VECTOR('',#4348,1.);
#2581=VECTOR('',#4349,1.);
#2582=VECTOR('',#4350,1.);
#2583=VECTOR('',#4353,1.);
#2584=VECTOR('',#4354,1.);
#2585=VECTOR('',#4355,1.);
#2586=VECTOR('',#4356,1.);
#2587=VECTOR('',#4359,1.);
#2588=VECTOR('',#4360,1.);
#2589=VECTOR('',#4361,1.);
#2590=VECTOR('',#4362,1.);
#2591=VECTOR('',#4365,1.);
#2592=VECTOR('',#4366,1.);
#2593=VECTOR('',#4367,1.);
#2594=VECTOR('',#4368,1.);
#2595=VECTOR('',#4371,1.);
#2596=VECTOR('',#4372,1.);
#2597=VECTOR('',#4373,1.);
#2598=VECTOR('',#4376,1.);
#2599=VECTOR('',#4377,1.);
#2600=VECTOR('',#4378,1.);
#2601=VECTOR('',#4379,1.);
#2602=VECTOR('',#4382,1.);
#2603=VECTOR('',#4383,1.);
#2604=VECTOR('',#4384,1.);
#2605=VECTOR('',#4385,1.);
#2606=VECTOR('',#4390,1.);
#2607=VECTOR('',#4391,1.);
#2608=VECTOR('',#4394,1.);
#2609=VECTOR('',#4395,1.);
#2610=VECTOR('',#4398,1.);
#2611=VECTOR('',#4401,1.);
#2612=VECTOR('',#4404,1.);
#2613=VECTOR('',#4405,1.);
#2614=VECTOR('',#4408,1.);
#2615=VECTOR('',#4411,1.);
#2616=VECTOR('',#4414,1.);
#2617=VECTOR('',#4417,1.);
#2618=VECTOR('',#4420,1.);
#2619=VECTOR('',#4423,1.);
#2620=VECTOR('',#4426,1.);
#2621=VECTOR('',#4429,1.);
#2622=VECTOR('',#4432,1.);
#2623=VECTOR('',#4435,1.);
#2624=VECTOR('',#4438,1.);
#2625=VECTOR('',#4441,1.);
#2626=VECTOR('',#4446,1.);
#2627=VECTOR('',#4447,1.);
#2628=VECTOR('',#4450,1.);
#2629=VECTOR('',#4451,1.);
#2630=VECTOR('',#4454,1.);
#2631=VECTOR('',#4455,1.);
#2632=VECTOR('',#4458,1.);
#2633=VECTOR('',#4461,1.);
#2634=VECTOR('',#4464,1.);
#2635=VECTOR('',#4465,1.);
#2636=VECTOR('',#4468,1.);
#2637=VECTOR('',#4471,1.);
#2638=VECTOR('',#4474,1.);
#2639=VECTOR('',#4475,1.);
#2640=VECTOR('',#4478,1.);
#2641=VECTOR('',#4481,1.);
#2642=VECTOR('',#4484,1.);
#2643=VECTOR('',#4487,1.);
#2644=VECTOR('',#4490,1.);
#2645=VECTOR('',#4493,1.);
#2646=VECTOR('',#4496,1.);
#2647=VECTOR('',#4499,1.);
#2648=VECTOR('',#4502,1.);
#2649=VECTOR('',#4505,1.);
#2650=VECTOR('',#4512,1.);
#2651=VECTOR('',#4513,1.);
#2652=VECTOR('',#4514,1.);
#2653=VECTOR('',#4515,1.);
#2654=VECTOR('',#4518,1.);
#2655=VECTOR('',#4519,1.);
#2656=VECTOR('',#4520,1.);
#2657=VECTOR('',#4521,1.);
#2658=VECTOR('',#4522,1.);
#2659=VECTOR('',#4523,1.);
#2660=VECTOR('',#4524,1.);
#2661=VECTOR('',#4527,1.);
#2662=VECTOR('',#4528,1.);
#2663=VECTOR('',#4529,1.);
#2664=VECTOR('',#4532,1.);
#2665=VECTOR('',#4533,1.);
#2666=VECTOR('',#4534,1.);
#2667=VECTOR('',#4537,1.);
#2668=VECTOR('',#4538,1.);
#2669=VECTOR('',#4541,1.);
#2670=VECTOR('',#4542,1.);
#2671=VECTOR('',#4543,1.);
#2672=VECTOR('',#4546,1.);
#2673=VECTOR('',#4547,1.);
#2674=VECTOR('',#4548,1.);
#2675=VECTOR('',#4549,1.);
#2676=VECTOR('',#4550,1.);
#2677=VECTOR('',#4551,1.);
#2678=VECTOR('',#4552,1.);
#2679=VECTOR('',#4553,1.);
#2680=VECTOR('',#4554,1.);
#2681=VECTOR('',#4557,1.);
#2682=VECTOR('',#4558,1.);
#2683=VECTOR('',#4559,1.);
#2684=VECTOR('',#4562,1.);
#2685=VECTOR('',#4563,1.);
#2686=VECTOR('',#4564,1.);
#2687=VECTOR('',#4565,1.);
#2688=VECTOR('',#4566,1.);
#2689=VECTOR('',#4567,1.);
#2690=VECTOR('',#4568,1.);
#2691=VECTOR('',#4569,1.);
#2692=VECTOR('',#4570,1.);
#2693=VECTOR('',#4571,1.);
#2694=VECTOR('',#4572,1.);
#2695=VECTOR('',#4573,1.);
#2696=VECTOR('',#4574,1.);
#2697=VECTOR('',#4575,1.);
#2698=VECTOR('',#4576,1.);
#2699=VECTOR('',#4577,1.);
#2700=VECTOR('',#4578,1.);
#2701=VECTOR('',#4579,1.);
#2702=VECTOR('',#4580,1.);
#2703=VECTOR('',#4581,1.);
#2704=VECTOR('',#4582,1.);
#2705=VECTOR('',#4583,1.);
#2706=VECTOR('',#4584,1.);
#2707=VECTOR('',#4585,1.);
#2708=VECTOR('',#4586,1.);
#2709=VECTOR('',#4587,1.);
#2710=VECTOR('',#4588,1.);
#2711=VECTOR('',#4589,1.);
#2712=VECTOR('',#4590,1.);
#2713=VECTOR('',#4593,1.);
#2714=VECTOR('',#4596,1.);
#2715=VECTOR('',#4597,1.);
#2716=VECTOR('',#4600,1.);
#2717=VECTOR('',#4603,1.);
#2718=VECTOR('',#4606,1.);
#2719=VECTOR('',#4607,1.);
#2720=VECTOR('',#4608,1.);
#2721=VECTOR('',#4609,1.);
#2722=VECTOR('',#4612,1.);
#2723=VECTOR('',#4613,1.);
#2724=VECTOR('',#4616,1.);
#2725=VECTOR('',#4617,1.);
#2726=VECTOR('',#4620,1.);
#2727=VECTOR('',#4621,1.);
#2728=VECTOR('',#4622,1.);
#2729=VECTOR('',#4623,1.);
#2730=VECTOR('',#4626,1.);
#2731=VECTOR('',#4627,1.);
#2732=VECTOR('',#4628,1.);
#2733=VECTOR('',#4629,1.);
#2734=VECTOR('',#4632,1.);
#2735=VECTOR('',#4633,1.);
#2736=VECTOR('',#4636,1.);
#2737=VECTOR('',#4637,1.);
#2738=VECTOR('',#4640,1.);
#2739=VECTOR('',#4641,1.);
#2740=VECTOR('',#4642,1.);
#2741=VECTOR('',#4643,1.);
#2742=VECTOR('',#4644,1.);
#2743=VECTOR('',#4645,1.);
#2744=VECTOR('',#4648,1.);
#2745=VECTOR('',#4649,1.);
#2746=VECTOR('',#4652,1.);
#2747=VECTOR('',#4653,1.);
#2748=VECTOR('',#4654,1.);
#2749=VECTOR('',#4657,1.);
#2750=VECTOR('',#4658,1.);
#2751=VECTOR('',#4661,1.);
#2752=VECTOR('',#4662,1.);
#2753=VECTOR('',#4665,1.);
#2754=VECTOR('',#4666,1.);
#2755=VECTOR('',#4669,1.);
#2756=VECTOR('',#4670,1.);
#2757=VECTOR('',#4673,1.);
#2758=VECTOR('',#4674,1.);
#2759=VECTOR('',#4677,1.);
#2760=VECTOR('',#4678,1.);
#2761=VECTOR('',#4681,1.);
#2762=VECTOR('',#4682,1.);
#2763=VECTOR('',#4685,1.);
#2764=VECTOR('',#4686,1.);
#2765=VECTOR('',#4689,1.);
#2766=VECTOR('',#4690,1.);
#2767=VECTOR('',#4693,1.);
#2768=VECTOR('',#4694,1.);
#2769=VECTOR('',#4697,1.);
#2770=VECTOR('',#4698,1.);
#2771=VECTOR('',#4701,1.);
#2772=VECTOR('',#4702,1.);
#2773=VECTOR('',#4705,1.);
#2774=VECTOR('',#4706,1.);
#2775=VECTOR('',#4709,1.);
#2776=VECTOR('',#4710,1.);
#2777=VECTOR('',#4713,1.);
#2778=VECTOR('',#4716,1.);
#2779=VECTOR('',#4717,1.);
#2780=VECTOR('',#4732,1.);
#2781=VECTOR('',#4733,1.);
#2782=VECTOR('',#4734,1.);
#2783=VECTOR('',#4735,1.);
#2784=VECTOR('',#4736,1.);
#2785=VECTOR('',#4737,1.);
#2786=VECTOR('',#4738,1.);
#2787=VECTOR('',#4739,1.);
#2788=VECTOR('',#4740,1.);
#2789=VECTOR('',#4741,1.);
#2790=VECTOR('',#4742,1.);
#2791=VECTOR('',#4743,1.);
#2792=VECTOR('',#4744,1.);
#2793=VECTOR('',#4745,1.);
#2794=VECTOR('',#4746,1.);
#2795=VECTOR('',#4747,1.);
#2796=VECTOR('',#4750,1.);
#2797=VECTOR('',#4751,1.);
#2798=VECTOR('',#4752,1.);
#2799=VECTOR('',#4753,1.);
#2800=VECTOR('',#4758,1.);
#2801=VECTOR('',#4759,1.);
#2802=VECTOR('',#4760,1.);
#2803=VECTOR('',#4761,1.);
#2804=VECTOR('',#4764,1.);
#2805=VECTOR('',#4765,1.);
#2806=VECTOR('',#4766,1.);
#2807=VECTOR('',#4767,1.);
#2808=VECTOR('',#4770,1.);
#2809=VECTOR('',#4771,1.);
#2810=VECTOR('',#4772,1.);
#2811=VECTOR('',#4773,1.);
#2812=VECTOR('',#4776,1.);
#2813=VECTOR('',#4777,1.);
#2814=VECTOR('',#4778,1.);
#2815=VECTOR('',#4779,1.);
#2816=VECTOR('',#4782,1.);
#2817=VECTOR('',#4783,1.);
#2818=VECTOR('',#4784,1.);
#2819=VECTOR('',#4785,1.);
#2820=VECTOR('',#4786,1.);
#2821=VECTOR('',#4787,1.);
#2822=VECTOR('',#4788,1.);
#2823=VECTOR('',#4789,1.);
#2824=VECTOR('',#4792,1.);
#2825=VECTOR('',#4793,1.);
#2826=VECTOR('',#4794,1.);
#2827=VECTOR('',#4795,1.);
#2828=VECTOR('',#4798,1.);
#2829=VECTOR('',#4799,1.);
#2830=VECTOR('',#4800,1.);
#2831=VECTOR('',#4801,1.);
#2832=VECTOR('',#4802,1.);
#2833=VECTOR('',#4805,1.);
#2834=VECTOR('',#4806,1.);
#2835=VECTOR('',#4807,1.);
#2836=VECTOR('',#4808,1.);
#2837=VECTOR('',#4811,1.);
#2838=VECTOR('',#4812,1.);
#2839=VECTOR('',#4813,1.);
#2840=VECTOR('',#4814,1.);
#2841=VECTOR('',#4817,1.);
#2842=VECTOR('',#4818,1.);
#2843=VECTOR('',#4819,1.);
#2844=VECTOR('',#4820,1.);
#2845=VECTOR('',#4821,1.);
#2846=VECTOR('',#4822,1.);
#2847=VECTOR('',#4823,1.);
#2848=VECTOR('',#4824,1.);
#2849=VECTOR('',#4827,1.);
#2850=VECTOR('',#4828,1.);
#2851=VECTOR('',#4829,1.);
#2852=VECTOR('',#4830,1.);
#2853=VECTOR('',#4831,1.);
#2854=VECTOR('',#4834,1.);
#2855=VECTOR('',#4835,1.);
#2856=VECTOR('',#4838,1.);
#2857=VECTOR('',#4839,1.);
#2858=VECTOR('',#4842,1.);
#2859=VECTOR('',#4843,1.);
#2860=VECTOR('',#4846,1.);
#2861=VECTOR('',#4849,1.);
#2862=VECTOR('',#4852,1.);
#2863=VECTOR('',#4853,1.);
#2864=VECTOR('',#4856,1.);
#2865=VECTOR('',#4859,1.);
#2866=VECTOR('',#4862,1.);
#2867=VECTOR('',#4863,1.);
#2868=VECTOR('',#4866,1.);
#2869=VECTOR('',#4869,1.);
#2870=VECTOR('',#4872,1.);
#2871=VECTOR('',#4875,1.);
#2872=VECTOR('',#4878,1.);
#2873=VECTOR('',#4879,1.);
#2874=VECTOR('',#4882,1.);
#2875=VECTOR('',#4885,1.);
#2876=VECTOR('',#4888,1.);
#2877=VECTOR('',#4891,1.);
#2878=VECTOR('',#4894,1.);
#2879=VECTOR('',#4897,1.);
#2880=VECTOR('',#4900,1.);
#2881=VECTOR('',#4903,1.);
#2882=VECTOR('',#4906,1.);
#2883=VECTOR('',#4909,1.);
#2884=VECTOR('',#4912,1.);
#2885=VECTOR('',#4915,1.);
#2886=VECTOR('',#4918,1.);
#2887=VECTOR('',#4921,1.);
#2888=VECTOR('',#4924,1.);
#2889=VECTOR('',#4927,1.);
#2890=VECTOR('',#4932,1.);
#2891=VECTOR('',#4933,1.);
#2892=VECTOR('',#4936,1.);
#2893=VECTOR('',#4937,1.);
#2894=VECTOR('',#4940,1.);
#2895=VECTOR('',#4941,1.);
#2896=VECTOR('',#4944,1.);
#2897=VECTOR('',#4947,1.);
#2898=VECTOR('',#4950,1.);
#2899=VECTOR('',#4951,1.);
#2900=VECTOR('',#4954,1.);
#2901=VECTOR('',#4957,1.);
#2902=VECTOR('',#4960,1.);
#2903=VECTOR('',#4961,1.);
#2904=VECTOR('',#4964,1.);
#2905=VECTOR('',#4967,1.);
#2906=VECTOR('',#4970,1.);
#2907=VECTOR('',#4973,1.);
#2908=VECTOR('',#4976,1.);
#2909=VECTOR('',#4979,1.);
#2910=VECTOR('',#4982,1.);
#2911=VECTOR('',#4985,1.);
#2912=VECTOR('',#4988,1.);
#2913=VECTOR('',#4991,1.);
#2914=EDGE_LOOP('',(#105,#106,#107,#108));
#2915=EDGE_LOOP('',(#109,#110,#111,#112,#113,#114,#115,#116));
#2916=EDGE_LOOP('',(#117,#118,#119,#120));
#2917=EDGE_LOOP('',(#121,#122,#123,#124));
#2918=EDGE_LOOP('',(#125,#126,#127,#128));
#2919=EDGE_LOOP('',(#129,#130,#131,#132));
#2920=EDGE_LOOP('',(#133,#134,#135,#136));
#2921=EDGE_LOOP('',(#137,#138,#139,#140));
#2922=EDGE_LOOP('',(#141,#142,#143,#144));
#2923=EDGE_LOOP('',(#145,#146,#147,#148));
#2924=EDGE_LOOP('',(#149,#150,#151,#152));
#2925=EDGE_LOOP('',(#153,#154,#155,#156));
#2926=EDGE_LOOP('',(#157,#158,#159,#160));
#2927=EDGE_LOOP('',(#161,#162,#163));
#2928=EDGE_LOOP('',(#164,#165,#166));
#2929=EDGE_LOOP('',(#167,#168,#169,#170));
#2930=EDGE_LOOP('',(#171,#172,#173,#174));
#2931=EDGE_LOOP('',(#175,#176,#177,#178));
#2932=EDGE_LOOP('',(#179,#180,#181,#182));
#2933=EDGE_LOOP('',(#183,#184,#185,#186));
#2934=EDGE_LOOP('',(#187,#188,#189,#190));
#2935=EDGE_LOOP('',(#191,#192,#193));
#2936=EDGE_LOOP('',(#194,#195,#196));
#2937=EDGE_LOOP('',(#197,#198,#199));
#2938=EDGE_LOOP('',(#200,#201,#202));
#2939=EDGE_LOOP('',(#203,#204,#205,#206));
#2940=EDGE_LOOP('',(#207,#208,#209,#210));
#2941=EDGE_LOOP('',(#211,#212,#213,#214));
#2942=EDGE_LOOP('',(#215,#216,#217,#218));
#2943=EDGE_LOOP('',(#219,#220,#221));
#2944=EDGE_LOOP('',(#222,#223,#224));
#2945=EDGE_LOOP('',(#225,#226,#227,#228));
#2946=EDGE_LOOP('',(#229,#230,#231,#232));
#2947=EDGE_LOOP('',(#233,#234,#235,#236));
#2948=EDGE_LOOP('',(#237,#238,#239,#240));
#2949=EDGE_LOOP('',(#241,#242,#243,#244));
#2950=EDGE_LOOP('',(#245,#246,#247,#248));
#2951=EDGE_LOOP('',(#249,#250,#251,#252));
#2952=EDGE_LOOP('',(#253,#254,#255,#256));
#2953=EDGE_LOOP('',(#257,#258,#259,#260));
#2954=EDGE_LOOP('',(#261,#262,#263,#264));
#2955=EDGE_LOOP('',(#265,#266,#267));
#2956=EDGE_LOOP('',(#268,#269,#270,#271));
#2957=EDGE_LOOP('',(#272,#273,#274,#275));
#2958=EDGE_LOOP('',(#276,#277,#278));
#2959=EDGE_LOOP('',(#279,#280,#281,#282));
#2960=EDGE_LOOP('',(#283,#284,#285,#286));
#2961=EDGE_LOOP('',(#287,#288,#289,#290));
#2962=EDGE_LOOP('',(#291,#292,#293,#294));
#2963=EDGE_LOOP('',(#295,#296,#297));
#2964=EDGE_LOOP('',(#298,#299,#300));
#2965=EDGE_LOOP('',(#301,#302,#303,#304));
#2966=EDGE_LOOP('',(#305,#306,#307,#308,#309,#310,#311,#312));
#2967=EDGE_LOOP('',(#313,#314));
#2968=EDGE_LOOP('',(#315,#316,#317,#318,#319,#320,#321,#322,#323,#324,#325,
#326));
#2969=EDGE_LOOP('',(#327,#328,#329,#330,#331,#332,#333,#334));
#2970=EDGE_LOOP('',(#335,#336,#337,#338));
#2971=EDGE_LOOP('',(#339,#340));
#2972=EDGE_LOOP('',(#341,#342,#343,#344));
#2973=EDGE_LOOP('',(#345,#346,#347,#348));
#2974=EDGE_LOOP('',(#349,#350,#351,#352));
#2975=EDGE_LOOP('',(#353,#354,#355,#356));
#2976=EDGE_LOOP('',(#357,#358,#359,#360));
#2977=EDGE_LOOP('',(#361,#362,#363,#364));
#2978=EDGE_LOOP('',(#365,#366,#367,#368));
#2979=EDGE_LOOP('',(#369,#370,#371,#372));
#2980=EDGE_LOOP('',(#373,#374,#375,#376));
#2981=EDGE_LOOP('',(#377,#378,#379,#380));
#2982=EDGE_LOOP('',(#381,#382,#383,#384));
#2983=EDGE_LOOP('',(#385,#386,#387,#388));
#2984=EDGE_LOOP('',(#389,#390,#391,#392));
#2985=EDGE_LOOP('',(#393,#394,#395));
#2986=EDGE_LOOP('',(#396,#397,#398,#399));
#2987=EDGE_LOOP('',(#400,#401,#402,#403));
#2988=EDGE_LOOP('',(#404,#405,#406,#407));
#2989=EDGE_LOOP('',(#408,#409,#410,#411));
#2990=EDGE_LOOP('',(#412,#413,#414,#415));
#2991=EDGE_LOOP('',(#416,#417,#418,#419));
#2992=EDGE_LOOP('',(#420,#421,#422,#423));
#2993=EDGE_LOOP('',(#424,#425,#426,#427));
#2994=EDGE_LOOP('',(#428,#429,#430,#431));
#2995=EDGE_LOOP('',(#432,#433,#434));
#2996=EDGE_LOOP('',(#435,#436,#437));
#2997=EDGE_LOOP('',(#438,#439,#440));
#2998=EDGE_LOOP('',(#441,#442,#443,#444));
#2999=EDGE_LOOP('',(#445,#446,#447,#448));
#3000=EDGE_LOOP('',(#449,#450,#451,#452));
#3001=EDGE_LOOP('',(#453,#454,#455,#456));
#3002=EDGE_LOOP('',(#457,#458,#459));
#3003=EDGE_LOOP('',(#460,#461,#462));
#3004=EDGE_LOOP('',(#463,#464,#465,#466));
#3005=EDGE_LOOP('',(#467,#468,#469,#470));
#3006=EDGE_LOOP('',(#471,#472,#473));
#3007=EDGE_LOOP('',(#474,#475,#476));
#3008=EDGE_LOOP('',(#477,#478,#479,#480));
#3009=EDGE_LOOP('',(#481,#482,#483,#484));
#3010=EDGE_LOOP('',(#485,#486,#487,#488));
#3011=EDGE_LOOP('',(#489,#490,#491,#492));
#3012=EDGE_LOOP('',(#493,#494,#495,#496));
#3013=EDGE_LOOP('',(#497,#498,#499,#500));
#3014=EDGE_LOOP('',(#501,#502,#503));
#3015=EDGE_LOOP('',(#504,#505,#506,#507,#508));
#3016=EDGE_LOOP('',(#509,#510,#511,#512,#513));
#3017=EDGE_LOOP('',(#514,#515,#516));
#3018=EDGE_LOOP('',(#517,#518,#519,#520));
#3019=EDGE_LOOP('',(#521,#522,#523,#524));
#3020=EDGE_LOOP('',(#525,#526,#527,#528));
#3021=EDGE_LOOP('',(#529,#530,#531,#532));
#3022=EDGE_LOOP('',(#533,#534,#535,#536,#537));
#3023=EDGE_LOOP('',(#538,#539,#540,#541,#542));
#3024=EDGE_LOOP('',(#543,#544,#545,#546));
#3025=EDGE_LOOP('',(#547,#548,#549,#550));
#3026=EDGE_LOOP('',(#551,#552,#553,#554));
#3027=EDGE_LOOP('',(#555,#556,#557,#558));
#3028=EDGE_LOOP('',(#559,#560,#561,#562,#563,#564,#565,#566));
#3029=EDGE_LOOP('',(#567,#568,#569,#570));
#3030=EDGE_LOOP('',(#571,#572,#573,#574));
#3031=EDGE_LOOP('',(#575,#576,#577,#578,#579,#580));
#3032=EDGE_LOOP('',(#581,#582,#583,#584));
#3033=EDGE_LOOP('',(#585,#586,#587,#588,#589,#590,#591,#592,#593,#594,#595,
#596));
#3034=EDGE_LOOP('',(#597,#598,#599,#600));
#3035=EDGE_LOOP('',(#601,#602,#603,#604,#605,#606));
#3036=EDGE_LOOP('',(#607,#608,#609,#610,#611,#612,#613,#614,#615,#616,#617,
#618,#619,#620,#621,#622,#623,#624,#625,#626));
#3037=EDGE_LOOP('',(#627,#628,#629,#630,#631,#632,#633,#634,#635,#636,#637,
#638,#639,#640,#641,#642));
#3038=EDGE_LOOP('',(#643,#644,#645,#646));
#3039=EDGE_LOOP('',(#647,#648,#649,#650));
#3040=EDGE_LOOP('',(#651,#652,#653,#654));
#3041=EDGE_LOOP('',(#655,#656,#657,#658));
#3042=EDGE_LOOP('',(#659,#660,#661,#662));
#3043=EDGE_LOOP('',(#663,#664,#665,#666));
#3044=EDGE_LOOP('',(#667,#668,#669,#670));
#3045=EDGE_LOOP('',(#671,#672,#673,#674));
#3046=EDGE_LOOP('',(#675,#676,#677,#678));
#3047=EDGE_LOOP('',(#679,#680,#681,#682));
#3048=EDGE_LOOP('',(#683,#684,#685,#686));
#3049=EDGE_LOOP('',(#687,#688,#689,#690));
#3050=EDGE_LOOP('',(#691,#692,#693,#694));
#3051=EDGE_LOOP('',(#695,#696,#697,#698));
#3052=EDGE_LOOP('',(#699,#700,#701,#702));
#3053=EDGE_LOOP('',(#703,#704,#705,#706));
#3054=EDGE_LOOP('',(#707,#708,#709,#710));
#3055=EDGE_LOOP('',(#711,#712,#713,#714));
#3056=EDGE_LOOP('',(#715,#716,#717,#718));
#3057=EDGE_LOOP('',(#719,#720,#721,#722));
#3058=EDGE_LOOP('',(#723,#724,#725,#726));
#3059=EDGE_LOOP('',(#727,#728,#729,#730));
#3060=EDGE_LOOP('',(#731,#732,#733,#734));
#3061=EDGE_LOOP('',(#735,#736,#737,#738));
#3062=EDGE_LOOP('',(#739,#740,#741,#742));
#3063=EDGE_LOOP('',(#743,#744,#745,#746));
#3064=EDGE_LOOP('',(#747,#748,#749,#750));
#3065=EDGE_LOOP('',(#751,#752,#753,#754));
#3066=EDGE_LOOP('',(#755,#756,#757,#758));
#3067=EDGE_LOOP('',(#759,#760,#761,#762));
#3068=EDGE_LOOP('',(#763,#764,#765,#766));
#3069=EDGE_LOOP('',(#767,#768,#769,#770));
#3070=EDGE_LOOP('',(#771,#772,#773,#774));
#3071=EDGE_LOOP('',(#775,#776,#777,#778));
#3072=EDGE_LOOP('',(#779,#780,#781,#782));
#3073=EDGE_LOOP('',(#783,#784,#785,#786));
#3074=EDGE_LOOP('',(#787,#788,#789,#790));
#3075=EDGE_LOOP('',(#791,#792,#793,#794));
#3076=EDGE_LOOP('',(#795,#796,#797,#798));
#3077=EDGE_LOOP('',(#799,#800,#801,#802));
#3078=EDGE_LOOP('',(#803,#804,#805,#806));
#3079=EDGE_LOOP('',(#807,#808,#809,#810));
#3080=EDGE_LOOP('',(#811,#812,#813,#814,#815));
#3081=EDGE_LOOP('',(#816,#817,#818,#819,#820));
#3082=EDGE_LOOP('',(#821,#822,#823,#824,#825,#826,#827,#828,#829,#830,#831,
#832,#833,#834,#835,#836));
#3083=EDGE_LOOP('',(#837,#838,#839,#840,#841,#842,#843,#844,#845,#846,#847,
#848,#849,#850,#851,#852,#853,#854,#855,#856));
#3084=EDGE_LOOP('',(#857,#858,#859,#860,#861,#862));
#3085=EDGE_LOOP('',(#863,#864,#865,#866));
#3086=EDGE_LOOP('',(#867,#868,#869,#870,#871,#872,#873,#874,#875,#876,#877,
#878));
#3087=EDGE_LOOP('',(#879,#880,#881,#882));
#3088=EDGE_LOOP('',(#883,#884));
#3089=EDGE_LOOP('',(#885,#886,#887,#888));
#3090=EDGE_LOOP('',(#889,#890,#891,#892));
#3091=EDGE_LOOP('',(#893,#894,#895,#896));
#3092=EDGE_LOOP('',(#897,#898,#899,#900));
#3093=EDGE_LOOP('',(#901,#902,#903,#904,#905,#906,#907,#908));
#3094=EDGE_LOOP('',(#909,#910,#911,#912));
#3095=EDGE_LOOP('',(#913,#914,#915,#916,#917,#918));
#3096=EDGE_LOOP('',(#919,#920,#921,#922));
#3097=EDGE_LOOP('',(#923,#924,#925,#926));
#3098=EDGE_LOOP('',(#927,#928,#929,#930,#931,#932,#933,#934));
#3099=EDGE_LOOP('',(#935,#936,#937,#938,#939,#940,#941,#942));
#3100=EDGE_LOOP('',(#943,#944,#945,#946));
#3101=EDGE_LOOP('',(#947,#948,#949));
#3102=EDGE_LOOP('',(#950,#951,#952));
#3103=EDGE_LOOP('',(#953,#954,#955,#956));
#3104=EDGE_LOOP('',(#957,#958,#959,#960));
#3105=EDGE_LOOP('',(#961,#962,#963,#964));
#3106=EDGE_LOOP('',(#965,#966,#967,#968));
#3107=EDGE_LOOP('',(#969,#970,#971,#972));
#3108=EDGE_LOOP('',(#973,#974,#975,#976));
#3109=EDGE_LOOP('',(#977,#978,#979,#980));
#3110=EDGE_LOOP('',(#981,#982,#983,#984));
#3111=EDGE_LOOP('',(#985,#986,#987));
#3112=EDGE_LOOP('',(#988,#989,#990));
#3113=EDGE_LOOP('',(#991,#992,#993));
#3114=EDGE_LOOP('',(#994,#995,#996));
#3115=EDGE_LOOP('',(#997,#998,#999));
#3116=EDGE_LOOP('',(#1000,#1001,#1002,#1003));
#3117=EDGE_LOOP('',(#1004,#1005,#1006,#1007));
#3118=EDGE_LOOP('',(#1008,#1009,#1010,#1011));
#3119=EDGE_LOOP('',(#1012,#1013,#1014,#1015));
#3120=EDGE_LOOP('',(#1016,#1017,#1018,#1019));
#3121=EDGE_LOOP('',(#1020,#1021,#1022,#1023));
#3122=EDGE_LOOP('',(#1024,#1025,#1026,#1027));
#3123=EDGE_LOOP('',(#1028,#1029,#1030,#1031));
#3124=EDGE_LOOP('',(#1032,#1033,#1034,#1035));
#3125=EDGE_LOOP('',(#1036,#1037,#1038));
#3126=EDGE_LOOP('',(#1039,#1040,#1041));
#3127=EDGE_LOOP('',(#1042,#1043,#1044,#1045,#1046));
#3128=EDGE_LOOP('',(#1047,#1048,#1049,#1050));
#3129=EDGE_LOOP('',(#1051,#1052,#1053,#1054));
#3130=EDGE_LOOP('',(#1055,#1056,#1057,#1058));
#3131=EDGE_LOOP('',(#1059,#1060,#1061,#1062));
#3132=EDGE_LOOP('',(#1063,#1064,#1065));
#3133=EDGE_LOOP('',(#1066,#1067,#1068,#1069,#1070));
#3134=EDGE_LOOP('',(#1071,#1072,#1073,#1074));
#3135=EDGE_LOOP('',(#1075,#1076,#1077,#1078));
#3136=EDGE_LOOP('',(#1079,#1080,#1081,#1082,#1083));
#3137=EDGE_LOOP('',(#1084,#1085,#1086,#1087,#1088));
#3138=EDGE_LOOP('',(#1089,#1090,#1091,#1092));
#3139=EDGE_LOOP('',(#1093,#1094,#1095,#1096));
#3140=EDGE_LOOP('',(#1097,#1098,#1099,#1100));
#3141=EDGE_LOOP('',(#1101,#1102,#1103,#1104));
#3142=EDGE_LOOP('',(#1105,#1106,#1107,#1108));
#3143=EDGE_LOOP('',(#1109,#1110,#1111,#1112));
#3144=EDGE_LOOP('',(#1113,#1114,#1115));
#3145=EDGE_LOOP('',(#1116,#1117,#1118,#1119,#1120));
#3146=EDGE_LOOP('',(#1121,#1122,#1123,#1124,#1125));
#3147=EDGE_LOOP('',(#1126,#1127,#1128));
#3148=EDGE_LOOP('',(#1129,#1130,#1131,#1132));
#3149=EDGE_LOOP('',(#1133,#1134,#1135,#1136));
#3150=EDGE_LOOP('',(#1137,#1138,#1139,#1140));
#3151=EDGE_LOOP('',(#1141,#1142,#1143,#1144));
#3152=EDGE_LOOP('',(#1145,#1146,#1147));
#3153=EDGE_LOOP('',(#1148,#1149,#1150));
#3154=EDGE_LOOP('',(#1151,#1152,#1153,#1154));
#3155=FACE_BOUND('',#2914,.T.);
#3156=FACE_BOUND('',#2915,.T.);
#3157=FACE_BOUND('',#2916,.T.);
#3158=FACE_BOUND('',#2917,.T.);
#3159=FACE_BOUND('',#2918,.T.);
#3160=FACE_BOUND('',#2919,.T.);
#3161=FACE_BOUND('',#2920,.T.);
#3162=FACE_BOUND('',#2921,.T.);
#3163=FACE_BOUND('',#2922,.T.);
#3164=FACE_BOUND('',#2923,.T.);
#3165=FACE_BOUND('',#2924,.T.);
#3166=FACE_BOUND('',#2925,.T.);
#3167=FACE_BOUND('',#2926,.T.);
#3168=FACE_BOUND('',#2927,.T.);
#3169=FACE_BOUND('',#2928,.T.);
#3170=FACE_BOUND('',#2929,.T.);
#3171=FACE_BOUND('',#2930,.T.);
#3172=FACE_BOUND('',#2931,.T.);
#3173=FACE_BOUND('',#2932,.T.);
#3174=FACE_BOUND('',#2933,.T.);
#3175=FACE_BOUND('',#2934,.T.);
#3176=FACE_BOUND('',#2935,.T.);
#3177=FACE_BOUND('',#2936,.T.);
#3178=FACE_BOUND('',#2937,.T.);
#3179=FACE_BOUND('',#2938,.T.);
#3180=FACE_BOUND('',#2939,.T.);
#3181=FACE_BOUND('',#2940,.T.);
#3182=FACE_BOUND('',#2941,.T.);
#3183=FACE_BOUND('',#2942,.T.);
#3184=FACE_BOUND('',#2943,.T.);
#3185=FACE_BOUND('',#2944,.T.);
#3186=FACE_BOUND('',#2945,.T.);
#3187=FACE_BOUND('',#2946,.T.);
#3188=FACE_BOUND('',#2947,.T.);
#3189=FACE_BOUND('',#2948,.T.);
#3190=FACE_BOUND('',#2949,.T.);
#3191=FACE_BOUND('',#2950,.T.);
#3192=FACE_BOUND('',#2951,.T.);
#3193=FACE_BOUND('',#2952,.T.);
#3194=FACE_BOUND('',#2953,.T.);
#3195=FACE_BOUND('',#2954,.T.);
#3196=FACE_BOUND('',#2955,.T.);
#3197=FACE_BOUND('',#2956,.T.);
#3198=FACE_BOUND('',#2957,.T.);
#3199=FACE_BOUND('',#2958,.T.);
#3200=FACE_BOUND('',#2959,.T.);
#3201=FACE_BOUND('',#2960,.T.);
#3202=FACE_BOUND('',#2961,.T.);
#3203=FACE_BOUND('',#2962,.T.);
#3204=FACE_BOUND('',#2963,.T.);
#3205=FACE_BOUND('',#2964,.T.);
#3206=FACE_BOUND('',#2965,.T.);
#3207=FACE_BOUND('',#2966,.T.);
#3208=FACE_BOUND('',#2967,.T.);
#3209=FACE_BOUND('',#2968,.T.);
#3210=FACE_BOUND('',#2969,.T.);
#3211=FACE_BOUND('',#2970,.T.);
#3212=FACE_BOUND('',#2971,.T.);
#3213=FACE_BOUND('',#2972,.T.);
#3214=FACE_BOUND('',#2973,.T.);
#3215=FACE_BOUND('',#2974,.T.);
#3216=FACE_BOUND('',#2975,.T.);
#3217=FACE_BOUND('',#2976,.T.);
#3218=FACE_BOUND('',#2977,.T.);
#3219=FACE_BOUND('',#2978,.T.);
#3220=FACE_BOUND('',#2979,.T.);
#3221=FACE_BOUND('',#2980,.T.);
#3222=FACE_BOUND('',#2981,.T.);
#3223=FACE_BOUND('',#2982,.T.);
#3224=FACE_BOUND('',#2983,.T.);
#3225=FACE_BOUND('',#2984,.T.);
#3226=FACE_BOUND('',#2985,.T.);
#3227=FACE_BOUND('',#2986,.T.);
#3228=FACE_BOUND('',#2987,.T.);
#3229=FACE_BOUND('',#2988,.T.);
#3230=FACE_BOUND('',#2989,.T.);
#3231=FACE_BOUND('',#2990,.T.);
#3232=FACE_BOUND('',#2991,.T.);
#3233=FACE_BOUND('',#2992,.T.);
#3234=FACE_BOUND('',#2993,.T.);
#3235=FACE_BOUND('',#2994,.T.);
#3236=FACE_BOUND('',#2995,.T.);
#3237=FACE_BOUND('',#2996,.T.);
#3238=FACE_BOUND('',#2997,.T.);
#3239=FACE_BOUND('',#2998,.T.);
#3240=FACE_BOUND('',#2999,.T.);
#3241=FACE_BOUND('',#3000,.T.);
#3242=FACE_BOUND('',#3001,.T.);
#3243=FACE_BOUND('',#3002,.T.);
#3244=FACE_BOUND('',#3003,.T.);
#3245=FACE_BOUND('',#3004,.T.);
#3246=FACE_BOUND('',#3005,.T.);
#3247=FACE_BOUND('',#3006,.T.);
#3248=FACE_BOUND('',#3007,.T.);
#3249=FACE_BOUND('',#3008,.T.);
#3250=FACE_BOUND('',#3009,.T.);
#3251=FACE_BOUND('',#3010,.T.);
#3252=FACE_BOUND('',#3011,.T.);
#3253=FACE_BOUND('',#3012,.T.);
#3254=FACE_BOUND('',#3013,.T.);
#3255=FACE_BOUND('',#3014,.T.);
#3256=FACE_BOUND('',#3015,.T.);
#3257=FACE_BOUND('',#3016,.T.);
#3258=FACE_BOUND('',#3017,.T.);
#3259=FACE_BOUND('',#3018,.T.);
#3260=FACE_BOUND('',#3019,.T.);
#3261=FACE_BOUND('',#3020,.T.);
#3262=FACE_BOUND('',#3021,.T.);
#3263=FACE_BOUND('',#3022,.T.);
#3264=FACE_BOUND('',#3023,.T.);
#3265=FACE_BOUND('',#3024,.T.);
#3266=FACE_BOUND('',#3025,.T.);
#3267=FACE_BOUND('',#3026,.T.);
#3268=FACE_BOUND('',#3027,.T.);
#3269=FACE_BOUND('',#3028,.T.);
#3270=FACE_BOUND('',#3029,.T.);
#3271=FACE_BOUND('',#3030,.T.);
#3272=FACE_BOUND('',#3031,.T.);
#3273=FACE_BOUND('',#3032,.T.);
#3274=FACE_BOUND('',#3033,.T.);
#3275=FACE_BOUND('',#3034,.T.);
#3276=FACE_BOUND('',#3035,.T.);
#3277=FACE_BOUND('',#3036,.T.);
#3278=FACE_BOUND('',#3037,.T.);
#3279=FACE_BOUND('',#3038,.T.);
#3280=FACE_BOUND('',#3039,.T.);
#3281=FACE_BOUND('',#3040,.T.);
#3282=FACE_BOUND('',#3041,.T.);
#3283=FACE_BOUND('',#3042,.T.);
#3284=FACE_BOUND('',#3043,.T.);
#3285=FACE_BOUND('',#3044,.T.);
#3286=FACE_BOUND('',#3045,.T.);
#3287=FACE_BOUND('',#3046,.T.);
#3288=FACE_BOUND('',#3047,.T.);
#3289=FACE_BOUND('',#3048,.T.);
#3290=FACE_BOUND('',#3049,.T.);
#3291=FACE_BOUND('',#3050,.T.);
#3292=FACE_BOUND('',#3051,.T.);
#3293=FACE_BOUND('',#3052,.T.);
#3294=FACE_BOUND('',#3053,.T.);
#3295=FACE_BOUND('',#3054,.T.);
#3296=FACE_BOUND('',#3055,.T.);
#3297=FACE_BOUND('',#3056,.T.);
#3298=FACE_BOUND('',#3057,.T.);
#3299=FACE_BOUND('',#3058,.T.);
#3300=FACE_BOUND('',#3059,.T.);
#3301=FACE_BOUND('',#3060,.T.);
#3302=FACE_BOUND('',#3061,.T.);
#3303=FACE_BOUND('',#3062,.T.);
#3304=FACE_BOUND('',#3063,.T.);
#3305=FACE_BOUND('',#3064,.T.);
#3306=FACE_BOUND('',#3065,.T.);
#3307=FACE_BOUND('',#3066,.T.);
#3308=FACE_BOUND('',#3067,.T.);
#3309=FACE_BOUND('',#3068,.T.);
#3310=FACE_BOUND('',#3069,.T.);
#3311=FACE_BOUND('',#3070,.T.);
#3312=FACE_BOUND('',#3071,.T.);
#3313=FACE_BOUND('',#3072,.T.);
#3314=FACE_BOUND('',#3073,.T.);
#3315=FACE_BOUND('',#3074,.T.);
#3316=FACE_BOUND('',#3075,.T.);
#3317=FACE_BOUND('',#3076,.T.);
#3318=FACE_BOUND('',#3077,.T.);
#3319=FACE_BOUND('',#3078,.T.);
#3320=FACE_BOUND('',#3079,.T.);
#3321=FACE_BOUND('',#3080,.T.);
#3322=FACE_BOUND('',#3081,.T.);
#3323=FACE_BOUND('',#3082,.T.);
#3324=FACE_BOUND('',#3083,.T.);
#3325=FACE_BOUND('',#3084,.T.);
#3326=FACE_BOUND('',#3085,.T.);
#3327=FACE_BOUND('',#3086,.T.);
#3328=FACE_BOUND('',#3087,.T.);
#3329=FACE_BOUND('',#3088,.T.);
#3330=FACE_BOUND('',#3089,.T.);
#3331=FACE_BOUND('',#3090,.T.);
#3332=FACE_BOUND('',#3091,.T.);
#3333=FACE_BOUND('',#3092,.T.);
#3334=FACE_BOUND('',#3093,.T.);
#3335=FACE_BOUND('',#3094,.T.);
#3336=FACE_BOUND('',#3095,.T.);
#3337=FACE_BOUND('',#3096,.T.);
#3338=FACE_BOUND('',#3097,.T.);
#3339=FACE_BOUND('',#3098,.T.);
#3340=FACE_BOUND('',#3099,.T.);
#3341=FACE_BOUND('',#3100,.T.);
#3342=FACE_BOUND('',#3101,.T.);
#3343=FACE_BOUND('',#3102,.T.);
#3344=FACE_BOUND('',#3103,.T.);
#3345=FACE_BOUND('',#3104,.T.);
#3346=FACE_BOUND('',#3105,.T.);
#3347=FACE_BOUND('',#3106,.T.);
#3348=FACE_BOUND('',#3107,.T.);
#3349=FACE_BOUND('',#3108,.T.);
#3350=FACE_BOUND('',#3109,.T.);
#3351=FACE_BOUND('',#3110,.T.);
#3352=FACE_BOUND('',#3111,.T.);
#3353=FACE_BOUND('',#3112,.T.);
#3354=FACE_BOUND('',#3113,.T.);
#3355=FACE_BOUND('',#3114,.T.);
#3356=FACE_BOUND('',#3115,.T.);
#3357=FACE_BOUND('',#3116,.T.);
#3358=FACE_BOUND('',#3117,.T.);
#3359=FACE_BOUND('',#3118,.T.);
#3360=FACE_BOUND('',#3119,.T.);
#3361=FACE_BOUND('',#3120,.T.);
#3362=FACE_BOUND('',#3121,.T.);
#3363=FACE_BOUND('',#3122,.T.);
#3364=FACE_BOUND('',#3123,.T.);
#3365=FACE_BOUND('',#3124,.T.);
#3366=FACE_BOUND('',#3125,.T.);
#3367=FACE_BOUND('',#3126,.T.);
#3368=FACE_BOUND('',#3127,.T.);
#3369=FACE_BOUND('',#3128,.T.);
#3370=FACE_BOUND('',#3129,.T.);
#3371=FACE_BOUND('',#3130,.T.);
#3372=FACE_BOUND('',#3131,.T.);
#3373=FACE_BOUND('',#3132,.T.);
#3374=FACE_BOUND('',#3133,.T.);
#3375=FACE_BOUND('',#3134,.T.);
#3376=FACE_BOUND('',#3135,.T.);
#3377=FACE_BOUND('',#3136,.T.);
#3378=FACE_BOUND('',#3137,.T.);
#3379=FACE_BOUND('',#3138,.T.);
#3380=FACE_BOUND('',#3139,.T.);
#3381=FACE_BOUND('',#3140,.T.);
#3382=FACE_BOUND('',#3141,.T.);
#3383=FACE_BOUND('',#3142,.T.);
#3384=FACE_BOUND('',#3143,.T.);
#3385=FACE_BOUND('',#3144,.T.);
#3386=FACE_BOUND('',#3145,.T.);
#3387=FACE_BOUND('',#3146,.T.);
#3388=FACE_BOUND('',#3147,.T.);
#3389=FACE_BOUND('',#3148,.T.);
#3390=FACE_BOUND('',#3149,.T.);
#3391=FACE_BOUND('',#3150,.T.);
#3392=FACE_BOUND('',#3151,.T.);
#3393=FACE_BOUND('',#3152,.T.);
#3394=FACE_BOUND('',#3153,.T.);
#3395=FACE_BOUND('',#3154,.T.);
#3396=PLANE('',#3885);
#3397=PLANE('',#3886);
#3398=PLANE('',#3887);
#3399=PLANE('',#3888);
#3400=PLANE('',#3889);
#3401=PLANE('',#3890);
#3402=PLANE('',#3891);
#3403=PLANE('',#3892);
#3404=PLANE('',#3893);
#3405=PLANE('',#3894);
#3406=PLANE('',#3895);
#3407=PLANE('',#3896);
#3408=PLANE('',#3897);
#3409=PLANE('',#3898);
#3410=PLANE('',#3899);
#3411=PLANE('',#3900);
#3412=PLANE('',#3901);
#3413=PLANE('',#3902);
#3414=PLANE('',#3903);
#3415=PLANE('',#3904);
#3416=PLANE('',#3905);
#3417=PLANE('',#3906);
#3418=PLANE('',#3907);
#3419=PLANE('',#3908);
#3420=PLANE('',#3909);
#3421=PLANE('',#3910);
#3422=PLANE('',#3911);
#3423=PLANE('',#3912);
#3424=PLANE('',#3913);
#3425=PLANE('',#3914);
#3426=PLANE('',#3915);
#3427=PLANE('',#3916);
#3428=PLANE('',#3917);
#3429=PLANE('',#3918);
#3430=PLANE('',#3919);
#3431=PLANE('',#3920);
#3432=PLANE('',#3921);
#3433=PLANE('',#3922);
#3434=PLANE('',#3923);
#3435=PLANE('',#3924);
#3436=PLANE('',#3925);
#3437=PLANE('',#3926);
#3438=PLANE('',#3927);
#3439=PLANE('',#3928);
#3440=PLANE('',#3929);
#3441=PLANE('',#3930);
#3442=PLANE('',#3931);
#3443=PLANE('',#3932);
#3444=PLANE('',#3933);
#3445=PLANE('',#3934);
#3446=PLANE('',#3935);
#3447=PLANE('',#3937);
#3448=PLANE('',#3938);
#3449=PLANE('',#3939);
#3450=PLANE('',#3941);
#3451=PLANE('',#3942);
#3452=PLANE('',#3943);
#3453=PLANE('',#3944);
#3454=PLANE('',#3945);
#3455=PLANE('',#3946);
#3456=PLANE('',#3947);
#3457=PLANE('',#3948);
#3458=PLANE('',#3950);
#3459=PLANE('',#3951);
#3460=PLANE('',#3952);
#3461=PLANE('',#3953);
#3462=PLANE('',#3954);
#3463=PLANE('',#3955);
#3464=PLANE('',#3956);
#3465=PLANE('',#3957);
#3466=PLANE('',#3958);
#3467=PLANE('',#3959);
#3468=PLANE('',#3960);
#3469=PLANE('',#3961);
#3470=PLANE('',#3962);
#3471=PLANE('',#3963);
#3472=PLANE('',#3964);
#3473=PLANE('',#3965);
#3474=PLANE('',#3966);
#3475=PLANE('',#3967);
#3476=PLANE('',#3968);
#3477=PLANE('',#3969);
#3478=PLANE('',#3970);
#3479=PLANE('',#3971);
#3480=PLANE('',#3972);
#3481=PLANE('',#3973);
#3482=PLANE('',#3974);
#3483=PLANE('',#3975);
#3484=PLANE('',#3976);
#3485=PLANE('',#3977);
#3486=PLANE('',#3978);
#3487=PLANE('',#3979);
#3488=PLANE('',#3980);
#3489=PLANE('',#3981);
#3490=PLANE('',#3982);
#3491=PLANE('',#3983);
#3492=PLANE('',#3984);
#3493=PLANE('',#3985);
#3494=PLANE('',#3986);
#3495=PLANE('',#3987);
#3496=PLANE('',#3989);
#3497=PLANE('',#3990);
#3498=PLANE('',#3991);
#3499=PLANE('',#3992);
#3500=PLANE('',#3993);
#3501=PLANE('',#3994);
#3502=PLANE('',#3995);
#3503=PLANE('',#3996);
#3504=PLANE('',#3997);
#3505=PLANE('',#3998);
#3506=PLANE('',#3999);
#3507=PLANE('',#4000);
#3508=PLANE('',#4001);
#3509=PLANE('',#4002);
#3510=PLANE('',#4003);
#3511=PLANE('',#4004);
#3512=PLANE('',#4005);
#3513=PLANE('',#4006);
#3514=PLANE('',#4007);
#3515=PLANE('',#4008);
#3516=PLANE('',#4009);
#3517=PLANE('',#4010);
#3518=PLANE('',#4011);
#3519=PLANE('',#4012);
#3520=PLANE('',#4013);
#3521=PLANE('',#4014);
#3522=PLANE('',#4015);
#3523=PLANE('',#4016);
#3524=PLANE('',#4017);
#3525=PLANE('',#4018);
#3526=PLANE('',#4019);
#3527=PLANE('',#4020);
#3528=PLANE('',#4021);
#3529=PLANE('',#4022);
#3530=PLANE('',#4023);
#3531=PLANE('',#4024);
#3532=PLANE('',#4025);
#3533=PLANE('',#4026);
#3534=PLANE('',#4027);
#3535=PLANE('',#4028);
#3536=PLANE('',#4029);
#3537=PLANE('',#4030);
#3538=PLANE('',#4031);
#3539=PLANE('',#4032);
#3540=PLANE('',#4034);
#3541=PLANE('',#4035);
#3542=PLANE('',#4037);
#3543=PLANE('',#4038);
#3544=PLANE('',#4039);
#3545=PLANE('',#4040);
#3546=PLANE('',#4041);
#3547=PLANE('',#4042);
#3548=PLANE('',#4043);
#3549=PLANE('',#4044);
#3550=PLANE('',#4045);
#3551=PLANE('',#4046);
#3552=PLANE('',#4047);
#3553=PLANE('',#4048);
#3554=PLANE('',#4049);
#3555=PLANE('',#4050);
#3556=PLANE('',#4051);
#3557=PLANE('',#4052);
#3558=PLANE('',#4053);
#3559=PLANE('',#4054);
#3560=PLANE('',#4055);
#3561=PLANE('',#4056);
#3562=PLANE('',#4057);
#3563=PLANE('',#4058);
#3564=PLANE('',#4059);
#3565=PLANE('',#4060);
#3566=PLANE('',#4061);
#3567=PLANE('',#4062);
#3568=PLANE('',#4063);
#3569=PLANE('',#4064);
#3570=PLANE('',#4065);
#3571=PLANE('',#4066);
#3572=PLANE('',#4067);
#3573=PLANE('',#4068);
#3574=PLANE('',#4069);
#3575=PLANE('',#4070);
#3576=PLANE('',#4071);
#3577=PLANE('',#4072);
#3578=PLANE('',#4073);
#3579=PLANE('',#4074);
#3580=PLANE('',#4075);
#3581=PLANE('',#4076);
#3582=PLANE('',#4077);
#3583=PLANE('',#4078);
#3584=PLANE('',#4079);
#3585=PLANE('',#4080);
#3586=PLANE('',#4081);
#3587=PLANE('',#4082);
#3588=PLANE('',#4083);
#3589=PLANE('',#4084);
#3590=PLANE('',#4085);
#3591=PLANE('',#4086);
#3592=PLANE('',#4087);
#3593=PLANE('',#4088);
#3594=PLANE('',#4089);
#3595=PLANE('',#4090);
#3596=PLANE('',#4091);
#3597=PLANE('',#4092);
#3598=PLANE('',#4093);
#3599=PLANE('',#4094);
#3600=PLANE('',#4095);
#3601=PLANE('',#4096);
#3602=PLANE('',#4097);
#3603=PLANE('',#4098);
#3604=ADVANCED_FACE('',(#3155,#3156),#3396,.T.);
#3605=ADVANCED_FACE('',(#3157),#3397,.T.);
#3606=ADVANCED_FACE('',(#3158),#3398,.F.);
#3607=ADVANCED_FACE('',(#3159),#3399,.T.);
#3608=ADVANCED_FACE('',(#3160),#3400,.T.);
#3609=ADVANCED_FACE('',(#3161),#3401,.F.);
#3610=ADVANCED_FACE('',(#3162),#3402,.T.);
#3611=ADVANCED_FACE('',(#3163),#3403,.F.);
#3612=ADVANCED_FACE('',(#3164),#3404,.T.);
#3613=ADVANCED_FACE('',(#3165),#3405,.F.);
#3614=ADVANCED_FACE('',(#3166),#3406,.F.);
#3615=ADVANCED_FACE('',(#3167),#3407,.T.);
#3616=ADVANCED_FACE('',(#3168),#3408,.T.);
#3617=ADVANCED_FACE('',(#3169),#3409,.T.);
#3618=ADVANCED_FACE('',(#3170),#3410,.F.);
#3619=ADVANCED_FACE('',(#3171),#3411,.T.);
#3620=ADVANCED_FACE('',(#3172),#3412,.F.);
#3621=ADVANCED_FACE('',(#3173),#3413,.F.);
#3622=ADVANCED_FACE('',(#3174),#3414,.T.);
#3623=ADVANCED_FACE('',(#3175),#3415,.F.);
#3624=ADVANCED_FACE('',(#3176),#3416,.T.);
#3625=ADVANCED_FACE('',(#3177),#3417,.T.);
#3626=ADVANCED_FACE('',(#3178),#3418,.T.);
#3627=ADVANCED_FACE('',(#3179),#3419,.T.);
#3628=ADVANCED_FACE('',(#3180),#3420,.F.);
#3629=ADVANCED_FACE('',(#3181),#3421,.T.);
#3630=ADVANCED_FACE('',(#3182),#3422,.F.);
#3631=ADVANCED_FACE('',(#3183),#3423,.T.);
#3632=ADVANCED_FACE('',(#3184),#3424,.T.);
#3633=ADVANCED_FACE('',(#3185),#3425,.T.);
#3634=ADVANCED_FACE('',(#3186),#3426,.T.);
#3635=ADVANCED_FACE('',(#3187),#3427,.T.);
#3636=ADVANCED_FACE('',(#3188),#3428,.T.);
#3637=ADVANCED_FACE('',(#3189),#3429,.T.);
#3638=ADVANCED_FACE('',(#3190),#3430,.F.);
#3639=ADVANCED_FACE('',(#3191),#3431,.F.);
#3640=ADVANCED_FACE('',(#3192),#3432,.F.);
#3641=ADVANCED_FACE('',(#3193),#3433,.T.);
#3642=ADVANCED_FACE('',(#3194),#3434,.T.);
#3643=ADVANCED_FACE('',(#3195),#3435,.F.);
#3644=ADVANCED_FACE('',(#3196),#3436,.T.);
#3645=ADVANCED_FACE('',(#3197),#3437,.T.);
#3646=ADVANCED_FACE('',(#3198),#3438,.T.);
#3647=ADVANCED_FACE('',(#3199),#3439,.T.);
#3648=ADVANCED_FACE('',(#3200),#3440,.T.);
#3649=ADVANCED_FACE('',(#3201),#3441,.T.);
#3650=ADVANCED_FACE('',(#3202),#3442,.F.);
#3651=ADVANCED_FACE('',(#3203),#3443,.F.);
#3652=ADVANCED_FACE('',(#3204),#3444,.T.);
#3653=ADVANCED_FACE('',(#3205),#3445,.T.);
#3654=ADVANCED_FACE('',(#3206),#3446,.T.);
#3655=ADVANCED_FACE('',(#3207,#3208,#3209),#3447,.T.);
#3656=ADVANCED_FACE('',(#3210),#3448,.T.);
#3657=ADVANCED_FACE('',(#3211),#3449,.T.);
#3658=ADVANCED_FACE('',(#3212),#34,.T.);
#3659=ADVANCED_FACE('',(#3213),#3450,.F.);
#3660=ADVANCED_FACE('',(#3214),#3451,.F.);
#3661=ADVANCED_FACE('',(#3215),#3452,.T.);
#3662=ADVANCED_FACE('',(#3216),#3453,.T.);
#3663=ADVANCED_FACE('',(#3217),#3454,.F.);
#3664=ADVANCED_FACE('',(#3218),#3455,.F.);
#3665=ADVANCED_FACE('',(#3219),#3456,.F.);
#3666=ADVANCED_FACE('',(#3220),#3457,.T.);
#3667=ADVANCED_FACE('',(#3221),#35,.T.);
#3668=ADVANCED_FACE('',(#3222),#10,.T.);
#3669=ADVANCED_FACE('',(#3223),#11,.T.);
#3670=ADVANCED_FACE('',(#3224),#12,.T.);
#3671=ADVANCED_FACE('',(#3225),#3458,.F.);
#3672=ADVANCED_FACE('',(#3226),#3459,.T.);
#3673=ADVANCED_FACE('',(#3227),#3460,.F.);
#3674=ADVANCED_FACE('',(#3228),#13,.T.);
#3675=ADVANCED_FACE('',(#3229),#14,.T.);
#3676=ADVANCED_FACE('',(#3230),#3461,.T.);
#3677=ADVANCED_FACE('',(#3231),#3462,.T.);
#3678=ADVANCED_FACE('',(#3232),#3463,.F.);
#3679=ADVANCED_FACE('',(#3233),#3464,.F.);
#3680=ADVANCED_FACE('',(#3234),#3465,.T.);
#3681=ADVANCED_FACE('',(#3235),#15,.T.);
#3682=ADVANCED_FACE('',(#3236),#3466,.T.);
#3683=ADVANCED_FACE('',(#3237),#3467,.T.);
#3684=ADVANCED_FACE('',(#3238),#3468,.T.);
#3685=ADVANCED_FACE('',(#3239),#3469,.F.);
#3686=ADVANCED_FACE('',(#3240),#3470,.F.);
#3687=ADVANCED_FACE('',(#3241),#3471,.T.);
#3688=ADVANCED_FACE('',(#3242),#3472,.T.);
#3689=ADVANCED_FACE('',(#3243),#3473,.T.);
#3690=ADVANCED_FACE('',(#3244),#3474,.T.);
#3691=ADVANCED_FACE('',(#3245),#3475,.F.);
#3692=ADVANCED_FACE('',(#3246),#3476,.T.);
#3693=ADVANCED_FACE('',(#3247),#3477,.T.);
#3694=ADVANCED_FACE('',(#3248),#3478,.T.);
#3695=ADVANCED_FACE('',(#3249),#3479,.F.);
#3696=ADVANCED_FACE('',(#3250),#3480,.T.);
#3697=ADVANCED_FACE('',(#3251),#3481,.F.);
#3698=ADVANCED_FACE('',(#3252),#3482,.F.);
#3699=ADVANCED_FACE('',(#3253),#3483,.T.);
#3700=ADVANCED_FACE('',(#3254),#3484,.F.);
#3701=ADVANCED_FACE('',(#3255),#3485,.T.);
#3702=ADVANCED_FACE('',(#3256),#3486,.F.);
#3703=ADVANCED_FACE('',(#3257),#3487,.F.);
#3704=ADVANCED_FACE('',(#3258),#3488,.T.);
#3705=ADVANCED_FACE('',(#3259),#3489,.F.);
#3706=ADVANCED_FACE('',(#3260),#3490,.T.);
#3707=ADVANCED_FACE('',(#3261),#3491,.F.);
#3708=ADVANCED_FACE('',(#3262),#3492,.T.);
#3709=ADVANCED_FACE('',(#3263),#3493,.F.);
#3710=ADVANCED_FACE('',(#3264),#3494,.F.);
#3711=ADVANCED_FACE('',(#3265),#3495,.T.);
#3712=ADVANCED_FACE('',(#3266),#16,.T.);
#3713=ADVANCED_FACE('',(#3267),#17,.T.);
#3714=ADVANCED_FACE('',(#3268),#3496,.F.);
#3715=ADVANCED_FACE('',(#3269),#3497,.F.);
#3716=ADVANCED_FACE('',(#3270),#3498,.T.);
#3717=ADVANCED_FACE('',(#3271),#3499,.T.);
#3718=ADVANCED_FACE('',(#3272),#3500,.F.);
#3719=ADVANCED_FACE('',(#3273),#3501,.T.);
#3720=ADVANCED_FACE('',(#3274),#3502,.T.);
#3721=ADVANCED_FACE('',(#3275),#3503,.T.);
#3722=ADVANCED_FACE('',(#3276,#3277,#3278),#3504,.T.);
#3723=ADVANCED_FACE('',(#3279),#3505,.T.);
#3724=ADVANCED_FACE('',(#3280),#3506,.T.);
#3725=ADVANCED_FACE('',(#3281),#3507,.F.);
#3726=ADVANCED_FACE('',(#3282),#3508,.F.);
#3727=ADVANCED_FACE('',(#3283),#3509,.T.);
#3728=ADVANCED_FACE('',(#3284),#18,.T.);
#3729=ADVANCED_FACE('',(#3285),#19,.T.);
#3730=ADVANCED_FACE('',(#3286),#20,.T.);
#3731=ADVANCED_FACE('',(#3287),#3510,.T.);
#3732=ADVANCED_FACE('',(#3288),#3511,.T.);
#3733=ADVANCED_FACE('',(#3289),#3512,.T.);
#3734=ADVANCED_FACE('',(#3290),#21,.T.);
#3735=ADVANCED_FACE('',(#3291),#22,.T.);
#3736=ADVANCED_FACE('',(#3292),#3513,.T.);
#3737=ADVANCED_FACE('',(#3293),#23,.T.);
#3738=ADVANCED_FACE('',(#3294),#24,.T.);
#3739=ADVANCED_FACE('',(#3295),#3514,.T.);
#3740=ADVANCED_FACE('',(#3296),#3515,.T.);
#3741=ADVANCED_FACE('',(#3297),#3516,.T.);
#3742=ADVANCED_FACE('',(#3298),#25,.T.);
#3743=ADVANCED_FACE('',(#3299),#26,.T.);
#3744=ADVANCED_FACE('',(#3300),#27,.T.);
#3745=ADVANCED_FACE('',(#3301),#28,.T.);
#3746=ADVANCED_FACE('',(#3302),#3517,.T.);
#3747=ADVANCED_FACE('',(#3303),#29,.T.);
#3748=ADVANCED_FACE('',(#3304),#3518,.T.);
#3749=ADVANCED_FACE('',(#3305),#3519,.T.);
#3750=ADVANCED_FACE('',(#3306),#3520,.T.);
#3751=ADVANCED_FACE('',(#3307),#3521,.T.);
#3752=ADVANCED_FACE('',(#3308),#3522,.T.);
#3753=ADVANCED_FACE('',(#3309),#3523,.T.);
#3754=ADVANCED_FACE('',(#3310),#3524,.T.);
#3755=ADVANCED_FACE('',(#3311),#3525,.T.);
#3756=ADVANCED_FACE('',(#3312),#3526,.T.);
#3757=ADVANCED_FACE('',(#3313),#3527,.T.);
#3758=ADVANCED_FACE('',(#3314),#3528,.T.);
#3759=ADVANCED_FACE('',(#3315),#3529,.T.);
#3760=ADVANCED_FACE('',(#3316),#3530,.T.);
#3761=ADVANCED_FACE('',(#3317),#3531,.T.);
#3762=ADVANCED_FACE('',(#3318),#3532,.T.);
#3763=ADVANCED_FACE('',(#3319),#3533,.T.);
#3764=ADVANCED_FACE('',(#3320),#3534,.T.);
#3765=ADVANCED_FACE('',(#3321),#3535,.T.);
#3766=ADVANCED_FACE('',(#3322),#3536,.F.);
#3767=ADVANCED_FACE('',(#3323),#3537,.T.);
#3768=ADVANCED_FACE('',(#3324),#3538,.T.);
#3769=ADVANCED_FACE('',(#3325),#3539,.T.);
#3770=ADVANCED_FACE('',(#3326,#3327),#3540,.T.);
#3771=ADVANCED_FACE('',(#3328),#3541,.T.);
#3772=ADVANCED_FACE('',(#3329),#36,.T.);
#3773=ADVANCED_FACE('',(#3330),#3542,.F.);
#3774=ADVANCED_FACE('',(#3331),#3543,.T.);
#3775=ADVANCED_FACE('',(#3332),#3544,.T.);
#3776=ADVANCED_FACE('',(#3333),#3545,.F.);
#3777=ADVANCED_FACE('',(#3334),#3546,.T.);
#3778=ADVANCED_FACE('',(#3335),#3547,.F.);
#3779=ADVANCED_FACE('',(#3336),#3548,.T.);
#3780=ADVANCED_FACE('',(#3337),#3549,.T.);
#3781=ADVANCED_FACE('',(#3338),#3550,.F.);
#3782=ADVANCED_FACE('',(#3339),#3551,.F.);
#3783=ADVANCED_FACE('',(#3340),#3552,.F.);
#3784=ADVANCED_FACE('',(#3341),#3553,.F.);
#3785=ADVANCED_FACE('',(#3342),#3554,.T.);
#3786=ADVANCED_FACE('',(#3343),#3555,.T.);
#3787=ADVANCED_FACE('',(#3344),#3556,.T.);
#3788=ADVANCED_FACE('',(#3345),#3557,.T.);
#3789=ADVANCED_FACE('',(#3346),#3558,.T.);
#3790=ADVANCED_FACE('',(#3347),#3559,.F.);
#3791=ADVANCED_FACE('',(#3348),#3560,.F.);
#3792=ADVANCED_FACE('',(#3349),#3561,.T.);
#3793=ADVANCED_FACE('',(#3350),#3562,.T.);
#3794=ADVANCED_FACE('',(#3351),#30,.T.);
#3795=ADVANCED_FACE('',(#3352),#3563,.T.);
#3796=ADVANCED_FACE('',(#3353),#3564,.T.);
#3797=ADVANCED_FACE('',(#3354),#3565,.T.);
#3798=ADVANCED_FACE('',(#3355),#3566,.T.);
#3799=ADVANCED_FACE('',(#3356),#3567,.T.);
#3800=ADVANCED_FACE('',(#3357),#31,.T.);
#3801=ADVANCED_FACE('',(#3358),#32,.T.);
#3802=ADVANCED_FACE('',(#3359),#3568,.F.);
#3803=ADVANCED_FACE('',(#3360),#3569,.F.);
#3804=ADVANCED_FACE('',(#3361),#3570,.T.);
#3805=ADVANCED_FACE('',(#3362),#3571,.T.);
#3806=ADVANCED_FACE('',(#3363),#3572,.T.);
#3807=ADVANCED_FACE('',(#3364),#3573,.F.);
#3808=ADVANCED_FACE('',(#3365),#33,.T.);
#3809=ADVANCED_FACE('',(#3366),#3574,.T.);
#3810=ADVANCED_FACE('',(#3367),#3575,.T.);
#3811=ADVANCED_FACE('',(#3368),#3576,.T.);
#3812=ADVANCED_FACE('',(#3369),#3577,.T.);
#3813=ADVANCED_FACE('',(#3370),#3578,.F.);
#3814=ADVANCED_FACE('',(#3371),#3579,.F.);
#3815=ADVANCED_FACE('',(#3372),#3580,.F.);
#3816=ADVANCED_FACE('',(#3373),#3581,.T.);
#3817=ADVANCED_FACE('',(#3374),#3582,.T.);
#3818=ADVANCED_FACE('',(#3375),#3583,.T.);
#3819=ADVANCED_FACE('',(#3376),#3584,.T.);
#3820=ADVANCED_FACE('',(#3377),#3585,.T.);
#3821=ADVANCED_FACE('',(#3378),#3586,.T.);
#3822=ADVANCED_FACE('',(#3379),#3587,.F.);
#3823=ADVANCED_FACE('',(#3380),#3588,.F.);
#3824=ADVANCED_FACE('',(#3381),#3589,.F.);
#3825=ADVANCED_FACE('',(#3382),#3590,.T.);
#3826=ADVANCED_FACE('',(#3383),#3591,.T.);
#3827=ADVANCED_FACE('',(#3384),#3592,.F.);
#3828=ADVANCED_FACE('',(#3385),#3593,.T.);
#3829=ADVANCED_FACE('',(#3386),#3594,.T.);
#3830=ADVANCED_FACE('',(#3387),#3595,.T.);
#3831=ADVANCED_FACE('',(#3388),#3596,.T.);
#3832=ADVANCED_FACE('',(#3389),#3597,.T.);
#3833=ADVANCED_FACE('',(#3390),#3598,.T.);
#3834=ADVANCED_FACE('',(#3391),#3599,.F.);
#3835=ADVANCED_FACE('',(#3392),#3600,.F.);
#3836=ADVANCED_FACE('',(#3393),#3601,.T.);
#3837=ADVANCED_FACE('',(#3394),#3602,.T.);
#3838=ADVANCED_FACE('',(#3395),#3603,.T.);
#3839=CLOSED_SHELL('',(#3604,#3605,#3606,#3607,#3608,#3609,#3610,#3611,
#3612,#3613,#3614,#3615,#3616,#3617,#3618,#3619,#3620,#3621,#3622,#3623,
#3624,#3625,#3626,#3627,#3628,#3629,#3630,#3631,#3632,#3633,#3634,#3635,
#3636,#3637,#3638,#3639,#3640,#3641,#3642,#3643,#3644,#3645,#3646,#3647,
#3648,#3649,#3650,#3651,#3652,#3653,#3654));
#3840=CLOSED_SHELL('',(#3655,#3656,#3657,#3658,#3659,#3660,#3661,#3662,
#3663,#3664,#3665,#3666,#3667,#3668,#3669,#3670,#3671,#3672,#3673,#3674,
#3675,#3676,#3677,#3678,#3679,#3680,#3681,#3682,#3683,#3684,#3685,#3686,
#3687,#3688,#3689,#3690,#3691,#3692,#3693,#3694,#3695,#3696,#3697,#3698,
#3699,#3700,#3701,#3702,#3703,#3704,#3705,#3706,#3707,#3708,#3709,#3710,
#3711,#3712,#3713));
#3841=CLOSED_SHELL('',(#3714,#3715,#3716,#3717,#3718,#3719,#3720,#3721,
#3722,#3723,#3724,#3725,#3726,#3727,#3728,#3729,#3730,#3731,#3732,#3733,
#3734,#3735,#3736,#3737,#3738,#3739,#3740,#3741,#3742,#3743,#3744,#3745,
#3746,#3747,#3748,#3749,#3750,#3751,#3752,#3753,#3754,#3755,#3756,#3757,
#3758,#3759,#3760,#3761,#3762,#3763,#3764,#3765,#3766,#3767,#3768,#3769));
#3842=CLOSED_SHELL('',(#3770,#3771,#3772,#3773,#3774,#3775,#3776,#3777,
#3778,#3779,#3780,#3781,#3782,#3783,#3784,#3785,#3786,#3787,#3788,#3789,
#3790,#3791,#3792,#3793,#3794,#3795,#3796,#3797,#3798,#3799,#3800,#3801,
#3802,#3803,#3804,#3805,#3806,#3807,#3808,#3809,#3810,#3811,#3812,#3813,
#3814,#3815,#3816,#3817,#3818,#3819,#3820,#3821,#3822,#3823,#3824,#3825,
#3826,#3827,#3828,#3829,#3830,#3831,#3832,#3833,#3834,#3835,#3836,#3837,
#3838));
#3843=STYLED_ITEM('',(#3847),#3872);
#3844=STYLED_ITEM('',(#3848),#3873);
#3845=STYLED_ITEM('',(#3849),#3874);
#3846=STYLED_ITEM('',(#3850),#3875);
#3847=PRESENTATION_STYLE_ASSIGNMENT((#3851));
#3848=PRESENTATION_STYLE_ASSIGNMENT((#3852));
#3849=PRESENTATION_STYLE_ASSIGNMENT((#3853));
#3850=PRESENTATION_STYLE_ASSIGNMENT((#3854));
#3851=SURFACE_STYLE_USAGE(.BOTH.,#3855);
#3852=SURFACE_STYLE_USAGE(.BOTH.,#3856);
#3853=SURFACE_STYLE_USAGE(.BOTH.,#3857);
#3854=SURFACE_STYLE_USAGE(.BOTH.,#3858);
#3855=SURFACE_SIDE_STYLE('',(#3859));
#3856=SURFACE_SIDE_STYLE('',(#3860));
#3857=SURFACE_SIDE_STYLE('',(#3861));
#3858=SURFACE_SIDE_STYLE('',(#3862));
#3859=SURFACE_STYLE_FILL_AREA(#3863);
#3860=SURFACE_STYLE_FILL_AREA(#3864);
#3861=SURFACE_STYLE_FILL_AREA(#3865);
#3862=SURFACE_STYLE_FILL_AREA(#3866);
#3863=FILL_AREA_STYLE('',(#3867));
#3864=FILL_AREA_STYLE('',(#3868));
#3865=FILL_AREA_STYLE('',(#3869));
#3866=FILL_AREA_STYLE('',(#3870));
#3867=FILL_AREA_STYLE_COLOUR('',#3871);
#3868=FILL_AREA_STYLE_COLOUR('',#3871);
#3869=FILL_AREA_STYLE_COLOUR('',#3871);
#3870=FILL_AREA_STYLE_COLOUR('',#3871);
#3871=COLOUR_RGB('',0.231372549019608,0.380392156862745,0.705882352941177);
#3872=MANIFOLD_SOLID_BREP('Part 2',#3839);
#3873=MANIFOLD_SOLID_BREP('Part 4',#3840);
#3874=MANIFOLD_SOLID_BREP('Part 1',#3841);
#3875=MANIFOLD_SOLID_BREP('Part 3',#3842);
#3876=SHAPE_DEFINITION_REPRESENTATION(#8103,#3880);
#3877=SHAPE_DEFINITION_REPRESENTATION(#8104,#3881);
#3878=SHAPE_DEFINITION_REPRESENTATION(#8105,#3882);
#3879=SHAPE_DEFINITION_REPRESENTATION(#8106,#3883);
#3880=SHAPE_REPRESENTATION('Part 2',(#3884),#8083);
#3881=SHAPE_REPRESENTATION('Part 4',(#3936),#8084);
#3882=SHAPE_REPRESENTATION('Part 1',(#3988),#8085);
#3883=SHAPE_REPRESENTATION('Part 3',(#4033),#8086);
#3884=AXIS2_PLACEMENT_3D('',#4994,#4099,#4100);
#3885=AXIS2_PLACEMENT_3D('',#4995,#4101,#4102);
#3886=AXIS2_PLACEMENT_3D('',#5020,#4115,#4116);
#3887=AXIS2_PLACEMENT_3D('',#5029,#4121,#4122);
#3888=AXIS2_PLACEMENT_3D('',#5038,#4127,#4128);
#3889=AXIS2_PLACEMENT_3D('',#5047,#4133,#4134);
#3890=AXIS2_PLACEMENT_3D('',#5056,#4139,#4140);
#3891=AXIS2_PLACEMENT_3D('',#5065,#4145,#4146);
#3892=AXIS2_PLACEMENT_3D('',#5074,#4151,#4152);
#3893=AXIS2_PLACEMENT_3D('',#5083,#4157,#4158);
#3894=AXIS2_PLACEMENT_3D('',#5092,#4163,#4164);
#3895=AXIS2_PLACEMENT_3D('',#5101,#4169,#4170);
#3896=AXIS2_PLACEMENT_3D('',#5110,#4175,#4176);
#3897=AXIS2_PLACEMENT_3D('',#5113,#4179,#4180);
#3898=AXIS2_PLACEMENT_3D('',#5116,#4183,#4184);
#3899=AXIS2_PLACEMENT_3D('',#5119,#4187,#4188);
#3900=AXIS2_PLACEMENT_3D('',#5121,#4190,#4191);
#3901=AXIS2_PLACEMENT_3D('',#5123,#4193,#4194);
#3902=AXIS2_PLACEMENT_3D('',#5126,#4197,#4198);
#3903=AXIS2_PLACEMENT_3D('',#5128,#4200,#4201);
#3904=AXIS2_PLACEMENT_3D('',#5130,#4203,#4204);
#3905=AXIS2_PLACEMENT_3D('',#5133,#4207,#4208);
#3906=AXIS2_PLACEMENT_3D('',#5135,#4210,#4211);
#3907=AXIS2_PLACEMENT_3D('',#5137,#4213,#4214);
#3908=AXIS2_PLACEMENT_3D('',#5139,#4216,#4217);
#3909=AXIS2_PLACEMENT_3D('',#5141,#4219,#4220);
#3910=AXIS2_PLACEMENT_3D('',#5143,#4222,#4223);
#3911=AXIS2_PLACEMENT_3D('',#5145,#4225,#4226);
#3912=AXIS2_PLACEMENT_3D('',#5147,#4228,#4229);
#3913=AXIS2_PLACEMENT_3D('',#5149,#4231,#4232);
#3914=AXIS2_PLACEMENT_3D('',#5151,#4234,#4235);
#3915=AXIS2_PLACEMENT_3D('',#5153,#4237,#4238);
#3916=AXIS2_PLACEMENT_3D('',#5154,#4239,#4240);
#3917=AXIS2_PLACEMENT_3D('',#5157,#4243,#4244);
#3918=AXIS2_PLACEMENT_3D('',#5160,#4247,#4248);
#3919=AXIS2_PLACEMENT_3D('',#5163,#4251,#4252);
#3920=AXIS2_PLACEMENT_3D('',#5165,#4254,#4255);
#3921=AXIS2_PLACEMENT_3D('',#5167,#4257,#4258);
#3922=AXIS2_PLACEMENT_3D('',#5170,#4261,#4262);
#3923=AXIS2_PLACEMENT_3D('',#5172,#4264,#4265);
#3924=AXIS2_PLACEMENT_3D('',#5174,#4267,#4268);
#3925=AXIS2_PLACEMENT_3D('',#5177,#4271,#4272);
#3926=AXIS2_PLACEMENT_3D('',#5179,#4274,#4275);
#3927=AXIS2_PLACEMENT_3D('',#5181,#4277,#4278);
#3928=AXIS2_PLACEMENT_3D('',#5183,#4280,#4281);
#3929=AXIS2_PLACEMENT_3D('',#5185,#4283,#4284);
#3930=AXIS2_PLACEMENT_3D('',#5187,#4286,#4287);
#3931=AXIS2_PLACEMENT_3D('',#5189,#4289,#4290);
#3932=AXIS2_PLACEMENT_3D('',#5191,#4292,#4293);
#3933=AXIS2_PLACEMENT_3D('',#5193,#4295,#4296);
#3934=AXIS2_PLACEMENT_3D('',#5195,#4298,#4299);
#3935=AXIS2_PLACEMENT_3D('',#5197,#4301,#4302);
#3936=AXIS2_PLACEMENT_3D('',#5198,#4303,#4304);
#3937=AXIS2_PLACEMENT_3D('',#5199,#4305,#4306);
#3938=AXIS2_PLACEMENT_3D('',#5525,#4324,#4325);
#3939=AXIS2_PLACEMENT_3D('',#5613,#4331,#4332);
#3940=AXIS2_PLACEMENT_3D('',#5622,#4337,#4338);
#3941=AXIS2_PLACEMENT_3D('',#5975,#4339,#4340);
#3942=AXIS2_PLACEMENT_3D('',#5984,#4345,#4346);
#3943=AXIS2_PLACEMENT_3D('',#5993,#4351,#4352);
#3944=AXIS2_PLACEMENT_3D('',#6002,#4357,#4358);
#3945=AXIS2_PLACEMENT_3D('',#6011,#4363,#4364);
#3946=AXIS2_PLACEMENT_3D('',#6020,#4369,#4370);
#3947=AXIS2_PLACEMENT_3D('',#6026,#4374,#4375);
#3948=AXIS2_PLACEMENT_3D('',#6035,#4380,#4381);
#3949=AXIS2_PLACEMENT_3D('',#6044,#4386,#4387);
#3950=AXIS2_PLACEMENT_3D('',#6578,#4388,#4389);
#3951=AXIS2_PLACEMENT_3D('',#6581,#4392,#4393);
#3952=AXIS2_PLACEMENT_3D('',#6584,#4396,#4397);
#3953=AXIS2_PLACEMENT_3D('',#6698,#4399,#4400);
#3954=AXIS2_PLACEMENT_3D('',#6700,#4402,#4403);
#3955=AXIS2_PLACEMENT_3D('',#6703,#4406,#4407);
#3956=AXIS2_PLACEMENT_3D('',#6705,#4409,#4410);
#3957=AXIS2_PLACEMENT_3D('',#6707,#4412,#4413);
#3958=AXIS2_PLACEMENT_3D('',#6717,#4415,#4416);
#3959=AXIS2_PLACEMENT_3D('',#6719,#4418,#4419);
#3960=AXIS2_PLACEMENT_3D('',#6721,#4421,#4422);
#3961=AXIS2_PLACEMENT_3D('',#6723,#4424,#4425);
#3962=AXIS2_PLACEMENT_3D('',#6725,#4427,#4428);
#3963=AXIS2_PLACEMENT_3D('',#6727,#4430,#4431);
#3964=AXIS2_PLACEMENT_3D('',#6729,#4433,#4434);
#3965=AXIS2_PLACEMENT_3D('',#6731,#4436,#4437);
#3966=AXIS2_PLACEMENT_3D('',#6733,#4439,#4440);
#3967=AXIS2_PLACEMENT_3D('',#6735,#4442,#4443);
#3968=AXIS2_PLACEMENT_3D('',#6736,#4444,#4445);
#3969=AXIS2_PLACEMENT_3D('',#6739,#4448,#4449);
#3970=AXIS2_PLACEMENT_3D('',#6742,#4452,#4453);
#3971=AXIS2_PLACEMENT_3D('',#6745,#4456,#4457);
#3972=AXIS2_PLACEMENT_3D('',#6747,#4459,#4460);
#3973=AXIS2_PLACEMENT_3D('',#6749,#4462,#4463);
#3974=AXIS2_PLACEMENT_3D('',#6752,#4466,#4467);
#3975=AXIS2_PLACEMENT_3D('',#6754,#4469,#4470);
#3976=AXIS2_PLACEMENT_3D('',#6756,#4472,#4473);
#3977=AXIS2_PLACEMENT_3D('',#6759,#4476,#4477);
#3978=AXIS2_PLACEMENT_3D('',#6761,#4479,#4480);
#3979=AXIS2_PLACEMENT_3D('',#6763,#4482,#4483);
#3980=AXIS2_PLACEMENT_3D('',#6765,#4485,#4486);
#3981=AXIS2_PLACEMENT_3D('',#6767,#4488,#4489);
#3982=AXIS2_PLACEMENT_3D('',#6769,#4491,#4492);
#3983=AXIS2_PLACEMENT_3D('',#6771,#4494,#4495);
#3984=AXIS2_PLACEMENT_3D('',#6773,#4497,#4498);
#3985=AXIS2_PLACEMENT_3D('',#6775,#4500,#4501);
#3986=AXIS2_PLACEMENT_3D('',#6777,#4503,#4504);
#3987=AXIS2_PLACEMENT_3D('',#6779,#4506,#4507);
#3988=AXIS2_PLACEMENT_3D('',#7012,#4508,#4509);
#3989=AXIS2_PLACEMENT_3D('',#7013,#4510,#4511);
#3990=AXIS2_PLACEMENT_3D('',#7022,#4516,#4517);
#3991=AXIS2_PLACEMENT_3D('',#7036,#4525,#4526);
#3992=AXIS2_PLACEMENT_3D('',#7042,#4530,#4531);
#3993=AXIS2_PLACEMENT_3D('',#7048,#4535,#4536);
#3994=AXIS2_PLACEMENT_3D('',#7052,#4539,#4540);
#3995=AXIS2_PLACEMENT_3D('',#7058,#4544,#4545);
#3996=AXIS2_PLACEMENT_3D('',#7075,#4555,#4556);
#3997=AXIS2_PLACEMENT_3D('',#7081,#4560,#4561);
#3998=AXIS2_PLACEMENT_3D('',#7187,#4591,#4592);
#3999=AXIS2_PLACEMENT_3D('',#7189,#4594,#4595);
#4000=AXIS2_PLACEMENT_3D('',#7192,#4598,#4599);
#4001=AXIS2_PLACEMENT_3D('',#7194,#4601,#4602);
#4002=AXIS2_PLACEMENT_3D('',#7196,#4604,#4605);
#4003=AXIS2_PLACEMENT_3D('',#7238,#4610,#4611);
#4004=AXIS2_PLACEMENT_3D('',#7242,#4614,#4615);
#4005=AXIS2_PLACEMENT_3D('',#7246,#4618,#4619);
#4006=AXIS2_PLACEMENT_3D('',#7276,#4624,#4625);
#4007=AXIS2_PLACEMENT_3D('',#7306,#4630,#4631);
#4008=AXIS2_PLACEMENT_3D('',#7310,#4634,#4635);
#4009=AXIS2_PLACEMENT_3D('',#7314,#4638,#4639);
#4010=AXIS2_PLACEMENT_3D('',#7370,#4646,#4647);
#4011=AXIS2_PLACEMENT_3D('',#7385,#4650,#4651);
#4012=AXIS2_PLACEMENT_3D('',#7391,#4655,#4656);
#4013=AXIS2_PLACEMENT_3D('',#7395,#4659,#4660);
#4014=AXIS2_PLACEMENT_3D('',#7399,#4663,#4664);
#4015=AXIS2_PLACEMENT_3D('',#7403,#4667,#4668);
#4016=AXIS2_PLACEMENT_3D('',#7407,#4671,#4672);
#4017=AXIS2_PLACEMENT_3D('',#7411,#4675,#4676);
#4018=AXIS2_PLACEMENT_3D('',#7415,#4679,#4680);
#4019=AXIS2_PLACEMENT_3D('',#7419,#4683,#4684);
#4020=AXIS2_PLACEMENT_3D('',#7423,#4687,#4688);
#4021=AXIS2_PLACEMENT_3D('',#7427,#4691,#4692);
#4022=AXIS2_PLACEMENT_3D('',#7431,#4695,#4696);
#4023=AXIS2_PLACEMENT_3D('',#7435,#4699,#4700);
#4024=AXIS2_PLACEMENT_3D('',#7439,#4703,#4704);
#4025=AXIS2_PLACEMENT_3D('',#7443,#4707,#4708);
#4026=AXIS2_PLACEMENT_3D('',#7447,#4711,#4712);
#4027=AXIS2_PLACEMENT_3D('',#7449,#4714,#4715);
#4028=AXIS2_PLACEMENT_3D('',#7452,#4718,#4719);
#4029=AXIS2_PLACEMENT_3D('',#7453,#4720,#4721);
#4030=AXIS2_PLACEMENT_3D('',#7454,#4722,#4723);
#4031=AXIS2_PLACEMENT_3D('',#7455,#4724,#4725);
#4032=AXIS2_PLACEMENT_3D('',#7456,#4726,#4727);
#4033=AXIS2_PLACEMENT_3D('',#7457,#4728,#4729);
#4034=AXIS2_PLACEMENT_3D('',#7458,#4730,#4731);
#4035=AXIS2_PLACEMENT_3D('',#7491,#4748,#4749);
#4036=AXIS2_PLACEMENT_3D('',#7500,#4754,#4755);
#4037=AXIS2_PLACEMENT_3D('',#7602,#4756,#4757);
#4038=AXIS2_PLACEMENT_3D('',#7611,#4762,#4763);
#4039=AXIS2_PLACEMENT_3D('',#7620,#4768,#4769);
#4040=AXIS2_PLACEMENT_3D('',#7629,#4774,#4775);
#4041=AXIS2_PLACEMENT_3D('',#7638,#4780,#4781);
#4042=AXIS2_PLACEMENT_3D('',#7655,#4790,#4791);
#4043=AXIS2_PLACEMENT_3D('',#7664,#4796,#4797);
#4044=AXIS2_PLACEMENT_3D('',#7687,#4803,#4804);
#4045=AXIS2_PLACEMENT_3D('',#7696,#4809,#4810);
#4046=AXIS2_PLACEMENT_3D('',#7705,#4815,#4816);
#4047=AXIS2_PLACEMENT_3D('',#7722,#4825,#4826);
#4048=AXIS2_PLACEMENT_3D('',#7804,#4832,#4833);
#4049=AXIS2_PLACEMENT_3D('',#7807,#4836,#4837);
#4050=AXIS2_PLACEMENT_3D('',#7810,#4840,#4841);
#4051=AXIS2_PLACEMENT_3D('',#7813,#4844,#4845);
#4052=AXIS2_PLACEMENT_3D('',#7815,#4847,#4848);
#4053=AXIS2_PLACEMENT_3D('',#7817,#4850,#4851);
#4054=AXIS2_PLACEMENT_3D('',#7820,#4854,#4855);
#4055=AXIS2_PLACEMENT_3D('',#7822,#4857,#4858);
#4056=AXIS2_PLACEMENT_3D('',#7824,#4860,#4861);
#4057=AXIS2_PLACEMENT_3D('',#7827,#4864,#4865);
#4058=AXIS2_PLACEMENT_3D('',#7845,#4867,#4868);
#4059=AXIS2_PLACEMENT_3D('',#7847,#4870,#4871);
#4060=AXIS2_PLACEMENT_3D('',#7849,#4873,#4874);
#4061=AXIS2_PLACEMENT_3D('',#7851,#4876,#4877);
#4062=AXIS2_PLACEMENT_3D('',#7854,#4880,#4881);
#4063=AXIS2_PLACEMENT_3D('',#7996,#4883,#4884);
#4064=AXIS2_PLACEMENT_3D('',#7998,#4886,#4887);
#4065=AXIS2_PLACEMENT_3D('',#8000,#4889,#4890);
#4066=AXIS2_PLACEMENT_3D('',#8002,#4892,#4893);
#4067=AXIS2_PLACEMENT_3D('',#8004,#4895,#4896);
#4068=AXIS2_PLACEMENT_3D('',#8006,#4898,#4899);
#4069=AXIS2_PLACEMENT_3D('',#8016,#4901,#4902);
#4070=AXIS2_PLACEMENT_3D('',#8018,#4904,#4905);
#4071=AXIS2_PLACEMENT_3D('',#8020,#4907,#4908);
#4072=AXIS2_PLACEMENT_3D('',#8022,#4910,#4911);
#4073=AXIS2_PLACEMENT_3D('',#8024,#4913,#4914);
#4074=AXIS2_PLACEMENT_3D('',#8026,#4916,#4917);
#4075=AXIS2_PLACEMENT_3D('',#8028,#4919,#4920);
#4076=AXIS2_PLACEMENT_3D('',#8030,#4922,#4923);
#4077=AXIS2_PLACEMENT_3D('',#8032,#4925,#4926);
#4078=AXIS2_PLACEMENT_3D('',#8034,#4928,#4929);
#4079=AXIS2_PLACEMENT_3D('',#8035,#4930,#4931);
#4080=AXIS2_PLACEMENT_3D('',#8038,#4934,#4935);
#4081=AXIS2_PLACEMENT_3D('',#8041,#4938,#4939);
#4082=AXIS2_PLACEMENT_3D('',#8044,#4942,#4943);
#4083=AXIS2_PLACEMENT_3D('',#8046,#4945,#4946);
#4084=AXIS2_PLACEMENT_3D('',#8048,#4948,#4949);
#4085=AXIS2_PLACEMENT_3D('',#8051,#4952,#4953);
#4086=AXIS2_PLACEMENT_3D('',#8053,#4955,#4956);
#4087=AXIS2_PLACEMENT_3D('',#8055,#4958,#4959);
#4088=AXIS2_PLACEMENT_3D('',#8058,#4962,#4963);
#4089=AXIS2_PLACEMENT_3D('',#8060,#4965,#4966);
#4090=AXIS2_PLACEMENT_3D('',#8062,#4968,#4969);
#4091=AXIS2_PLACEMENT_3D('',#8064,#4971,#4972);
#4092=AXIS2_PLACEMENT_3D('',#8066,#4974,#4975);
#4093=AXIS2_PLACEMENT_3D('',#8068,#4977,#4978);
#4094=AXIS2_PLACEMENT_3D('',#8070,#4980,#4981);
#4095=AXIS2_PLACEMENT_3D('',#8072,#4983,#4984);
#4096=AXIS2_PLACEMENT_3D('',#8074,#4986,#4987);
#4097=AXIS2_PLACEMENT_3D('',#8076,#4989,#4990);
#4098=AXIS2_PLACEMENT_3D('',#8078,#4992,#4993);
#4099=DIRECTION('',(0.,0.,1.));
#4100=DIRECTION('',(1.,0.,0.));
#4101=DIRECTION('',(0.,0.,1.));
#4102=DIRECTION('',(1.,0.,0.));
#4103=DIRECTION('',(0.,-1.,0.));
#4104=DIRECTION('',(1.,0.,0.));
#4105=DIRECTION('',(0.,1.,0.));
#4106=DIRECTION('',(-1.,0.,0.));
#4107=DIRECTION('',(-1.,0.,0.));
#4108=DIRECTION('',(0.707106781186545,-0.707106781186551,0.));
#4109=DIRECTION('',(0.,1.,0.));
#4110=DIRECTION('',(-0.707106781186548,-0.707106781186548,0.));
#4111=DIRECTION('',(1.,0.,0.));
#4112=DIRECTION('',(-0.707106781186548,0.707106781186547,0.));
#4113=DIRECTION('',(6.10333517474529E-17,-1.,0.));
#4114=DIRECTION('',(0.707106781186548,0.707106781186548,0.));
#4115=DIRECTION('',(0.,0.,1.));
#4116=DIRECTION('',(1.,0.,0.));
#4117=DIRECTION('',(0.,-1.,0.));
#4118=DIRECTION('',(1.,0.,0.));
#4119=DIRECTION('',(-6.10333517474529E-17,1.,0.));
#4120=DIRECTION('',(-1.,0.,0.));
#4121=DIRECTION('',(0.,-1.,0.));
#4122=DIRECTION('',(0.,0.,-1.));
#4123=DIRECTION('',(0.,0.,-1.));
#4124=DIRECTION('',(-1.,0.,0.));
#4125=DIRECTION('',(0.,0.,1.));
#4126=DIRECTION('',(1.,0.,0.));
#4127=DIRECTION('',(-1.,-6.10333517474529E-17,0.));
#4128=DIRECTION('',(6.10333517474529E-17,-1.,0.));
#4129=DIRECTION('',(0.,0.,-1.));
#4130=DIRECTION('',(6.10333517474529E-17,-1.,0.));
#4131=DIRECTION('',(0.,0.,1.));
#4132=DIRECTION('',(-6.10333517474529E-17,1.,0.));
#4133=DIRECTION('',(0.,-1.,0.));
#4134=DIRECTION('',(0.,0.,-1.));
#4135=DIRECTION('',(0.,0.,-1.));
#4136=DIRECTION('',(1.,0.,0.));
#4137=DIRECTION('',(0.,0.,1.));
#4138=DIRECTION('',(-1.,0.,0.));
#4139=DIRECTION('',(-1.,0.,0.));
#4140=DIRECTION('',(0.,0.,1.));
#4141=DIRECTION('',(0.,0.,-1.));
#4142=DIRECTION('',(0.,1.,0.));
#4143=DIRECTION('',(0.,0.,1.));
#4144=DIRECTION('',(0.,-1.,0.));
#4145=DIRECTION('',(0.,1.,0.));
#4146=DIRECTION('',(0.,0.,1.));
#4147=DIRECTION('',(0.,0.,-1.));
#4148=DIRECTION('',(-1.,0.,0.));
#4149=DIRECTION('',(0.,0.,1.));
#4150=DIRECTION('',(1.,0.,0.));
#4151=DIRECTION('',(0.,1.,0.));
#4152=DIRECTION('',(0.,0.,1.));
#4153=DIRECTION('',(0.,0.,-1.));
#4154=DIRECTION('',(1.,0.,0.));
#4155=DIRECTION('',(0.,0.,1.));
#4156=DIRECTION('',(-1.,0.,0.));
#4157=DIRECTION('',(1.,0.,0.));
#4158=DIRECTION('',(0.,0.,-1.));
#4159=DIRECTION('',(0.,0.,-1.));
#4160=DIRECTION('',(0.,1.,0.));
#4161=DIRECTION('',(0.,0.,1.));
#4162=DIRECTION('',(0.,-1.,0.));
#4163=DIRECTION('',(1.,0.,0.));
#4164=DIRECTION('',(0.,0.,-1.));
#4165=DIRECTION('',(0.,0.,-1.));
#4166=DIRECTION('',(0.,-1.,0.));
#4167=DIRECTION('',(0.,0.,1.));
#4168=DIRECTION('',(0.,1.,0.));
#4169=DIRECTION('',(0.,0.,1.));
#4170=DIRECTION('',(1.,0.,0.));
#4171=DIRECTION('',(0.,-1.,0.));
#4172=DIRECTION('',(-1.,0.,0.));
#4173=DIRECTION('',(0.,1.,0.));
#4174=DIRECTION('',(1.,0.,0.));
#4175=DIRECTION('',(-0.707106781186548,0.,0.707106781186548));
#4176=DIRECTION('',(0.,1.,0.));
#4177=DIRECTION('',(-0.707106781186548,0.,-0.707106781186548));
#4178=DIRECTION('',(0.707106781186548,1.23347167684704E-14,0.707106781186548));
#4179=DIRECTION('',(-0.577350269189627,-0.577350269189624,0.577350269189627));
#4180=DIRECTION('',(0.707106781186548,0.,0.707106781186548));
#4181=DIRECTION('',(-9.6148134319178E-17,0.70710678118655,0.707106781186546));
#4182=DIRECTION('',(-0.707106781186546,0.70710678118655,9.18543318284141E-17));
#4183=DIRECTION('',(-0.577350269189629,0.577350269189629,0.577350269189619));
#4184=DIRECTION('',(-0.707106781186548,-0.707106781186548,0.));
#4185=DIRECTION('',(-0.707106781186548,-0.707106781186548,0.));
#4186=DIRECTION('',(-1.23347167684704E-14,-0.707106781186548,0.707106781186548));
#4187=DIRECTION('',(0.70710678118655,0.707106781186546,0.));
#4188=DIRECTION('',(0.,0.,-1.));
#4189=DIRECTION('',(0.707106781186546,-0.70710678118655,-3.96031663427439E-15));
#4190=DIRECTION('',(0.,-0.707106781186546,0.70710678118655));
#4191=DIRECTION('',(-1.,0.,0.));
#4192=DIRECTION('',(-3.20064400814852E-15,-0.70710678118655,-0.707106781186546));
#4193=DIRECTION('',(-0.707106781186546,0.,-0.707106781186549));
#4194=DIRECTION('',(0.,-1.,0.));
#4195=DIRECTION('',(-0.707106781186549,0.,0.707106781186546));
#4196=DIRECTION('',(0.707106781186549,-6.45281364618618E-16,-0.707106781186546));
#4197=DIRECTION('',(0.,-0.707106781186548,-0.707106781186548));
#4198=DIRECTION('',(1.,0.,0.));
#4199=DIRECTION('',(0.,0.707106781186548,-0.707106781186548));
#4200=DIRECTION('',(-0.707106781186548,0.707106781186548,0.));
#4201=DIRECTION('',(0.,0.,1.));
#4202=DIRECTION('',(0.707106781186548,0.707106781186548,0.));
#4203=DIRECTION('',(0.70710678118655,0.,0.707106781186546));
#4204=DIRECTION('',(0.,-1.,0.));
#4205=DIRECTION('',(-0.707106781186546,0.,0.70710678118655));
#4206=DIRECTION('',(0.707106781186546,1.23347167684703E-14,-0.70710678118655));
#4207=DIRECTION('',(-0.577350269189629,-0.577350269189623,-0.577350269189626));
#4208=DIRECTION('',(-0.707106781186546,0.,0.70710678118655));
#4209=DIRECTION('',(0.,0.70710678118655,-0.707106781186546));
#4210=DIRECTION('',(0.577350269189624,-0.577350269189626,0.577350269189627));
#4211=DIRECTION('',(0.,-0.707106781186548,-0.707106781186547));
#4212=DIRECTION('',(0.707106781186549,0.707106781186546,-2.77555756156289E-17));
#4213=DIRECTION('',(0.577350269189624,0.577350269189627,0.577350269189627));
#4214=DIRECTION('',(0.,-0.707106781186548,0.707106781186548));
#4215=DIRECTION('',(0.707106781186549,-0.707106781186546,0.));
#4216=DIRECTION('',(-0.57735026918963,0.57735026918963,-0.577350269189617));
#4217=DIRECTION('',(-0.707106781186548,-0.707106781186548,0.));
#4218=DIRECTION('',(-1.23347167684703E-14,-0.707106781186546,-0.70710678118655));
#4219=DIRECTION('',(0.,0.707106781186546,0.70710678118655));
#4220=DIRECTION('',(-1.,0.,0.));
#4221=DIRECTION('',(-3.17288843253289E-15,-0.70710678118655,0.707106781186546));
#4222=DIRECTION('',(0.707106781186546,-0.707106781186549,0.));
#4223=DIRECTION('',(0.,0.,1.));
#4224=DIRECTION('',(-0.707106781186549,-0.707106781186546,9.18543318284141E-17));
#4225=DIRECTION('',(-0.707106781186546,-0.707106781186549,0.));
#4226=DIRECTION('',(0.,0.,-1.));
#4227=DIRECTION('',(-0.707106781186549,0.707106781186546,3.86846230244598E-15));
#4228=DIRECTION('',(0.,0.70710678118655,-0.707106781186546));
#4229=DIRECTION('',(-1.,0.,0.));
#4230=DIRECTION('',(0.,0.707106781186546,0.70710678118655));
#4231=DIRECTION('',(0.577350269189624,-0.577350269189626,-0.577350269189627));
#4232=DIRECTION('',(0.,0.707106781186548,-0.707106781186547));
#4233=DIRECTION('',(0.707106781186549,-7.69185074553425E-16,0.707106781186546));
#4234=DIRECTION('',(0.577350269189623,0.577350269189629,-0.577350269189626));
#4235=DIRECTION('',(0.,0.707106781186546,0.70710678118655));
#4236=DIRECTION('',(-0.707106781186549,9.61481343191777E-17,-0.707106781186546));
#4237=DIRECTION('',(0.707106781186546,0.,-0.707106781186549));
#4238=DIRECTION('',(0.,-1.,0.));
#4239=DIRECTION('',(0.707106781186548,0.,0.707106781186548));
#4240=DIRECTION('',(0.,1.,0.));
#4241=DIRECTION('',(0.707106781186548,0.,-0.707106781186548));
#4242=DIRECTION('',(-0.707106781186548,0.,0.707106781186548));
#4243=DIRECTION('',(0.577350269189626,-0.577350269189626,0.577350269189626));
#4244=DIRECTION('',(0.707106781186548,0.,-0.707106781186548));
#4245=DIRECTION('',(0.707106781186548,0.707106781186548,0.));
#4246=DIRECTION('',(0.,0.707106781186548,0.707106781186548));
#4247=DIRECTION('',(0.577350269189628,0.577350269189623,0.577350269189626));
#4248=DIRECTION('',(0.707106781186546,0.,-0.707106781186549));
#4249=DIRECTION('',(0.,0.70710678118655,-0.707106781186546));
#4250=DIRECTION('',(0.707106781186545,-0.707106781186551,0.));
#4251=DIRECTION('',(-0.707106781186548,0.707106781186548,0.));
#4252=DIRECTION('',(0.,0.,1.));
#4253=DIRECTION('',(-0.707106781186548,-0.707106781186548,0.));
#4254=DIRECTION('',(0.,0.707106781186548,-0.707106781186548));
#4255=DIRECTION('',(1.,0.,0.));
#4256=DIRECTION('',(0.,-0.707106781186548,-0.707106781186548));
#4257=DIRECTION('',(0.707106781186545,4.31570968991676E-17,-0.70710678118655));
#4258=DIRECTION('',(6.10333517474529E-17,-1.,0.));
#4259=DIRECTION('',(-0.70710678118655,0.,-0.707106781186545));
#4260=DIRECTION('',(0.70710678118655,0.,0.707106781186545));
#4261=DIRECTION('',(0.,0.707106781186546,0.70710678118655));
#4262=DIRECTION('',(-1.,0.,0.));
#4263=DIRECTION('',(0.,-0.70710678118655,0.707106781186546));
#4264=DIRECTION('',(0.707106781186551,0.707106781186544,0.));
#4265=DIRECTION('',(0.,0.,-1.));
#4266=DIRECTION('',(-0.707106781186545,0.707106781186551,0.));
#4267=DIRECTION('',(-0.707106781186548,0.,-0.707106781186547));
#4268=DIRECTION('',(0.,-1.,0.));
#4269=DIRECTION('',(0.707106781186547,1.23903709934807E-16,-0.707106781186548));
#4270=DIRECTION('',(-0.707106781186547,2.49985149229865E-15,0.707106781186548));
#4271=DIRECTION('',(0.577350269189626,-0.577350269189626,0.577350269189625));
#4272=DIRECTION('',(0.707106781186548,0.707106781186548,0.));
#4273=DIRECTION('',(-1.23903709934807E-16,-0.707106781186547,-0.707106781186548));
#4274=DIRECTION('',(-0.577350269189625,-0.577350269189626,0.577350269189626));
#4275=DIRECTION('',(0.,-0.707106781186548,-0.707106781186548));
#4276=DIRECTION('',(-0.707106781186548,0.707106781186547,0.));
#4277=DIRECTION('',(-0.577350269189625,0.577350269189625,0.577350269189628));
#4278=DIRECTION('',(0.70710678118655,0.,0.707106781186545));
#4279=DIRECTION('',(-0.707106781186548,-0.707106781186548,0.));
#4280=DIRECTION('',(0.577350269189629,0.577350269189623,0.577350269189626));
#4281=DIRECTION('',(0.707106781186546,0.,-0.707106781186549));
#4282=DIRECTION('',(9.61481343191777E-17,0.707106781186549,-0.707106781186546));
#4283=DIRECTION('',(0.,-0.707106781186548,0.707106781186547));
#4284=DIRECTION('',(-1.,0.,0.));
#4285=DIRECTION('',(2.30755522366028E-15,0.707106781186547,0.707106781186548));
#4286=DIRECTION('',(-0.707106781186547,-0.707106781186548,0.));
#4287=DIRECTION('',(0.,0.,-1.));
#4288=DIRECTION('',(0.707106781186548,-0.707106781186547,1.83708663656828E-16));
#4289=DIRECTION('',(0.707106781186548,-0.707106781186548,0.));
#4290=DIRECTION('',(0.,0.,1.));
#4291=DIRECTION('',(0.707106781186548,0.707106781186548,0.));
#4292=DIRECTION('',(0.,-0.707106781186546,-0.707106781186549));
#4293=DIRECTION('',(1.,0.,0.));
#4294=DIRECTION('',(-2.52760706791427E-15,-0.707106781186549,0.707106781186546));
#4295=DIRECTION('',(-0.577350269189625,-0.577350269189626,0.577350269189627));
#4296=DIRECTION('',(0.,-0.707106781186548,-0.707106781186547));
#4297=DIRECTION('',(-0.707106781186549,3.56836961661084E-16,-0.707106781186546));
#4298=DIRECTION('',(-0.577350269189626,0.577350269189626,0.577350269189626));
#4299=DIRECTION('',(0.707106781186548,0.,0.707106781186548));
#4300=DIRECTION('',(0.707106781186549,2.85668845395972E-15,0.707106781186546));
#4301=DIRECTION('',(-0.707106781186546,-4.31570968991676E-17,0.707106781186549));
#4302=DIRECTION('',(-6.10333517474529E-17,1.,0.));
#4303=DIRECTION('',(0.,0.,1.));
#4304=DIRECTION('',(1.,0.,0.));
#4305=DIRECTION('',(0.,0.,1.));
#4306=DIRECTION('',(1.,0.,0.));
#4307=DIRECTION('',(0.,-1.,0.));
#4308=DIRECTION('',(1.,0.,0.));
#4309=DIRECTION('',(0.,1.,0.));
#4310=DIRECTION('',(-1.,0.,0.));
#4311=DIRECTION('',(-1.,0.,0.));
#4312=DIRECTION('',(0.707106781186541,-0.707106781186554,0.));
#4313=DIRECTION('',(0.707106781186541,-0.707106781186554,0.));
#4314=DIRECTION('',(0.,1.,0.));
#4315=DIRECTION('',(-0.707106781186545,-0.707106781186551,0.));
#4316=DIRECTION('',(-0.707106781186545,-0.707106781186551,0.));
#4317=DIRECTION('',(1.,0.,0.));
#4318=DIRECTION('',(-0.707106781186545,0.707106781186551,0.));
#4319=DIRECTION('',(-0.707106781186545,0.707106781186551,0.));
#4320=DIRECTION('',(0.,-1.,0.));
#4321=DIRECTION('',(0.707106781186541,0.707106781186554,0.));
#4322=DIRECTION('',(0.707106781186541,0.707106781186554,0.));
#4323=DIRECTION('',(-1.,0.,0.));
#4324=DIRECTION('',(0.,1.,0.));
#4325=DIRECTION('',(0.,0.,1.));
#4326=DIRECTION('',(1.,0.,0.));
#4327=DIRECTION('',(0.,0.,-1.));
#4328=DIRECTION('',(-1.,0.,0.));
#4329=DIRECTION('',(0.,0.,1.));
#4330=DIRECTION('',(1.,0.,0.));
#4331=DIRECTION('',(0.,0.,1.));
#4332=DIRECTION('',(1.,0.,0.));
#4333=DIRECTION('',(0.,-1.,0.));
#4334=DIRECTION('',(1.,0.,0.));
#4335=DIRECTION('',(0.,1.,0.));
#4336=DIRECTION('',(-1.,0.,0.));
#4337=DIRECTION('',(0.809215207228836,-0.587512338925398,0.));
#4338=DIRECTION('',(0.587512338925398,0.809215207228836,0.));
#4339=DIRECTION('',(1.,0.,0.));
#4340=DIRECTION('',(0.,0.,-1.));
#4341=DIRECTION('',(0.,-1.,0.));
#4342=DIRECTION('',(0.,0.,1.));
#4343=DIRECTION('',(0.,1.,0.));
#4344=DIRECTION('',(0.,0.,-1.));
#4345=DIRECTION('',(0.,1.,0.));
#4346=DIRECTION('',(0.,0.,1.));
#4347=DIRECTION('',(1.,0.,0.));
#4348=DIRECTION('',(0.,0.,1.));
#4349=DIRECTION('',(-1.,0.,0.));
#4350=DIRECTION('',(0.,0.,-1.));
#4351=DIRECTION('',(1.,0.,0.));
#4352=DIRECTION('',(0.,0.,-1.));
#4353=DIRECTION('',(0.,-1.,0.));
#4354=DIRECTION('',(0.,0.,-1.));
#4355=DIRECTION('',(0.,1.,0.));
#4356=DIRECTION('',(0.,0.,1.));
#4357=DIRECTION('',(0.,1.,0.));
#4358=DIRECTION('',(0.,0.,1.));
#4359=DIRECTION('',(1.,0.,0.));
#4360=DIRECTION('',(0.,0.,-1.));
#4361=DIRECTION('',(-1.,0.,0.));
#4362=DIRECTION('',(0.,0.,1.));
#4363=DIRECTION('',(0.,1.,0.));
#4364=DIRECTION('',(0.,0.,1.));
#4365=DIRECTION('',(-1.,0.,0.));
#4366=DIRECTION('',(0.,0.,-1.));
#4367=DIRECTION('',(1.,0.,0.));
#4368=DIRECTION('',(0.,0.,1.));
#4369=DIRECTION('',(1.,0.,0.));
#4370=DIRECTION('',(0.,0.,-1.));
#4371=DIRECTION('',(0.,0.,1.));
#4372=DIRECTION('',(0.,1.,0.));
#4373=DIRECTION('',(0.,-1.,0.));
#4374=DIRECTION('',(0.,0.,1.));
#4375=DIRECTION('',(1.,0.,0.));
#4376=DIRECTION('',(0.,1.,0.));
#4377=DIRECTION('',(1.,0.,0.));
#4378=DIRECTION('',(0.,-1.,0.));
#4379=DIRECTION('',(-1.,0.,0.));
#4380=DIRECTION('',(1.,0.,0.));
#4381=DIRECTION('',(0.,0.,-1.));
#4382=DIRECTION('',(0.,1.,0.));
#4383=DIRECTION('',(0.,0.,1.));
#4384=DIRECTION('',(0.,-1.,0.));
#4385=DIRECTION('',(0.,0.,-1.));
#4386=DIRECTION('',(-0.821424002619628,-0.570317988424309,0.));
#4387=DIRECTION('',(0.570317988424309,-0.821424002619628,0.));
#4388=DIRECTION('',(0.707106781186546,0.,0.707106781186549));
#4389=DIRECTION('',(0.,1.,0.));
#4390=DIRECTION('',(-0.707106781186549,2.60688827341904E-16,0.707106781186546));
#4391=DIRECTION('',(0.577350269189627,-0.577350269189627,-0.577350269189624));
#4392=DIRECTION('',(-0.577350269189623,-0.577350269189629,-0.577350269189626));
#4393=DIRECTION('',(0.,0.707106781186546,-0.70710678118655));
#4394=DIRECTION('',(0.707106781186549,-0.707106781186546,3.68475363878915E-15));
#4395=DIRECTION('',(-5.55111512312578E-17,0.707106781186546,-0.70710678118655));
#4396=DIRECTION('',(0.,-0.707106781186547,-0.707106781186548));
#4397=DIRECTION('',(-1.,0.,0.));
#4398=DIRECTION('',(-0.577350269189626,0.577350269189626,-0.577350269189625));
#4399=DIRECTION('',(0.,0.707106781186546,-0.70710678118655));
#4400=DIRECTION('',(1.,0.,0.));
#4401=DIRECTION('',(0.,0.70710678118655,0.707106781186546));
#4402=DIRECTION('',(0.70710678118655,0.,-0.707106781186546));
#4403=DIRECTION('',(0.,1.,0.));
#4404=DIRECTION('',(0.707106781186546,1.23347167684703E-14,0.70710678118655));
#4405=DIRECTION('',(-0.707106781186546,0.,-0.70710678118655));
#4406=DIRECTION('',(0.,0.70710678118655,0.707106781186546));
#4407=DIRECTION('',(1.,0.,0.));
#4408=DIRECTION('',(-1.23347167684703E-14,-0.707106781186546,0.70710678118655));
#4409=DIRECTION('',(0.707106781186546,0.707106781186549,0.));
#4410=DIRECTION('',(0.,0.,-1.));
#4411=DIRECTION('',(-0.707106781186549,0.707106781186546,9.74054469515403E-16));
#4412=DIRECTION('',(-0.707106781186547,0.,0.707106781186548));
#4413=DIRECTION('',(0.,-1.,0.));
#4414=DIRECTION('',(-0.707106781186548,9.61481343191778E-17,-0.707106781186547));
#4415=DIRECTION('',(0.577350269189629,0.577350269189623,-0.577350269189626));
#4416=DIRECTION('',(-0.707106781186546,0.,-0.70710678118655));
#4417=DIRECTION('',(-0.707106781186546,0.70710678118655,-3.96031663427439E-15));
#4418=DIRECTION('',(0.57735026918963,-0.57735026918963,-0.577350269189617));
#4419=DIRECTION('',(0.707106781186548,0.707106781186548,0.));
#4420=DIRECTION('',(-0.707106781186548,-0.707106781186548,0.));
#4421=DIRECTION('',(-0.577350269189625,-0.577350269189628,0.577350269189625));
#4422=DIRECTION('',(0.,-0.707106781186546,-0.707106781186549));
#4423=DIRECTION('',(2.77555756156289E-17,0.707106781186546,0.70710678118655));
#4424=DIRECTION('',(0.,-0.707106781186547,-0.707106781186548));
#4425=DIRECTION('',(-1.,0.,0.));
#4426=DIRECTION('',(2.77555756156289E-17,0.707106781186548,-0.707106781186547));
#4427=DIRECTION('',(-0.70710678118655,-0.707106781186546,0.));
#4428=DIRECTION('',(0.,0.,1.));
#4429=DIRECTION('',(0.707106781186546,-0.70710678118655,-1.01039765011256E-15));
#4430=DIRECTION('',(0.707106781186548,-0.707106781186548,0.));
#4431=DIRECTION('',(0.,0.,1.));
#4432=DIRECTION('',(0.707106781186548,0.707106781186548,0.));
#4433=DIRECTION('',(0.,-0.70710678118655,0.707106781186546));
#4434=DIRECTION('',(-1.,0.,0.));
#4435=DIRECTION('',(-1.23347167684703E-14,-0.707106781186546,-0.70710678118655));
#4436=DIRECTION('',(0.577350269189628,0.577350269189624,0.577350269189625));
#4437=DIRECTION('',(0.707106781186546,0.,-0.70710678118655));
#4438=DIRECTION('',(-0.707106781186546,-9.61481343191785E-17,0.707106781186549));
#4439=DIRECTION('',(0.57735026918963,-0.57735026918963,0.577350269189617));
#4440=DIRECTION('',(0.707106781186548,0.707106781186548,0.));
#4441=DIRECTION('',(0.707106781186546,1.23347167684703E-14,-0.70710678118655));
#4442=DIRECTION('',(-0.70710678118655,0.,-0.707106781186546));
#4443=DIRECTION('',(0.,-1.,0.));
#4444=DIRECTION('',(-0.70710678118655,0.,0.707106781186546));
#4445=DIRECTION('',(0.,1.,0.));
#4446=DIRECTION('',(0.707106781186546,3.07674029821371E-15,0.707106781186549));
#4447=DIRECTION('',(-0.707106781186546,6.02957688649264E-15,-0.70710678118655));
#4448=DIRECTION('',(-0.577350269189629,0.577350269189624,0.577350269189624));
#4449=DIRECTION('',(-0.707106781186545,-0.707106781186551,0.));
#4450=DIRECTION('',(-0.707106781186544,-0.707106781186551,6.40987562127859E-17));
#4451=DIRECTION('',(-2.77555756156289E-17,-0.707106781186547,0.707106781186548));
#4452=DIRECTION('',(-0.577350269189632,-0.577350269189622,0.577350269189624));
#4453=DIRECTION('',(0.707106781186543,0.,0.707106781186553));
#4454=DIRECTION('',(9.61481343191772E-17,0.707106781186549,0.707106781186546));
#4455=DIRECTION('',(-0.707106781186541,0.707106781186554,6.40987562127859E-17));
#4456=DIRECTION('',(0.,-0.707106781186548,-0.707106781186547));
#4457=DIRECTION('',(1.,0.,0.));
#4458=DIRECTION('',(-2.77555756156289E-17,0.707106781186547,-0.707106781186548));
#4459=DIRECTION('',(-0.707106781186551,0.707106781186544,0.));
#4460=DIRECTION('',(0.,0.,1.));
#4461=DIRECTION('',(0.707106781186545,0.707106781186551,0.));
#4462=DIRECTION('',(0.707106781186549,0.,-0.707106781186546));
#4463=DIRECTION('',(0.,-1.,0.));
#4464=DIRECTION('',(-0.707106781186546,0.,-0.707106781186549));
#4465=DIRECTION('',(0.707106781186546,0.,0.707106781186549));
#4466=DIRECTION('',(0.707106781186554,0.707106781186541,0.));
#4467=DIRECTION('',(0.,0.,-1.));
#4468=DIRECTION('',(0.707106781186541,-0.707106781186554,0.));
#4469=DIRECTION('',(0.,-0.707106781186546,0.707106781186549));
#4470=DIRECTION('',(-1.,0.,0.));
#4471=DIRECTION('',(9.61481343191772E-17,-0.707106781186549,-0.707106781186546));
#4472=DIRECTION('',(-0.70710678118655,0.,-0.707106781186546));
#4473=DIRECTION('',(0.,-1.,0.));
#4474=DIRECTION('',(-0.707106781186546,3.07674029821371E-15,0.707106781186549));
#4475=DIRECTION('',(0.707106781186546,6.02957688649264E-15,-0.70710678118655));
#4476=DIRECTION('',(0.577350269189629,0.577350269189624,0.577350269189624));
#4477=DIRECTION('',(-0.707106781186545,0.707106781186551,0.));
#4478=DIRECTION('',(0.707106781186544,-0.707106781186551,6.40987562127859E-17));
#4479=DIRECTION('',(0.577350269189628,-0.577350269189623,-0.577350269189626));
#4480=DIRECTION('',(-0.707106781186546,0.,-0.707106781186549));
#4481=DIRECTION('',(0.,0.707106781186547,-0.707106781186548));
#4482=DIRECTION('',(0.577350269189632,0.577350269189622,-0.577350269189624));
#4483=DIRECTION('',(-0.707106781186543,0.,-0.707106781186553));
#4484=DIRECTION('',(0.,0.707106781186549,0.707106781186546));
#4485=DIRECTION('',(0.577350269189632,-0.577350269189622,0.577350269189624));
#4486=DIRECTION('',(0.707106781186543,0.,-0.707106781186553));
#4487=DIRECTION('',(0.707106781186541,0.707106781186554,6.40987562127859E-17));
#4488=DIRECTION('',(-0.707106781186551,-0.707106781186544,0.));
#4489=DIRECTION('',(0.,0.,-1.));
#4490=DIRECTION('',(-0.707106781186545,0.707106781186551,0.));
#4491=DIRECTION('',(0.,0.707106781186548,0.707106781186547));
#4492=DIRECTION('',(-1.,0.,0.));
#4493=DIRECTION('',(0.,-0.707106781186547,0.707106781186548));
#4494=DIRECTION('',(0.,0.707106781186546,-0.707106781186549));
#4495=DIRECTION('',(1.,0.,0.));
#4496=DIRECTION('',(0.,-0.707106781186549,-0.707106781186546));
#4497=DIRECTION('',(0.707106781186554,-0.707106781186541,0.));
#4498=DIRECTION('',(0.,0.,1.));
#4499=DIRECTION('',(-0.707106781186541,-0.707106781186554,0.));
#4500=DIRECTION('',(-0.577350269189629,-0.577350269189624,-0.577350269189624));
#4501=DIRECTION('',(0.707106781186545,-0.707106781186551,0.));
#4502=DIRECTION('',(0.707106781186546,0.,-0.707106781186549));
#4503=DIRECTION('',(-0.57735026918963,0.57735026918962,-0.577350269189627));
#4504=DIRECTION('',(-0.707106781186546,0.,0.707106781186549));
#4505=DIRECTION('',(-0.707106781186546,0.,0.707106781186549));
#4506=DIRECTION('',(0.707106781186549,0.,0.707106781186546));
#4507=DIRECTION('',(0.,1.,0.));
#4508=DIRECTION('',(0.,0.,1.));
#4509=DIRECTION('',(1.,0.,0.));
#4510=DIRECTION('',(0.,0.,1.));
#4511=DIRECTION('',(1.,0.,0.));
#4512=DIRECTION('',(-1.,0.,0.));
#4513=DIRECTION('',(0.,1.,0.));
#4514=DIRECTION('',(1.,0.,0.));
#4515=DIRECTION('',(0.,-1.,0.));
#4516=DIRECTION('',(1.,0.,0.));
#4517=DIRECTION('',(0.,0.,-1.));
#4518=DIRECTION('',(0.,0.,1.));
#4519=DIRECTION('',(0.,0.,-1.));
#4520=DIRECTION('',(0.,-1.,0.));
#4521=DIRECTION('',(0.,0.,1.));
#4522=DIRECTION('',(0.,-1.,0.));
#4523=DIRECTION('',(0.,0.,1.));
#4524=DIRECTION('',(0.,-1.,0.));
#4525=DIRECTION('',(1.,0.,0.));
#4526=DIRECTION('',(0.,0.,-1.));
#4527=DIRECTION('',(0.,0.,1.));
#4528=DIRECTION('',(0.,1.,0.));
#4529=DIRECTION('',(0.,0.,-1.));
#4530=DIRECTION('',(0.,0.,1.));
#4531=DIRECTION('',(1.,0.,0.));
#4532=DIRECTION('',(1.,0.,0.));
#4533=DIRECTION('',(-1.,0.,0.));
#4534=DIRECTION('',(0.,1.,0.));
#4535=DIRECTION('',(0.,1.,0.));
#4536=DIRECTION('',(0.,0.,1.));
#4537=DIRECTION('',(0.,0.,-1.));
#4538=DIRECTION('',(1.,0.,0.));
#4539=DIRECTION('',(0.,0.,1.));
#4540=DIRECTION('',(1.,0.,0.));
#4541=DIRECTION('',(1.,0.,0.));
#4542=DIRECTION('',(1.,0.,0.));
#4543=DIRECTION('',(0.,-1.,0.));
#4544=DIRECTION('',(0.,0.,1.));
#4545=DIRECTION('',(1.,0.,0.));
#4546=DIRECTION('',(1.,0.,0.));
#4547=DIRECTION('',(0.,1.,0.));
#4548=DIRECTION('',(1.,0.,0.));
#4549=DIRECTION('',(0.,1.,0.));
#4550=DIRECTION('',(1.,0.,0.));
#4551=DIRECTION('',(0.,1.,0.));
#4552=DIRECTION('',(1.,0.,0.));
#4553=DIRECTION('',(0.,-1.,0.));
#4554=DIRECTION('',(1.,0.,0.));
#4555=DIRECTION('',(1.,0.,0.));
#4556=DIRECTION('',(0.,0.,-1.));
#4557=DIRECTION('',(0.,1.,0.));
#4558=DIRECTION('',(0.,0.,1.));
#4559=DIRECTION('',(0.,0.,1.));
#4560=DIRECTION('',(0.,0.,1.));
#4561=DIRECTION('',(1.,0.,0.));
#4562=DIRECTION('',(1.,0.,0.));
#4563=DIRECTION('',(0.,1.,0.));
#4564=DIRECTION('',(1.,0.,0.));
#4565=DIRECTION('',(0.,1.,0.));
#4566=DIRECTION('',(0.,1.,0.));
#4567=DIRECTION('',(0.,1.,0.));
#4568=DIRECTION('',(0.,-1.,0.));
#4569=DIRECTION('',(-1.,0.,0.));
#4570=DIRECTION('',(0.,1.,0.));
#4571=DIRECTION('',(0.,-1.,0.));
#4572=DIRECTION('',(0.,1.,0.));
#4573=DIRECTION('',(1.,0.,0.));
#4574=DIRECTION('',(0.,-1.,0.));
#4575=DIRECTION('',(-0.100822900112928,0.994904388779554,0.));
#4576=DIRECTION('',(1.,0.,0.));
#4577=DIRECTION('',(0.0908226154321035,-0.995867085773033,0.));
#4578=DIRECTION('',(1.,0.,0.));
#4579=DIRECTION('',(0.0962687599275237,0.995355376668061,0.));
#4580=DIRECTION('',(1.,0.,0.));
#4581=DIRECTION('',(0.0959823318487051,-0.995383037816541,0.));
#4582=DIRECTION('',(1.,0.,0.));
#4583=DIRECTION('',(0.0908226154321035,0.995867085773033,0.));
#4584=DIRECTION('',(1.,0.,0.));
#4585=DIRECTION('',(-0.101042712128977,-0.994882088654541,0.));
#4586=DIRECTION('',(-1.,0.,0.));
#4587=DIRECTION('',(-0.105335896646817,0.994436699281363,0.));
#4588=DIRECTION('',(-1.,0.,0.));
#4589=DIRECTION('',(-0.105335896646818,-0.994436699281362,0.));
#4590=DIRECTION('',(-1.,0.,0.));
#4591=DIRECTION('',(1.,0.,0.));
#4592=DIRECTION('',(0.,0.,-1.));
#4593=DIRECTION('',(0.,0.,1.));
#4594=DIRECTION('',(1.,0.,0.));
#4595=DIRECTION('',(0.,0.,-1.));
#4596=DIRECTION('',(0.,0.,1.));
#4597=DIRECTION('',(0.,0.,1.));
#4598=DIRECTION('',(0.,-1.,0.));
#4599=DIRECTION('',(0.,0.,-1.));
#4600=DIRECTION('',(0.,0.,1.));
#4601=DIRECTION('',(1.,0.,0.));
#4602=DIRECTION('',(0.,0.,-1.));
#4603=DIRECTION('',(0.,0.,1.));
#4604=DIRECTION('',(0.,-1.,0.));
#4605=DIRECTION('',(0.,0.,-1.));
#4606=DIRECTION('',(0.,0.,1.));
#4607=DIRECTION('',(0.,0.,1.));
#4608=DIRECTION('',(0.,0.,1.));
#4609=DIRECTION('',(0.,0.,1.));
#4610=DIRECTION('',(-1.,0.,0.));
#4611=DIRECTION('',(0.,0.,1.));
#4612=DIRECTION('',(0.,0.,1.));
#4613=DIRECTION('',(0.,-1.,0.));
#4614=DIRECTION('',(0.,-1.,0.));
#4615=DIRECTION('',(0.,0.,-1.));
#4616=DIRECTION('',(0.,0.,1.));
#4617=DIRECTION('',(1.,0.,0.));
#4618=DIRECTION('',(1.,0.,0.));
#4619=DIRECTION('',(0.,0.,-1.));
#4620=DIRECTION('',(0.,0.,1.));
#4621=DIRECTION('',(0.,1.,0.));
#4622=DIRECTION('',(0.,0.,1.));
#4623=DIRECTION('',(0.,0.,1.));
#4624=DIRECTION('',(-1.,0.,0.));
#4625=DIRECTION('',(0.,0.,1.));
#4626=DIRECTION('',(0.,0.,1.));
#4627=DIRECTION('',(0.,-1.,0.));
#4628=DIRECTION('',(0.,0.,1.));
#4629=DIRECTION('',(0.,0.,1.));
#4630=DIRECTION('',(1.,0.,0.));
#4631=DIRECTION('',(0.,0.,-1.));
#4632=DIRECTION('',(0.,0.,1.));
#4633=DIRECTION('',(0.,1.,0.));
#4634=DIRECTION('',(0.,1.,0.));
#4635=DIRECTION('',(0.,0.,1.));
#4636=DIRECTION('',(0.,0.,1.));
#4637=DIRECTION('',(-1.,0.,0.));
#4638=DIRECTION('',(-1.,0.,0.));
#4639=DIRECTION('',(0.,0.,1.));
#4640=DIRECTION('',(0.,0.,1.));
#4641=DIRECTION('',(0.,-1.,0.));
#4642=DIRECTION('',(0.,0.,1.));
#4643=DIRECTION('',(0.,0.,1.));
#4644=DIRECTION('',(0.,0.,1.));
#4645=DIRECTION('',(0.,0.,1.));
#4646=DIRECTION('',(1.,0.,0.));
#4647=DIRECTION('',(0.,0.,-1.));
#4648=DIRECTION('',(0.,0.,1.));
#4649=DIRECTION('',(0.,1.,0.));
#4650=DIRECTION('',(0.,-1.,0.));
#4651=DIRECTION('',(0.,0.,-1.));
#4652=DIRECTION('',(0.,0.,1.));
#4653=DIRECTION('',(1.,0.,0.));
#4654=DIRECTION('',(0.,0.,1.));
#4655=DIRECTION('',(0.994904388779554,0.100822900112928,0.));
#4656=DIRECTION('',(-0.100822900112928,0.994904388779554,0.));
#4657=DIRECTION('',(0.,0.,1.));
#4658=DIRECTION('',(-0.100822900112928,0.994904388779554,0.));
#4659=DIRECTION('',(0.,1.,0.));
#4660=DIRECTION('',(0.,0.,1.));
#4661=DIRECTION('',(0.,0.,1.));
#4662=DIRECTION('',(-1.,0.,0.));
#4663=DIRECTION('',(-0.994436699281362,0.105335896646818,0.));
#4664=DIRECTION('',(-0.105335896646818,-0.994436699281362,0.));
#4665=DIRECTION('',(0.,0.,1.));
#4666=DIRECTION('',(-0.105335896646818,-0.994436699281362,0.));
#4667=DIRECTION('',(0.,1.,0.));
#4668=DIRECTION('',(0.,0.,1.));
#4669=DIRECTION('',(0.,0.,1.));
#4670=DIRECTION('',(-1.,0.,0.));
#4671=DIRECTION('',(0.994436699281362,0.105335896646817,0.));
#4672=DIRECTION('',(-0.105335896646817,0.994436699281363,0.));
#4673=DIRECTION('',(0.,0.,1.));
#4674=DIRECTION('',(-0.105335896646817,0.994436699281363,0.));
#4675=DIRECTION('',(0.,1.,0.));
#4676=DIRECTION('',(0.,0.,1.));
#4677=DIRECTION('',(0.,0.,1.));
#4678=DIRECTION('',(-1.,0.,0.));
#4679=DIRECTION('',(-0.99488208865454,0.101042712128977,0.));
#4680=DIRECTION('',(-0.101042712128977,-0.994882088654541,0.));
#4681=DIRECTION('',(0.,0.,1.));
#4682=DIRECTION('',(-0.101042712128977,-0.994882088654541,0.));
#4683=DIRECTION('',(0.,-1.,0.));
#4684=DIRECTION('',(0.,0.,-1.));
#4685=DIRECTION('',(0.,0.,1.));
#4686=DIRECTION('',(1.,0.,0.));
#4687=DIRECTION('',(0.995867085773033,-0.0908226154321035,0.));
#4688=DIRECTION('',(0.0908226154321035,0.995867085773033,0.));
#4689=DIRECTION('',(0.,0.,1.));
#4690=DIRECTION('',(0.0908226154321035,0.995867085773033,0.));
#4691=DIRECTION('',(0.,-1.,0.));
#4692=DIRECTION('',(0.,0.,-1.));
#4693=DIRECTION('',(0.,0.,1.));
#4694=DIRECTION('',(1.,0.,0.));
#4695=DIRECTION('',(-0.995383037816541,-0.0959823318487051,0.));
#4696=DIRECTION('',(0.0959823318487051,-0.995383037816541,0.));
#4697=DIRECTION('',(0.,0.,1.));
#4698=DIRECTION('',(0.0959823318487051,-0.995383037816541,0.));
#4699=DIRECTION('',(0.,-1.,0.));
#4700=DIRECTION('',(0.,0.,-1.));
#4701=DIRECTION('',(0.,0.,1.));
#4702=DIRECTION('',(1.,0.,0.));
#4703=DIRECTION('',(0.995355376668061,-0.0962687599275237,0.));
#4704=DIRECTION('',(0.0962687599275237,0.995355376668061,0.));
#4705=DIRECTION('',(0.,0.,1.));
#4706=DIRECTION('',(0.0962687599275237,0.995355376668061,0.));
#4707=DIRECTION('',(0.,-1.,0.));
#4708=DIRECTION('',(0.,0.,-1.));
#4709=DIRECTION('',(0.,0.,1.));
#4710=DIRECTION('',(1.,0.,0.));
#4711=DIRECTION('',(-0.995867085773033,-0.0908226154321035,0.));
#4712=DIRECTION('',(0.0908226154321035,-0.995867085773033,0.));
#4713=DIRECTION('',(0.0908226154321035,-0.995867085773033,0.));
#4714=DIRECTION('',(-1.,0.,0.));
#4715=DIRECTION('',(0.,0.,1.));
#4716=DIRECTION('',(0.,0.,1.));
#4717=DIRECTION('',(0.,0.,1.));
#4718=DIRECTION('',(0.,-1.,0.));
#4719=DIRECTION('',(0.,0.,-1.));
#4720=DIRECTION('',(0.,-1.,0.));
#4721=DIRECTION('',(0.,0.,-1.));
#4722=DIRECTION('',(0.,0.,1.));
#4723=DIRECTION('',(1.,0.,0.));
#4724=DIRECTION('',(0.,0.,1.));
#4725=DIRECTION('',(1.,0.,0.));
#4726=DIRECTION('',(0.,1.,0.));
#4727=DIRECTION('',(0.,0.,1.));
#4728=DIRECTION('',(0.,0.,1.));
#4729=DIRECTION('',(1.,0.,0.));
#4730=DIRECTION('',(0.,0.,1.));
#4731=DIRECTION('',(1.,0.,0.));
#4732=DIRECTION('',(0.,-1.,0.));
#4733=DIRECTION('',(1.,0.,0.));
#4734=DIRECTION('',(0.,1.,0.));
#4735=DIRECTION('',(-1.,0.,0.));
#4736=DIRECTION('',(0.707106781186545,-0.707106781186551,0.));
#4737=DIRECTION('',(0.707106781186545,-0.707106781186551,0.));
#4738=DIRECTION('',(0.,1.,0.));
#4739=DIRECTION('',(-0.707106781186548,-0.707106781186548,0.));
#4740=DIRECTION('',(-0.707106781186548,-0.707106781186548,0.));
#4741=DIRECTION('',(1.,0.,0.));
#4742=DIRECTION('',(-0.707106781186548,0.707106781186548,0.));
#4743=DIRECTION('',(-0.707106781186548,0.707106781186548,0.));
#4744=DIRECTION('',(0.,-1.,0.));
#4745=DIRECTION('',(0.707106781186545,0.707106781186551,0.));
#4746=DIRECTION('',(0.707106781186545,0.707106781186551,0.));
#4747=DIRECTION('',(-1.,0.,0.));
#4748=DIRECTION('',(0.,0.,1.));
#4749=DIRECTION('',(1.,0.,0.));
#4750=DIRECTION('',(0.,-1.,0.));
#4751=DIRECTION('',(1.,0.,0.));
#4752=DIRECTION('',(0.,1.,0.));
#4753=DIRECTION('',(-1.,0.,0.));
#4754=DIRECTION('',(-0.821424002619628,-0.570317988424309,0.));
#4755=DIRECTION('',(0.570317988424309,-0.821424002619628,0.));
#4756=DIRECTION('',(0.,-1.,0.));
#4757=DIRECTION('',(0.,0.,-1.));
#4758=DIRECTION('',(0.,0.,-1.));
#4759=DIRECTION('',(-1.,0.,0.));
#4760=DIRECTION('',(0.,0.,1.));
#4761=DIRECTION('',(1.,0.,0.));
#4762=DIRECTION('',(-1.,0.,0.));
#4763=DIRECTION('',(0.,0.,1.));
#4764=DIRECTION('',(0.,0.,-1.));
#4765=DIRECTION('',(0.,-1.,0.));
#4766=DIRECTION('',(0.,0.,1.));
#4767=DIRECTION('',(0.,1.,0.));
#4768=DIRECTION('',(0.,-1.,0.));
#4769=DIRECTION('',(0.,0.,-1.));
#4770=DIRECTION('',(0.,0.,-1.));
#4771=DIRECTION('',(1.,0.,0.));
#4772=DIRECTION('',(0.,0.,1.));
#4773=DIRECTION('',(-1.,0.,0.));
#4774=DIRECTION('',(-1.,0.,0.));
#4775=DIRECTION('',(0.,0.,1.));
#4776=DIRECTION('',(0.,0.,-1.));
#4777=DIRECTION('',(0.,1.,0.));
#4778=DIRECTION('',(0.,0.,1.));
#4779=DIRECTION('',(0.,-1.,0.));
#4780=DIRECTION('',(1.,0.,0.));
#4781=DIRECTION('',(0.,0.,-1.));
#4782=DIRECTION('',(0.,0.707106781186547,0.707106781186548));
#4783=DIRECTION('',(0.,-1.,0.));
#4784=DIRECTION('',(0.,0.,-1.));
#4785=DIRECTION('',(0.,1.,0.));
#4786=DIRECTION('',(0.,0.,1.));
#4787=DIRECTION('',(0.,-1.,0.));
#4788=DIRECTION('',(0.,0.,-1.));
#4789=DIRECTION('',(0.,0.707106781186547,0.707106781186548));
#4790=DIRECTION('',(0.,1.,0.));
#4791=DIRECTION('',(0.,0.,1.));
#4792=DIRECTION('',(0.,0.,-1.));
#4793=DIRECTION('',(1.,0.,0.));
#4794=DIRECTION('',(0.,0.,1.));
#4795=DIRECTION('',(-1.,0.,0.));
#4796=DIRECTION('',(0.,0.,1.));
#4797=DIRECTION('',(1.,0.,0.));
#4798=DIRECTION('',(1.,0.,0.));
#4799=DIRECTION('',(1.,0.,0.));
#4800=DIRECTION('',(0.,1.,0.));
#4801=DIRECTION('',(-1.,0.,0.));
#4802=DIRECTION('',(0.,-1.,0.));
#4803=DIRECTION('',(0.,1.,0.));
#4804=DIRECTION('',(0.,0.,1.));
#4805=DIRECTION('',(0.,0.,-1.));
#4806=DIRECTION('',(-1.,0.,0.));
#4807=DIRECTION('',(0.,0.,1.));
#4808=DIRECTION('',(1.,0.,0.));
#4809=DIRECTION('',(0.,0.,1.));
#4810=DIRECTION('',(1.,0.,0.));
#4811=DIRECTION('',(0.,-1.,0.));
#4812=DIRECTION('',(-1.,0.,0.));
#4813=DIRECTION('',(0.,1.,0.));
#4814=DIRECTION('',(1.,0.,0.));
#4815=DIRECTION('',(1.,0.,0.));
#4816=DIRECTION('',(0.,0.,-1.));
#4817=DIRECTION('',(0.,0.,1.));
#4818=DIRECTION('',(0.,1.,0.));
#4819=DIRECTION('',(0.,-0.707106781186547,-0.707106781186548));
#4820=DIRECTION('',(0.,-0.707106781186547,-0.707106781186548));
#4821=DIRECTION('',(0.,0.,1.));
#4822=DIRECTION('',(0.,1.,0.));
#4823=DIRECTION('',(0.,0.,-1.));
#4824=DIRECTION('',(0.,-1.,0.));
#4825=DIRECTION('',(0.,1.,0.));
#4826=DIRECTION('',(0.,0.,1.));
#4827=DIRECTION('',(0.,0.,-1.));
#4828=DIRECTION('',(1.,0.,0.));
#4829=DIRECTION('',(0.,0.,1.));
#4830=DIRECTION('',(-1.,0.,0.));
#4831=DIRECTION('',(-1.,0.,0.));
#4832=DIRECTION('',(-0.707106781186554,-0.707106781186541,0.));
#4833=DIRECTION('',(0.,0.,-1.));
#4834=DIRECTION('',(-0.707106781186541,0.707106781186554,6.40987562127882E-17));
#4835=DIRECTION('',(0.707106781186541,-0.707106781186554,6.40987562127885E-17));
#4836=DIRECTION('',(0.577350269189637,0.577350269189627,-0.577350269189614));
#4837=DIRECTION('',(-0.707106781186541,0.707106781186554,0.));
#4838=DIRECTION('',(-1.22108130585354E-14,0.707106781186546,0.70710678118655));
#4839=DIRECTION('',(-0.707106781186546,2.4586166810094E-14,-0.70710678118655));
#4840=DIRECTION('',(0.577350269189638,0.577350269189627,0.577350269189612));
#4841=DIRECTION('',(-0.707106781186541,0.707106781186554,0.));
#4842=DIRECTION('',(-0.707106781186545,2.46416779613252E-14,0.707106781186551));
#4843=DIRECTION('',(-1.22792056172389E-14,0.707106781186544,-0.707106781186551));
#4844=DIRECTION('',(0.70710678118655,0.,-0.707106781186546));
#4845=DIRECTION('',(0.,1.,0.));
#4846=DIRECTION('',(0.707106781186546,2.77555756156289E-17,0.70710678118655));
#4847=DIRECTION('',(0.,0.70710678118655,-0.707106781186546));
#4848=DIRECTION('',(-1.,0.,0.));
#4849=DIRECTION('',(6.83925587035497E-17,-0.707106781186546,-0.70710678118655));
#4850=DIRECTION('',(-0.707106781186546,0.707106781186549,0.));
#4851=DIRECTION('',(0.,0.,1.));
#4852=DIRECTION('',(-0.707106781186549,-0.707106781186546,0.));
#4853=DIRECTION('',(0.707106781186549,0.707106781186546,3.56514373134511E-15));
#4854=DIRECTION('',(0.,-0.707106781186551,-0.707106781186544));
#4855=DIRECTION('',(1.,0.,0.));
#4856=DIRECTION('',(-2.77555756156289E-17,-0.707106781186544,0.707106781186551));
#4857=DIRECTION('',(-0.707106781186551,0.,-0.707106781186544));
#4858=DIRECTION('',(0.,-1.,0.));
#4859=DIRECTION('',(0.707106781186544,2.77555756156289E-17,-0.707106781186551));
#4860=DIRECTION('',(0.70710678118655,-0.707106781186546,0.));
#4861=DIRECTION('',(0.,0.,-1.));
#4862=DIRECTION('',(0.707106781186546,0.70710678118655,-1.15776313317223E-15));
#4863=DIRECTION('',(-0.707106781186546,-0.70710678118655,-3.84070672683035E-15));
#4864=DIRECTION('',(0.,-0.707106781186547,0.707106781186548));
#4865=DIRECTION('',(1.,0.,0.));
#4866=DIRECTION('',(1.64540693022726E-16,-0.707106781186548,-0.707106781186547));
#4867=DIRECTION('',(0.577350269189629,-0.577350269189623,-0.577350269189626));
#4868=DIRECTION('',(-0.707106781186546,0.,-0.70710678118655));
#4869=DIRECTION('',(-9.61481343191777E-17,-0.70710678118655,0.707106781186546));
#4870=DIRECTION('',(-0.577350269189623,0.577350269189629,-0.577350269189626));
#4871=DIRECTION('',(0.,0.707106781186546,0.70710678118655));
#4872=DIRECTION('',(0.707106781186549,2.60688827341904E-16,-0.707106781186546));
#4873=DIRECTION('',(-0.577350269189626,0.577350269189628,0.577350269189623));
#4874=DIRECTION('',(-0.707106781186549,-0.707106781186546,0.));
#4875=DIRECTION('',(0.707106781186546,0.,0.707106781186549));
#4876=DIRECTION('',(0.577350269189628,-0.577350269189626,0.577350269189623));
#4877=DIRECTION('',(0.707106781186546,0.707106781186549,0.));
#4878=DIRECTION('',(0.707106781186546,0.707106781186549,0.));
#4879=DIRECTION('',(0.,-0.707106781186546,-0.707106781186549));
#4880=DIRECTION('',(0.577350269189628,-0.577350269189624,0.577350269189625));
#4881=DIRECTION('',(0.707106781186546,0.,-0.707106781186549));
#4882=DIRECTION('',(0.707106781186546,-9.61481343191785E-17,-0.707106781186549));
#4883=DIRECTION('',(0.,0.707106781186546,0.70710678118655));
#4884=DIRECTION('',(-1.,0.,0.));
#4885=DIRECTION('',(-3.04898472259809E-15,0.70710678118655,-0.707106781186546));
#4886=DIRECTION('',(0.707106781186546,0.,0.707106781186549));
#4887=DIRECTION('',(0.,1.,0.));
#4888=DIRECTION('',(-0.707106781186549,-6.73036940234246E-16,0.707106781186546));
#4889=DIRECTION('',(-0.707106781186549,0.,0.707106781186546));
#4890=DIRECTION('',(0.,1.,0.));
#4891=DIRECTION('',(-0.707106781186546,0.,-0.707106781186549));
#4892=DIRECTION('',(0.,-0.707106781186549,0.707106781186546));
#4893=DIRECTION('',(-1.,0.,0.));
#4894=DIRECTION('',(-3.00834773951015E-15,0.707106781186546,0.707106781186549));
#4895=DIRECTION('',(0.707106781186549,-0.707106781186546,0.));
#4896=DIRECTION('',(0.,0.,1.));
#4897=DIRECTION('',(-0.707106781186546,-0.707106781186549,0.));
#4898=DIRECTION('',(-0.70710678118655,0.,-0.707106781186546));
#4899=DIRECTION('',(0.,-1.,0.));
#4900=DIRECTION('',(0.707106781186546,0.,-0.70710678118655));
#4901=DIRECTION('',(-0.577350269189624,-0.577350269189626,-0.577350269189627));
#4902=DIRECTION('',(0.,0.707106781186548,-0.707106781186547));
#4903=DIRECTION('',(0.707106781186549,-0.707106781186546,-9.18543318284141E-17));
#4904=DIRECTION('',(-0.577350269189626,-0.577350269189628,0.577350269189623));
#4905=DIRECTION('',(0.707106781186549,-0.707106781186546,0.));
#4906=DIRECTION('',(-0.707106781186549,0.707106781186546,-9.18543318284149E-17));
#4907=DIRECTION('',(0.577350269189628,-0.577350269189625,0.577350269189625));
#4908=DIRECTION('',(0.707106781186546,0.707106781186549,0.));
#4909=DIRECTION('',(0.,-0.707106781186547,-0.707106781186548));
#4910=DIRECTION('',(0.,-0.707106781186547,0.707106781186548));
#4911=DIRECTION('',(1.,0.,0.));
#4912=DIRECTION('',(-3.14513285691726E-15,0.707106781186548,0.707106781186547));
#4913=DIRECTION('',(0.707106781186546,0.707106781186549,0.));
#4914=DIRECTION('',(0.,0.,1.));
#4915=DIRECTION('',(-0.707106781186549,0.707106781186546,1.19609907444043E-16));
#4916=DIRECTION('',(0.707106781186546,0.707106781186549,0.));
#4917=DIRECTION('',(0.,0.,-1.));
#4918=DIRECTION('',(-0.707106781186549,0.707106781186546,0.));
#4919=DIRECTION('',(0.,0.707106781186548,-0.707106781186547));
#4920=DIRECTION('',(-1.,0.,0.));
#4921=DIRECTION('',(0.,0.707106781186547,0.707106781186548));
#4922=DIRECTION('',(-0.577350269189625,-0.577350269189627,0.577350269189626));
#4923=DIRECTION('',(0.,-0.707106781186546,-0.707106781186549));
#4924=DIRECTION('',(-0.707106781186548,-8.65333208872602E-16,-0.707106781186547));
#4925=DIRECTION('',(-0.577350269189626,-0.577350269189625,0.577350269189627));
#4926=DIRECTION('',(0.707106781186548,0.,0.707106781186548));
#4927=DIRECTION('',(0.707106781186548,0.,0.707106781186547));
#4928=DIRECTION('',(-0.707106781186547,0.,0.707106781186548));
#4929=DIRECTION('',(0.,-1.,0.));
#4930=DIRECTION('',(0.707106781186549,0.,0.707106781186546));
#4931=DIRECTION('',(0.,1.,0.));
#4932=DIRECTION('',(0.707106781186546,0.,-0.707106781186549));
#4933=DIRECTION('',(-0.707106781186546,0.,0.707106781186549));
#4934=DIRECTION('',(0.577350269189627,-0.577350269189627,0.577350269189624));
#4935=DIRECTION('',(0.707106781186548,0.707106781186548,0.));
#4936=DIRECTION('',(0.707106781186548,0.707106781186548,0.));
#4937=DIRECTION('',(0.,0.707106781186544,0.707106781186551));
#4938=DIRECTION('',(0.577350269189629,0.577350269189624,0.577350269189624));
#4939=DIRECTION('',(0.707106781186544,0.,-0.707106781186551));
#4940=DIRECTION('',(0.,0.707106781186548,-0.707106781186548));
#4941=DIRECTION('',(0.707106781186545,-0.707106781186551,0.));
#4942=DIRECTION('',(-0.707106781186548,0.707106781186548,0.));
#4943=DIRECTION('',(0.,0.,1.));
#4944=DIRECTION('',(-0.707106781186548,-0.707106781186548,0.));
#4945=DIRECTION('',(0.,0.707106781186551,-0.707106781186544));
#4946=DIRECTION('',(1.,0.,0.));
#4947=DIRECTION('',(0.,-0.707106781186544,-0.707106781186551));
#4948=DIRECTION('',(0.707106781186551,0.,-0.707106781186544));
#4949=DIRECTION('',(0.,-1.,0.));
#4950=DIRECTION('',(-0.707106781186544,0.,-0.707106781186551));
#4951=DIRECTION('',(0.707106781186544,0.,0.707106781186551));
#4952=DIRECTION('',(0.,0.707106781186548,0.707106781186548));
#4953=DIRECTION('',(-1.,0.,0.));
#4954=DIRECTION('',(0.,-0.707106781186548,0.707106781186548));
#4955=DIRECTION('',(0.707106781186551,0.707106781186544,0.));
#4956=DIRECTION('',(0.,0.,-1.));
#4957=DIRECTION('',(-0.707106781186544,0.707106781186551,-9.18543318284145E-17));
#4958=DIRECTION('',(-0.70710678118655,0.,-0.707106781186545));
#4959=DIRECTION('',(0.,-1.,0.));
#4960=DIRECTION('',(0.707106781186545,6.83925587035491E-17,-0.70710678118655));
#4961=DIRECTION('',(-0.707106781186545,0.,0.70710678118655));
#4962=DIRECTION('',(0.577350269189627,-0.577350269189627,0.577350269189623));
#4963=DIRECTION('',(0.707106781186548,0.707106781186548,0.));
#4964=DIRECTION('',(2.91219960519097E-15,-0.707106781186544,-0.707106781186551));
#4965=DIRECTION('',(-0.577350269189628,-0.577350269189628,0.577350269189622));
#4966=DIRECTION('',(0.707106781186548,-0.707106781186548,0.));
#4967=DIRECTION('',(-0.707106781186548,0.707106781186548,0.));
#4968=DIRECTION('',(-0.577350269189629,0.577350269189624,0.577350269189624));
#4969=DIRECTION('',(0.707106781186544,0.,0.707106781186551));
#4970=DIRECTION('',(-0.707106781186545,-0.707106781186551,0.));
#4971=DIRECTION('',(0.577350269189629,0.577350269189624,0.577350269189625));
#4972=DIRECTION('',(0.707106781186545,0.,-0.70710678118655));
#4973=DIRECTION('',(3.07674029821369E-15,0.707106781186547,-0.707106781186548));
#4974=DIRECTION('',(0.,-0.707106781186551,0.707106781186544));
#4975=DIRECTION('',(-1.,0.,0.));
#4976=DIRECTION('',(2.77555756156289E-17,0.707106781186544,0.707106781186551));
#4977=DIRECTION('',(-0.707106781186548,-0.707106781186548,0.));
#4978=DIRECTION('',(0.,0.,-1.));
#4979=DIRECTION('',(0.707106781186548,-0.707106781186548,0.));
#4980=DIRECTION('',(0.707106781186551,-0.707106781186544,0.));
#4981=DIRECTION('',(0.,0.,1.));
#4982=DIRECTION('',(0.707106781186544,0.707106781186551,-9.18543318284149E-17));
#4983=DIRECTION('',(0.,-0.707106781186548,-0.707106781186547));
#4984=DIRECTION('',(1.,0.,0.));
#4985=DIRECTION('',(2.77555756156289E-17,-0.707106781186547,0.707106781186548));
#4986=DIRECTION('',(-0.577350269189628,-0.577350269189628,0.577350269189622));
#4987=DIRECTION('',(0.707106781186548,-0.707106781186548,0.));
#4988=DIRECTION('',(-0.707106781186544,-2.77555756156289E-17,-0.707106781186551));
#4989=DIRECTION('',(-0.577350269189629,0.577350269189624,0.577350269189623));
#4990=DIRECTION('',(-0.707106781186545,-0.707106781186551,0.));
#4991=DIRECTION('',(0.707106781186544,6.83925587035495E-17,0.707106781186551));
#4992=DIRECTION('',(-0.707106781186551,0.,0.707106781186544));
#4993=DIRECTION('',(0.,1.,0.));
#4994=CARTESIAN_POINT('',(0.,0.,0.));
#4995=CARTESIAN_POINT('',(0.0180443341125387,-0.00588783546930824,0.127));
#4996=CARTESIAN_POINT('',(-0.154440348752572,-0.00809521211709319,0.127));
#4997=CARTESIAN_POINT('',(-0.154440348752572,0.177763061959798,0.127));
#4998=CARTESIAN_POINT('',(-0.154440348752572,-0.00650771211709319,0.127));
#4999=CARTESIAN_POINT('',(0.0263523420864736,-0.00650771211709319,0.127));
#5000=CARTESIAN_POINT('',(0.0247648420864735,-0.00650771211709319,0.127));
#5001=CARTESIAN_POINT('',(0.0247648420864735,-0.00588783546930824,0.127));
#5002=CARTESIAN_POINT('',(0.0247648420864735,0.177763061959798,0.127));
#5003=CARTESIAN_POINT('',(0.0180443341125387,0.177763061959798,0.127));
#5004=CARTESIAN_POINT('',(-0.145260211705252,-0.0015875,0.127));
#5005=CARTESIAN_POINT('',(0.0128155356964031,-0.0015875,0.127));
#5006=CARTESIAN_POINT('',(-0.143672711705252,-0.0015875,0.127));
#5007=CARTESIAN_POINT('',(-0.0606640210617031,-0.0845961906435493,0.127));
#5008=CARTESIAN_POINT('',(-0.146847711705252,0.0015875,0.127));
#5009=CARTESIAN_POINT('',(-0.146847711705252,0.170535298453361,0.127));
#5010=CARTESIAN_POINT('',(-0.146847711705252,0.168947798453361,0.127));
#5011=CARTESIAN_POINT('',(-0.151819505757691,0.163976004400922,0.127));
#5012=CARTESIAN_POINT('',(-0.143672711705252,0.172122798453361,0.127));
#5013=CARTESIAN_POINT('',(0.0180443341125387,0.172122798453361,0.127));
#5014=CARTESIAN_POINT('',(0.0128155356964031,0.172122798453361,0.127));
#5015=CARTESIAN_POINT('',(0.104435251865806,0.0805030822839589,0.127));
#5016=CARTESIAN_POINT('',(0.0159905356964031,0.168947798453361,0.127));
#5017=CARTESIAN_POINT('',(0.0159905356964031,-0.00588783546930824,0.127));
#5018=CARTESIAN_POINT('',(0.0159905356964031,0.0015875,0.127));
#5019=CARTESIAN_POINT('',(0.0132797671698168,-0.00112326852658635,0.127));
#5020=CARTESIAN_POINT('',(0.0180443341125387,-0.00588783546930824,0.00635));
#5021=CARTESIAN_POINT('',(-0.143672711705252,-0.00588783546930824,0.00635));
#5022=CARTESIAN_POINT('',(-0.143672711705252,0.168947798453361,0.00635));
#5023=CARTESIAN_POINT('',(-0.143672711705252,0.0015875,0.00635));
#5024=CARTESIAN_POINT('',(0.0180443341125387,0.0015875,0.00635));
#5025=CARTESIAN_POINT('',(0.0128155356964031,0.0015875,0.00635));
#5026=CARTESIAN_POINT('',(0.0128155356964031,0.170535298453361,0.00635));
#5027=CARTESIAN_POINT('',(0.0128155356964031,0.168947798453361,0.00635));
#5028=CARTESIAN_POINT('',(-0.145260211705252,0.168947798453361,0.00635));
#5029=CARTESIAN_POINT('',(-0.0654285880044243,0.,0.00635));
#5030=CARTESIAN_POINT('',(0.0128155356964031,0.,0.00635));
#5031=CARTESIAN_POINT('',(0.0128155356964031,0.,0.1254125));
#5032=CARTESIAN_POINT('',(0.0128155356964031,0.,0.0079375));
#5033=CARTESIAN_POINT('',(-0.0654285880044243,0.,0.0079375));
#5034=CARTESIAN_POINT('',(-0.143672711705252,0.,0.0079375));
#5035=CARTESIAN_POINT('',(-0.143672711705252,0.,0.127));
#5036=CARTESIAN_POINT('',(-0.143672711705252,0.,0.1254125));
#5037=CARTESIAN_POINT('',(0.0144030356964031,0.,0.1254125));
#5038=CARTESIAN_POINT('',(0.0144030356964031,0.0852676492266806,0.00635));
#5039=CARTESIAN_POINT('',(0.0144030356964031,0.168947798453361,0.00635));
#5040=CARTESIAN_POINT('',(0.0144030356964031,0.168947798453361,0.1254125));
#5041=CARTESIAN_POINT('',(0.0144030356964031,0.168947798453361,0.0079375));
#5042=CARTESIAN_POINT('',(0.0144030356964031,-4.81482486096808E-35,0.0079375));
#5043=CARTESIAN_POINT('',(0.0144030356964031,0.0015875,0.0079375));
#5044=CARTESIAN_POINT('',(0.0144030356964031,0.0015875,0.00635));
#5045=CARTESIAN_POINT('',(0.0144030356964031,0.0015875,0.1254125));
#5046=CARTESIAN_POINT('',(0.0144030356964031,0.0852676492266806,0.1254125));
#5047=CARTESIAN_POINT('',(-0.0654285880044243,0.170535298453361,0.00635));
#5048=CARTESIAN_POINT('',(-0.143672711705252,0.170535298453361,0.00635));
#5049=CARTESIAN_POINT('',(-0.143672711705252,0.170535298453361,0.1254125));
#5050=CARTESIAN_POINT('',(-0.143672711705252,0.170535298453361,0.0079375));
#5051=CARTESIAN_POINT('',(0.0144030356964031,0.170535298453361,0.0079375));
#5052=CARTESIAN_POINT('',(0.0128155356964031,0.170535298453361,0.0079375));
#5053=CARTESIAN_POINT('',(0.0128155356964031,0.170535298453361,0.127));
#5054=CARTESIAN_POINT('',(0.0128155356964031,0.170535298453361,0.1254125));
#5055=CARTESIAN_POINT('',(-0.0654285880044243,0.170535298453361,0.1254125));
#5056=CARTESIAN_POINT('',(-0.145260211705252,0.0852676492266806,0.00635));
#5057=CARTESIAN_POINT('',(-0.145260211705252,0.0015875,0.00635));
#5058=CARTESIAN_POINT('',(-0.145260211705252,0.0015875,0.1254125));
#5059=CARTESIAN_POINT('',(-0.145260211705252,0.0015875,0.0079375));
#5060=CARTESIAN_POINT('',(-0.145260211705252,0.0852676492266806,0.0079375));
#5061=CARTESIAN_POINT('',(-0.145260211705252,0.168947798453361,0.0079375));
#5062=CARTESIAN_POINT('',(-0.145260211705252,0.168947798453361,0.00635));
#5063=CARTESIAN_POINT('',(-0.145260211705252,0.168947798453361,0.1254125));
#5064=CARTESIAN_POINT('',(-0.145260211705252,0.,0.1254125));
#5065=CARTESIAN_POINT('',(0.0180443341125387,0.179350561959799,0.00635));
#5066=CARTESIAN_POINT('',(0.0247648420864735,0.179350561959799,0.00635));
#5067=CARTESIAN_POINT('',(0.0247648420864735,0.179350561959799,0.1254125));
#5068=CARTESIAN_POINT('',(0.0247648420864735,0.179350561959799,0.0015875));
#5069=CARTESIAN_POINT('',(-0.156027848752572,0.179350561959799,0.0015875));
#5070=CARTESIAN_POINT('',(-0.154440348752572,0.179350561959799,0.0015875));
#5071=CARTESIAN_POINT('',(-0.154440348752572,0.179350561959799,0.127));
#5072=CARTESIAN_POINT('',(-0.154440348752572,0.179350561959799,0.1254125));
#5073=CARTESIAN_POINT('',(0.0180443341125387,0.179350561959799,0.1254125));
#5074=CARTESIAN_POINT('',(-0.0648377533330492,-0.00809521211709319,0.127));
#5075=CARTESIAN_POINT('',(-0.154440348752572,-0.00809521211709319,0.127));
#5076=CARTESIAN_POINT('',(-0.154440348752572,-0.00809521211709319,0.1254125));
#5077=CARTESIAN_POINT('',(-0.154440348752572,-0.00809521211709319,0.0015875));
#5078=CARTESIAN_POINT('',(-0.0648377533330492,-0.00809521211709319,0.0015875));
#5079=CARTESIAN_POINT('',(0.0247648420864735,-0.00809521211709319,0.0015875));
#5080=CARTESIAN_POINT('',(0.0247648420864735,-0.00809521211709319,0.127));
#5081=CARTESIAN_POINT('',(0.0247648420864735,-0.00809521211709319,0.1254125));
#5082=CARTESIAN_POINT('',(-0.156027848752572,-0.00809521211709319,0.1254125));
#5083=CARTESIAN_POINT('',(0.0263523420864736,0.0339305983096187,0.127));
#5084=CARTESIAN_POINT('',(0.0263523420864736,-0.00650771211709319,0.));
#5085=CARTESIAN_POINT('',(0.0263523420864736,-0.00650771211709319,0.1254125));
#5086=CARTESIAN_POINT('',(0.0263523420864736,-0.00650771211709319,0.0015875));
#5087=CARTESIAN_POINT('',(0.0263523420864736,0.179350561959799,0.0015875));
#5088=CARTESIAN_POINT('',(0.0263523420864736,0.177763061959798,0.0015875));
#5089=CARTESIAN_POINT('',(0.0263523420864736,0.177763061959798,0.127));
#5090=CARTESIAN_POINT('',(0.0263523420864736,0.177763061959798,0.1254125));
#5091=CARTESIAN_POINT('',(0.0263523420864736,0.0339305983096187,0.1254125));
#5092=CARTESIAN_POINT('',(-0.156027848752572,-0.00588783546930824,0.00635));
#5093=CARTESIAN_POINT('',(-0.156027848752572,0.177763061959798,0.));
#5094=CARTESIAN_POINT('',(-0.156027848752572,0.177763061959798,0.1254125));
#5095=CARTESIAN_POINT('',(-0.156027848752572,0.177763061959798,0.0015875));
#5096=CARTESIAN_POINT('',(-0.156027848752572,-0.00588783546930824,0.0015875));
#5097=CARTESIAN_POINT('',(-0.156027848752572,-0.00650771211709319,0.0015875));
#5098=CARTESIAN_POINT('',(-0.156027848752572,-0.00650771211709319,0.00635));
#5099=CARTESIAN_POINT('',(-0.156027848752572,-0.00650771211709319,0.1254125));
#5100=CARTESIAN_POINT('',(-0.156027848752572,0.179350561959799,0.1254125));
#5101=CARTESIAN_POINT('',(0.0180443341125387,-0.00588783546930824,0.));
#5102=CARTESIAN_POINT('',(0.0247648420864735,-0.00809521211709319,0.));
#5103=CARTESIAN_POINT('',(0.0247648420864735,0.177763061959798,0.));
#5104=CARTESIAN_POINT('',(0.0247648420864735,-0.00650771211709319,0.));
#5105=CARTESIAN_POINT('',(0.0180443341125387,-0.00650771211709319,0.));
#5106=CARTESIAN_POINT('',(-0.154440348752572,-0.00650771211709319,0.));
#5107=CARTESIAN_POINT('',(-0.154440348752572,-0.00588783546930824,0.));
#5108=CARTESIAN_POINT('',(-0.154440348752572,0.177763061959798,0.));
#5109=CARTESIAN_POINT('',(0.0263523420864736,0.177763061959798,0.));
#5110=CARTESIAN_POINT('',(-0.154440348752572,-0.00588783546930824,0.127));
#5111=CARTESIAN_POINT('',(-0.156027848752572,-0.00650771211709319,0.1254125));
#5112=CARTESIAN_POINT('',(-0.155234098752572,0.177763061959798,0.12620625));
#5113=CARTESIAN_POINT('',(-0.156027848752572,-0.00650771211709319,0.1254125));
#5114=CARTESIAN_POINT('',(-0.154440348752572,-0.00730146211709318,0.12620625));
#5115=CARTESIAN_POINT('',(-0.156027848752572,-0.00650771211709319,0.1254125));
#5116=CARTESIAN_POINT('',(-0.154440348752572,0.179350561959799,0.1254125));
#5117=CARTESIAN_POINT('',(-0.154440348752572,0.179350561959799,0.1254125));
#5118=CARTESIAN_POINT('',(-0.154440348752572,0.179350561959799,0.1254125));
#5119=CARTESIAN_POINT('',(-0.154440348752572,-0.00809521211709319,0.127));
#5120=CARTESIAN_POINT('',(-0.156027848752572,-0.00650771211709319,0.0015875));
#5121=CARTESIAN_POINT('',(0.0180443341125387,-0.00650771211709319,0.127));
#5122=CARTESIAN_POINT('',(0.0247648420864735,-0.00809521211709319,0.1254125));
#5123=CARTESIAN_POINT('',(0.0263523420864736,0.0339305983096187,0.1254125));
#5124=CARTESIAN_POINT('',(0.0263523420864736,0.177763061959798,0.1254125));
#5125=CARTESIAN_POINT('',(0.0255585920864736,-0.00650771211709319,0.12620625));
#5126=CARTESIAN_POINT('',(0.0180443341125387,0.179350561959799,0.1254125));
#5127=CARTESIAN_POINT('',(0.0247648420864735,0.178556811959799,0.12620625));
#5128=CARTESIAN_POINT('',(-0.156027848752572,0.177763061959798,0.00635));
#5129=CARTESIAN_POINT('',(-0.155234098752572,0.178556811959799,0.0015875));
#5130=CARTESIAN_POINT('',(-0.156027848752572,-0.00588783546930824,0.0015875));
#5131=CARTESIAN_POINT('',(-0.156027848752572,-0.00650771211709319,0.0015875));
#5132=CARTESIAN_POINT('',(-0.154440348752572,0.177763061959798,0.));
#5133=CARTESIAN_POINT('',(-0.156027848752572,-0.00650771211709319,0.0015875));
#5134=CARTESIAN_POINT('',(-0.154440348752572,-0.00730146211709319,0.00079375));
#5135=CARTESIAN_POINT('',(0.0247648420864735,-0.00809521211709319,0.1254125));
#5136=CARTESIAN_POINT('',(0.0247648420864735,-0.00809521211709319,0.1254125));
#5137=CARTESIAN_POINT('',(0.0263523420864736,0.177763061959798,0.1254125));
#5138=CARTESIAN_POINT('',(0.0263523420864736,0.177763061959798,0.1254125));
#5139=CARTESIAN_POINT('',(-0.154440348752572,0.177763061959798,0.));
#5140=CARTESIAN_POINT('',(-0.154440348752572,0.177763061959798,0.));
#5141=CARTESIAN_POINT('',(0.0180443341125387,-0.00650771211709319,0.));
#5142=CARTESIAN_POINT('',(0.0247648420864735,-0.00650771211709319,0.));
#5143=CARTESIAN_POINT('',(0.0263523420864736,-0.00650771211709319,0.127));
#5144=CARTESIAN_POINT('',(0.0255585920864736,-0.00730146211709319,0.0015875));
#5145=CARTESIAN_POINT('',(0.0247648420864735,0.179350561959799,0.00635));
#5146=CARTESIAN_POINT('',(0.0263523420864736,0.177763061959798,0.0015875));
#5147=CARTESIAN_POINT('',(0.0180443341125387,0.177763061959798,0.));
#5148=CARTESIAN_POINT('',(0.0247648420864735,0.178556811959799,0.00079375));
#5149=CARTESIAN_POINT('',(0.0247648420864735,-0.00650771211709319,0.));
#5150=CARTESIAN_POINT('',(0.0247648420864735,-0.00650771211709319,1.53329341668338E-19));
#5151=CARTESIAN_POINT('',(0.0263523420864736,0.177763061959798,0.0015875));
#5152=CARTESIAN_POINT('',(0.0263523420864736,0.177763061959798,0.0015875));
#5153=CARTESIAN_POINT('',(0.0263523420864736,0.0339305983096187,0.0015875));
#5154=CARTESIAN_POINT('',(-0.145260211705252,0.0852676492266806,0.1254125));
#5155=CARTESIAN_POINT('',(-0.146847711705252,0.168947798453361,0.127));
#5156=CARTESIAN_POINT('',(-0.145260211705252,0.0015875,0.1254125));
#5157=CARTESIAN_POINT('',(-0.145260211705252,0.168947798453361,0.1254125));
#5158=CARTESIAN_POINT('',(-0.145260211705252,0.168947798453361,0.1254125));
#5159=CARTESIAN_POINT('',(-0.143672711705252,0.170535298453361,0.1254125));
#5160=CARTESIAN_POINT('',(-0.143672711705252,0.,0.1254125));
#5161=CARTESIAN_POINT('',(-0.143672711705252,-0.0015875,0.127));
#5162=CARTESIAN_POINT('',(-0.143672711705252,0.,0.1254125));
#5163=CARTESIAN_POINT('',(-0.145260211705252,0.168947798453361,0.00635));
#5164=CARTESIAN_POINT('',(-0.145260211705252,0.168947798453361,0.0079375));
#5165=CARTESIAN_POINT('',(0.0180443341125387,0.172122798453361,0.127));
#5166=CARTESIAN_POINT('',(0.0128155356964031,0.172122798453361,0.127));
#5167=CARTESIAN_POINT('',(0.0159905356964031,-0.00588783546930824,0.127));
#5168=CARTESIAN_POINT('',(0.0159905356964031,0.0015875,0.127));
#5169=CARTESIAN_POINT('',(0.0144030356964031,0.168947798453361,0.1254125));
#5170=CARTESIAN_POINT('',(-0.0654285880044243,0.,0.1254125));
#5171=CARTESIAN_POINT('',(0.0128155356964031,0.,0.1254125));
#5172=CARTESIAN_POINT('',(-0.143672711705252,0.,0.00635));
#5173=CARTESIAN_POINT('',(-0.144466461705252,0.00079375,0.0079375));
#5174=CARTESIAN_POINT('',(-0.143672711705252,-0.00588783546930824,0.00635));
#5175=CARTESIAN_POINT('',(-0.145260211705252,0.168947798453361,0.0079375));
#5176=CARTESIAN_POINT('',(-0.143672711705252,0.0015875,0.00635));
#5177=CARTESIAN_POINT('',(-0.145260211705252,0.168947798453361,0.0079375));
#5178=CARTESIAN_POINT('',(-0.143672711705252,0.169741548453361,0.00714375));
#5179=CARTESIAN_POINT('',(0.0128155356964031,0.170535298453361,0.1254125));
#5180=CARTESIAN_POINT('',(0.0128155356964031,0.170535298453361,0.1254125));
#5181=CARTESIAN_POINT('',(0.0144030356964031,0.0015875,0.1254125));
#5182=CARTESIAN_POINT('',(0.0144030356964031,0.0015875,0.1254125));
#5183=CARTESIAN_POINT('',(-0.143672711705252,0.0015875,0.00635));
#5184=CARTESIAN_POINT('',(-0.143672711705252,0.0015875,0.00635));
#5185=CARTESIAN_POINT('',(-0.0654285880044243,0.170535298453361,0.0079375));
#5186=CARTESIAN_POINT('',(0.0128155356964031,0.168947798453361,0.00635));
#5187=CARTESIAN_POINT('',(0.0128155356964031,0.170535298453361,0.00635));
#5188=CARTESIAN_POINT('',(0.0136092856964031,0.169741548453361,0.0079375));
#5189=CARTESIAN_POINT('',(0.0144030356964031,0.0015875,0.00635));
#5190=CARTESIAN_POINT('',(0.0144030356964031,0.0015875,0.0079375));
#5191=CARTESIAN_POINT('',(0.0180443341125387,0.0015875,0.00635));
#5192=CARTESIAN_POINT('',(0.0128155356964031,0.000793750000000009,0.00714375));
#5193=CARTESIAN_POINT('',(0.0128155356964031,0.168947798453361,0.00635));
#5194=CARTESIAN_POINT('',(0.0128155356964031,0.168947798453361,0.00635));
#5195=CARTESIAN_POINT('',(0.0144030356964031,0.0015875,0.0079375));
#5196=CARTESIAN_POINT('',(0.0144030356964031,0.0015875,0.0079375));
#5197=CARTESIAN_POINT('',(0.0144030356964031,0.0852676492266806,0.0079375));
#5198=CARTESIAN_POINT('',(0.,0.,0.));
#5199=CARTESIAN_POINT('',(0.0180443341125387,-0.00588783546930824,0.00635));
#5200=CARTESIAN_POINT('',(0.0279398420864735,-0.191126232898415,0.00635));
#5201=CARTESIAN_POINT('',(0.0279398420864735,-0.00968271211709319,0.00635));
#5202=CARTESIAN_POINT('',(0.0279398420864735,-0.189538732898415,0.00635));
#5203=CARTESIAN_POINT('',(0.192116516977649,-0.189538732898415,0.00635));
#5204=CARTESIAN_POINT('',(0.190529016977649,-0.189538732898415,0.00635));
#5205=CARTESIAN_POINT('',(0.190529016977649,-0.00588783546930824,0.00635));
#5206=CARTESIAN_POINT('',(0.190529016977649,-0.00968271211709319,0.00635));
#5207=CARTESIAN_POINT('',(0.0180443341125387,-0.00968271211709319,0.00635));
#5208=CARTESIAN_POINT('',(0.0936032267794053,-0.00968271457174245,0.00635));
#5209=CARTESIAN_POINT('',(0.0936032208154385,-0.00968271702639172,0.00635));
#5210=CARTESIAN_POINT('',(0.0939663609969542,-0.0105650238767259,0.00635));
#5211=CARTESIAN_POINT('',(0.0944471652932496,-0.0119322948952497,0.00635));
#5212=CARTESIAN_POINT('',(0.0948940191706905,-0.0135922364779984,0.00635));
#5213=CARTESIAN_POINT('',(0.0950911740026267,-0.0144502820238091,0.00635));
#5214=CARTESIAN_POINT('',(0.0951927934313627,-0.0149299516754439,0.00635));
#5215=CARTESIAN_POINT('',(0.0952734476679471,-0.015336979857429,0.00635));
#5216=CARTESIAN_POINT('',(0.0953177380974323,-0.0155758060009151,0.00635));
#5217=CARTESIAN_POINT('',(0.0953918125043526,-0.0159937188139781,0.00635));
#5218=CARTESIAN_POINT('',(0.0954831837225717,-0.0165536248102604,0.00635));
#5219=CARTESIAN_POINT('',(0.0956007899657391,-0.0173319366255798,0.00635));
#5220=CARTESIAN_POINT('',(0.095701251549766,-0.0180598871615618,0.00635));
#5221=CARTESIAN_POINT('',(0.095788163070102,-0.0186890532621926,0.00635));
#5222=CARTESIAN_POINT('',(0.0958478101821398,-0.0190797382171175,0.00635));
#5223=CARTESIAN_POINT('',(0.0958929522535591,-0.019352389062873,0.00635));
#5224=CARTESIAN_POINT('',(0.0959306116211541,-0.0195556826366437,0.00635));
#5225=CARTESIAN_POINT('',(0.0959478254739013,-0.019647563750624,0.00635));
#5226=CARTESIAN_POINT('',(0.0960023012600564,-0.01989799978484,0.00635));
#5227=CARTESIAN_POINT('',(0.0960701303359168,-0.0201555847626345,0.00635));
#5228=CARTESIAN_POINT('',(0.0962111803498788,-0.020590623709898,0.00635));
#5229=CARTESIAN_POINT('',(0.0963594955814886,-0.0208789930962304,0.00635));
#5230=CARTESIAN_POINT('',(0.0964717677864819,-0.0210400685426062,0.00635));
#5231=CARTESIAN_POINT('',(0.096471767786482,-0.0210400685426063,0.00635));
#5232=CARTESIAN_POINT('',(0.0964717677864819,-0.0210400685426062,0.00635));
#5233=CARTESIAN_POINT('',(0.0965525669239398,-0.0211568507646729,0.00635));
#5234=CARTESIAN_POINT('',(0.0966993236564431,-0.0213299564312085,0.00635));
#5235=CARTESIAN_POINT('',(0.0969290302687212,-0.0215446746157489,0.00635));
#5236=CARTESIAN_POINT('',(0.0971524958797855,-0.0217215766441571,0.00635));
#5237=CARTESIAN_POINT('',(0.0972904664731628,-0.021818709760876,0.00635));
#5238=CARTESIAN_POINT('',(0.0974851229721639,-0.0219486636971044,0.00635));
#5239=CARTESIAN_POINT('',(0.0976858389111084,-0.0220741767102219,0.00635));
#5240=CARTESIAN_POINT('',(0.0979529392294064,-0.0222317060395113,0.00635));
#5241=CARTESIAN_POINT('',(0.0980957506350982,-0.0223126844704618,0.00635));
#5242=CARTESIAN_POINT('',(0.0983002349855398,-0.0224272371002392,0.00635));
#5243=CARTESIAN_POINT('',(0.0985113994312978,-0.022543185798654,0.00635));
#5244=CARTESIAN_POINT('',(0.0988472048732335,-0.0227244287195135,0.00635));
#5245=CARTESIAN_POINT('',(0.0991660724846978,-0.0228955121907109,0.00635));
#5246=CARTESIAN_POINT('',(0.099726871755677,-0.0231953754112289,0.00635));
#5247=CARTESIAN_POINT('',(0.100452726448521,-0.0235944698758952,0.00635));
#5248=CARTESIAN_POINT('',(0.101267569793763,-0.0240724953264756,0.00635));
#5249=CARTESIAN_POINT('',(0.102060241887873,-0.0245661475023037,0.00635));
#5250=CARTESIAN_POINT('',(0.102790649843461,-0.0250490804837613,0.00635));
#5251=CARTESIAN_POINT('',(0.103585154175045,-0.0256101633170547,0.00635));
#5252=CARTESIAN_POINT('',(0.104582507495937,-0.0263656667025777,0.00635));
#5253=CARTESIAN_POINT('',(0.106260761969938,-0.0277707453099967,0.00635));
#5254=CARTESIAN_POINT('',(0.108408203757091,-0.0299695068950246,0.00635));
#5255=CARTESIAN_POINT('',(0.110646410621624,-0.0329875313800041,0.00635));
#5256=CARTESIAN_POINT('',(0.113031902635292,-0.0373616946255561,0.00635));
#5257=CARTESIAN_POINT('',(0.114853858314167,-0.0434157324863132,0.00635));
#5258=CARTESIAN_POINT('',(0.11494876531296,-0.0509896266040348,0.00635));
#5259=CARTESIAN_POINT('',(0.1129567269714,-0.0582974872451093,0.00635));
#5260=CARTESIAN_POINT('',(0.109035579483283,-0.0647632238557096,0.00635));
#5261=CARTESIAN_POINT('',(0.103493656760319,-0.0698991342910145,0.00635));
#5262=CARTESIAN_POINT('',(0.0967375991351373,-0.073319794057676,0.00635));
#5263=CARTESIAN_POINT('',(0.0892961239676061,-0.0747462618344756,0.00635));
#5264=CARTESIAN_POINT('',(0.0817495259887859,-0.0740668481960861,0.00635));
#5265=CARTESIAN_POINT('',(0.0746861178039609,-0.071337121060354,0.00635));
#5266=CARTESIAN_POINT('',(0.0696618508145262,-0.0675384575073576,0.00635));
#5267=CARTESIAN_POINT('',(0.0667904062496094,-0.064238493479633,0.00635));
#5268=CARTESIAN_POINT('',(0.0653607856547157,-0.0622031265512449,0.00635));
#5269=CARTESIAN_POINT('',(0.0640555599865322,-0.0600413362730282,0.00635));
#5270=CARTESIAN_POINT('',(0.0630078951838545,-0.0578184909432227,0.00635));
#5271=CARTESIAN_POINT('',(0.0622750643949944,-0.0557515468779965,0.00635));
#5272=CARTESIAN_POINT('',(0.0619566676340681,-0.0546869552051487,0.00635));
#5273=CARTESIAN_POINT('',(0.0617908596634311,-0.0540805977390804,0.00635));
#5274=CARTESIAN_POINT('',(0.061666744309402,-0.0535943843775227,0.00635));
#5275=CARTESIAN_POINT('',(0.0615751728353355,-0.0532100319545189,0.00635));
#5276=CARTESIAN_POINT('',(0.0614469588676583,-0.0526367141019206,0.00635));
#5277=CARTESIAN_POINT('',(0.0612981968382326,-0.0518979247015936,0.00635));
#5278=CARTESIAN_POINT('',(0.0611580365374385,-0.0510999141810146,0.00635));
#5279=CARTESIAN_POINT('',(0.0610536398944811,-0.0504422705987048,0.00635));
#5280=CARTESIAN_POINT('',(0.0609751716499483,-0.0499079664400774,0.00635));
#5281=CARTESIAN_POINT('',(0.0609123107011007,-0.0494580259908962,0.00635));
#5282=CARTESIAN_POINT('',(0.0608509250216747,-0.048988086240651,0.00635));
#5283=CARTESIAN_POINT('',(0.0607847912947311,-0.0485114921133225,0.00635));
#5284=CARTESIAN_POINT('',(0.0607291280077308,-0.0481580474616959,0.00635));
#5285=CARTESIAN_POINT('',(0.0606613975699602,-0.0477780865573815,0.00635));
#5286=CARTESIAN_POINT('',(0.0606128175629219,-0.0475408711779325,0.00635));
#5287=CARTESIAN_POINT('',(0.0605591871911871,-0.0473147592389546,0.00635));
#5288=CARTESIAN_POINT('',(0.0605157614733263,-0.0471500002834175,0.00635));
#5289=CARTESIAN_POINT('',(0.0604287885210435,-0.0468822479977585,0.00635));
#5290=CARTESIAN_POINT('',(0.0603083949983419,-0.0465940290154113,0.00635));
#5291=CARTESIAN_POINT('',(0.0601980321799463,-0.046397278834866,0.00635));
#5292=CARTESIAN_POINT('',(0.0601172140439354,-0.0462811814080573,0.00635));
#5293=CARTESIAN_POINT('',(0.0601172140439354,-0.0462811814080573,0.00635));
#5294=CARTESIAN_POINT('',(0.0601172140439354,-0.0462811814080573,0.00635));
#5295=CARTESIAN_POINT('',(0.0600096702730913,-0.0461255454921076,0.00635));
#5296=CARTESIAN_POINT('',(0.0598024038162003,-0.0458952799461076,0.00635));
#5297=CARTESIAN_POINT('',(0.0594671638493435,-0.0456241762155483,0.00635));
#5298=CARTESIAN_POINT('',(0.0592637786388762,-0.0454777455341286,0.00635));
#5299=CARTESIAN_POINT('',(0.0590644250610951,-0.0453468962934565,0.00635));
#5300=CARTESIAN_POINT('',(0.058985595091262,-0.0452983944043857,0.00635));
#5301=CARTESIAN_POINT('',(0.0588166587511174,-0.0451954886533994,0.00635));
#5302=CARTESIAN_POINT('',(0.0585022295871533,-0.045012082317974,0.00635));
#5303=CARTESIAN_POINT('',(0.0578809615080734,-0.0446720938292953,0.00635));
#5304=CARTESIAN_POINT('',(0.0570883795634962,-0.0442462650662198,0.00635));
#5305=CARTESIAN_POINT('',(0.0564377228196181,-0.0438869576081768,0.00635));
#5306=CARTESIAN_POINT('',(0.0559680052133639,-0.0436220298636186,0.00635));
#5307=CARTESIAN_POINT('',(0.0556907091091781,-0.0434617536869914,0.00635));
#5308=CARTESIAN_POINT('',(0.0555361406927141,-0.0433709715271742,0.00635));
#5309=CARTESIAN_POINT('',(0.0554508047077029,-0.043320433321995,0.00635));
#5310=CARTESIAN_POINT('',(0.0552791414238304,-0.0432174016451701,0.00635));
#5311=CARTESIAN_POINT('',(0.0550818369697152,-0.0430973157406162,0.00635));
#5312=CARTESIAN_POINT('',(0.0547254330616436,-0.0428766055779495,0.00635));
#5313=CARTESIAN_POINT('',(0.0542324463338969,-0.0425596701379445,0.00635));
#5314=CARTESIAN_POINT('',(0.0536515258888368,-0.0421676344936424,0.00635));
#5315=CARTESIAN_POINT('',(0.0528972945759675,-0.0416331918239979,0.00635));
#5316=CARTESIAN_POINT('',(0.051984777293011,-0.0409367219687091,0.00635));
#5317=CARTESIAN_POINT('',(0.0509652383529843,-0.0400801546798015,0.00635));
#5318=CARTESIAN_POINT('',(0.0499303780943475,-0.0391192070490545,0.00635));
#5319=CARTESIAN_POINT('',(0.0486445053937124,-0.0377956740855187,0.00635));
#5320=CARTESIAN_POINT('',(0.0465585697727224,-0.0352967129731175,0.00635));
#5321=CARTESIAN_POINT('',(0.0441686634349667,-0.0313263678339306,0.00635));
#5322=CARTESIAN_POINT('',(0.0423215012298658,-0.0260748534176344,0.00635));
#5323=CARTESIAN_POINT('',(0.0415926005588123,-0.0205194846176942,0.00635));
#5324=CARTESIAN_POINT('',(0.0420086726191234,-0.0149875188944081,0.00635));
#5325=CARTESIAN_POINT('',(0.0430411164673371,-0.0114036086696057,0.00635));
#5326=CARTESIAN_POINT('',(0.0437377035817678,-0.00968279957558148,0.00635));
#5327=CARTESIAN_POINT('',(0.0437375955555385,-0.00968275584633733,0.00635));
#5328=CARTESIAN_POINT('',(0.0180443341125387,-0.00968271211709319,0.00635));
#5329=CARTESIAN_POINT('',(0.101716262771123,-0.127702253981501,0.00635));
#5330=CARTESIAN_POINT('',(0.101635064866998,-0.127813943583273,0.00635));
#5331=CARTESIAN_POINT('',(0.101519909381336,-0.128000862553274,0.00635));
#5332=CARTESIAN_POINT('',(0.101386283001838,-0.128270583756074,0.00635));
#5333=CARTESIAN_POINT('',(0.101282757297233,-0.128519669063349,0.00635));
#5334=CARTESIAN_POINT('',(0.101228977888681,-0.128669362974029,0.00635));
#5335=CARTESIAN_POINT('',(0.101157990317071,-0.128882888800768,0.00635));
#5336=CARTESIAN_POINT('',(0.101091473470543,-0.129102254755535,0.00635));
#5337=CARTESIAN_POINT('',(0.101009666255647,-0.129396204677797,0.00635));
#5338=CARTESIAN_POINT('',(0.100969934158043,-0.12954775499772,0.00635));
#5339=CARTESIAN_POINT('',(0.100913193159184,-0.129768160059718,0.00635));
#5340=CARTESIAN_POINT('',(0.100866587389859,-0.129955228735785,0.00635));
#5341=CARTESIAN_POINT('',(0.100823605867661,-0.130130849964656,0.00635));
#5342=CARTESIAN_POINT('',(0.10079862350387,-0.130234039615831,0.00635));
#5343=CARTESIAN_POINT('',(0.100741187879005,-0.130472625383721,0.00635));
#5344=CARTESIAN_POINT('',(0.100686751756968,-0.130698547962333,0.00635));
#5345=CARTESIAN_POINT('',(0.100630345182797,-0.130932705205358,0.00635));
#5346=CARTESIAN_POINT('',(0.100596294165292,-0.131073892064807,0.00635));
#5347=CARTESIAN_POINT('',(0.100584978310521,-0.131120897038672,0.00635));
#5348=CARTESIAN_POINT('',(0.100579320055686,-0.131144134206624,0.00635));
#5349=CARTESIAN_POINT('',(0.100583564032607,-0.131127058809121,0.00635));
#5350=CARTESIAN_POINT('',(0.100563112439298,-0.131209688511272,0.00635));
#5351=CARTESIAN_POINT('',(0.100544414332442,-0.131284714588866,0.00635));
#5352=CARTESIAN_POINT('',(0.100507603825295,-0.131431439691668,0.00635));
#5353=CARTESIAN_POINT('',(0.100436459165727,-0.131710323202089,0.00635));
#5354=CARTESIAN_POINT('',(0.100290790571542,-0.132263718434152,0.00635));
#5355=CARTESIAN_POINT('',(0.100079296968937,-0.133015746942301,0.00635));
#5356=CARTESIAN_POINT('',(0.0998635422214477,-0.133717917980134,0.00635));
#5357=CARTESIAN_POINT('',(0.0996844574175742,-0.134260278327729,0.00635));
#5358=CARTESIAN_POINT('',(0.0995575753374961,-0.134627695044606,0.00635));
#5359=CARTESIAN_POINT('',(0.0993944955478843,-0.135077282528749,0.00635));
#5360=CARTESIAN_POINT('',(0.0991794443688255,-0.135641445157034,0.00635));
#5361=CARTESIAN_POINT('',(0.0987770455811314,-0.136628754057702,0.00635));
#5362=CARTESIAN_POINT('',(0.0978894042608309,-0.138539653252275,0.00635));
#5363=CARTESIAN_POINT('',(0.0963860168993614,-0.141104999629393,0.00635));
#5364=CARTESIAN_POINT('',(0.0941499613079523,-0.143981855583754,0.00635));
#5365=CARTESIAN_POINT('',(0.0906981585106267,-0.147366801688936,0.00635));
#5366=CARTESIAN_POINT('',(0.0855859272484011,-0.150693656870264,0.00635));
#5367=CARTESIAN_POINT('',(0.0786188839363278,-0.152914443715983,0.00635));
#5368=CARTESIAN_POINT('',(0.0713363638466027,-0.1532192459727,0.00635));
#5369=CARTESIAN_POINT('',(0.06421446596067,-0.151589014607725,0.00635));
#5370=CARTESIAN_POINT('',(0.0577680796295628,-0.148126366202858,0.00635));
#5371=CARTESIAN_POINT('',(0.0524683276597494,-0.143080072299075,0.00635));
#5372=CARTESIAN_POINT('',(0.0486979697933641,-0.136816863323758,0.00635));
#5373=CARTESIAN_POINT('',(0.0467198062893466,-0.129802261747579,0.00635));
#5374=CARTESIAN_POINT('',(0.0466588953194473,-0.122493530706899,0.00635));
#5375=CARTESIAN_POINT('',(0.0482278571824062,-0.116596863777408,0.00635));
#5376=CARTESIAN_POINT('',(0.0503694725735293,-0.112260160549546,0.00635));
#5377=CARTESIAN_POINT('',(0.052410807778827,-0.109234421215093,0.00635));
#5378=CARTESIAN_POINT('',(0.0543884412652429,-0.10699929259619,0.00635));
#5379=CARTESIAN_POINT('',(0.0559337660897133,-0.10555758206623,0.00635));
#5380=CARTESIAN_POINT('',(0.0567499119081199,-0.104866337032087,0.00635));
#5381=CARTESIAN_POINT('',(0.0572208955378231,-0.104485622031444,0.00635));
#5382=CARTESIAN_POINT('',(0.0575989431145197,-0.104190077615934,0.00635));
#5383=CARTESIAN_POINT('',(0.0579094956159627,-0.103954957037071,0.00635));
#5384=CARTESIAN_POINT('',(0.0583704066492504,-0.103615763016695,0.00635));
#5385=CARTESIAN_POINT('',(0.058850895883671,-0.103277383138971,0.00635));
#5386=CARTESIAN_POINT('',(0.0593617454202758,-0.102931432513153,0.00635));
#5387=CARTESIAN_POINT('',(0.0596923318568373,-0.102713125742912,0.00635));
#5388=CARTESIAN_POINT('',(0.059963486347402,-0.102537248904742,0.00635));
#5389=CARTESIAN_POINT('',(0.0601710693254454,-0.102404187305371,0.00635));
#5390=CARTESIAN_POINT('',(0.0603444661144097,-0.102294272959674,0.00635));
#5391=CARTESIAN_POINT('',(0.060472193958193,-0.102214020702826,0.00635));
#5392=CARTESIAN_POINT('',(0.0605380541866342,-0.102172786655058,0.00635));
#5393=CARTESIAN_POINT('',(0.0606089574049323,-0.102128553011301,0.00635));
#5394=CARTESIAN_POINT('',(0.0605986860082841,-0.102134985406322,0.00635));
#5395=CARTESIAN_POINT('',(0.0606224203047951,-0.102120296664243,0.00635));
#5396=CARTESIAN_POINT('',(0.0606690629413459,-0.102091597899837,0.00635));
#5397=CARTESIAN_POINT('',(0.0607958539580336,-0.102013614874802,0.00635));
#5398=CARTESIAN_POINT('',(0.0609980132692574,-0.101889422415238,0.00635));
#5399=CARTESIAN_POINT('',(0.0611913153124265,-0.101770678574783,0.00635));
#5400=CARTESIAN_POINT('',(0.0613917861685738,-0.101647605712712,0.00635));
#5401=CARTESIAN_POINT('',(0.0614847851545858,-0.101590347540058,0.00635));
#5402=CARTESIAN_POINT('',(0.0616379907982726,-0.101495467397726,0.00635));
#5403=CARTESIAN_POINT('',(0.061801966225291,-0.101392957919745,0.00635));
#5404=CARTESIAN_POINT('',(0.0619944874541629,-0.101270444753706,0.00635));
#5405=CARTESIAN_POINT('',(0.0621246022847433,-0.101186766569665,0.00635));
#5406=CARTESIAN_POINT('',(0.0623851378554043,-0.101013823182136,0.00635));
#5407=CARTESIAN_POINT('',(0.0625738573783654,-0.100882743178561,0.00635));
#5408=CARTESIAN_POINT('',(0.0627547589936646,-0.100750070696926,0.00635));
#5409=CARTESIAN_POINT('',(0.0628740869289305,-0.100658500597847,0.00635));
#5410=CARTESIAN_POINT('',(0.0630828661336108,-0.100480709300872,0.00635));
#5411=CARTESIAN_POINT('',(0.0633012509548533,-0.10026757980255,0.00635));
#5412=CARTESIAN_POINT('',(0.0634479693844736,-0.100095586924486,0.00635));
#5413=CARTESIAN_POINT('',(0.0635325931773252,-0.0999798671165406,0.00635));
#5414=CARTESIAN_POINT('',(0.101716262771123,-0.127702253981501,0.00635));
#5415=CARTESIAN_POINT('',(0.0635325931773252,-0.0999798671165407,0.00635));
#5416=CARTESIAN_POINT('',(0.0635325931773252,-0.0999798671165406,0.00635));
#5417=CARTESIAN_POINT('',(0.063613791081472,-0.0998681775147382,0.00635));
#5418=CARTESIAN_POINT('',(0.0637289465671483,-0.0996812585447211,0.00635));
#5419=CARTESIAN_POINT('',(0.0638625729466427,-0.0994115373419181,0.00635));
#5420=CARTESIAN_POINT('',(0.063966098651199,-0.0991624520347327,0.00635));
#5421=CARTESIAN_POINT('',(0.0640198780598007,-0.0990127581239031,0.00635));
#5422=CARTESIAN_POINT('',(0.0640908656314114,-0.0987992322971572,0.00635));
#5423=CARTESIAN_POINT('',(0.0641573824779377,-0.098579866342396,0.00635));
#5424=CARTESIAN_POINT('',(0.0642391896927893,-0.0982859164202873,0.00635));
#5425=CARTESIAN_POINT('',(0.064278921790421,-0.098134366100259,0.00635));
#5426=CARTESIAN_POINT('',(0.0643356627892787,-0.0979139610382624,0.00635));
#5427=CARTESIAN_POINT('',(0.0643822685586017,-0.0977268923622062,0.00635));
#5428=CARTESIAN_POINT('',(0.0644252500807945,-0.0975512711333556,0.00635));
#5429=CARTESIAN_POINT('',(0.0644502324445761,-0.097448081482221,0.00635));
#5430=CARTESIAN_POINT('',(0.0645076680694459,-0.09720949571431,0.00635));
#5431=CARTESIAN_POINT('',(0.0645621041914834,-0.0969835731356943,0.00635));
#5432=CARTESIAN_POINT('',(0.0646185107656556,-0.0967494158926631,0.00635));
#5433=CARTESIAN_POINT('',(0.06465256178316,-0.0966082290332191,0.00635));
#5434=CARTESIAN_POINT('',(0.0646638776379293,-0.096561224059361,0.00635));
#5435=CARTESIAN_POINT('',(0.0646695358927634,-0.0965379868914124,0.00635));
#5436=CARTESIAN_POINT('',(0.0646652919158403,-0.0965550622889219,0.00635));
#5437=CARTESIAN_POINT('',(0.0646857435091506,-0.0964724325867699,0.00635));
#5438=CARTESIAN_POINT('',(0.0647044416160082,-0.0963974065091769,0.00635));
#5439=CARTESIAN_POINT('',(0.0647412521231569,-0.0962506814063754,0.00635));
#5440=CARTESIAN_POINT('',(0.0648123967827274,-0.0959717978959569,0.00635));
#5441=CARTESIAN_POINT('',(0.0649580653769168,-0.0954184026638974,0.00635));
#5442=CARTESIAN_POINT('',(0.0651695589795245,-0.0946663741557517,0.00635));
#5443=CARTESIAN_POINT('',(0.0653853137270128,-0.0939642031179119,0.00635));
#5444=CARTESIAN_POINT('',(0.0655643985308773,-0.0934218427703233,0.00635));
#5445=CARTESIAN_POINT('',(0.0656912806109613,-0.0930544260534107,0.00635));
#5446=CARTESIAN_POINT('',(0.065854360400523,-0.0926048385693828,0.00635));
#5447=CARTESIAN_POINT('',(0.0660694115795425,-0.0920406759411816,0.00635));
#5448=CARTESIAN_POINT('',(0.0664718103671795,-0.0910533670406422,0.00635));
#5449=CARTESIAN_POINT('',(0.0673594516873951,-0.0891424678462298,0.00635));
#5450=CARTESIAN_POINT('',(0.0688628390493213,-0.086577121468308,0.00635));
#5451=CARTESIAN_POINT('',(0.0710988946398718,-0.0837002655150262,0.00635));
#5452=CARTESIAN_POINT('',(0.0745506974381819,-0.0803153194086792,0.00635));
#5453=CARTESIAN_POINT('',(0.0796629286999245,-0.0769884642279226,0.00635));
#5454=CARTESIAN_POINT('',(0.0866299720121533,-0.0747676773820198,0.00635));
#5455=CARTESIAN_POINT('',(0.0939124921018366,-0.0744628751253524,0.00635));
#5456=CARTESIAN_POINT('',(0.101034389987781,-0.0760931064903136,0.00635));
#5457=CARTESIAN_POINT('',(0.107480776318885,-0.0795557548951835,0.00635));
#5458=CARTESIAN_POINT('',(0.112780528288699,-0.0846020487989662,0.00635));
#5459=CARTESIAN_POINT('',(0.116550886155083,-0.0908652577742844,0.00635));
#5460=CARTESIAN_POINT('',(0.118529049659104,-0.0978798593504604,0.00635));
#5461=CARTESIAN_POINT('',(0.118589960628991,-0.105188590391148,0.00635));
#5462=CARTESIAN_POINT('',(0.117020998766073,-0.111085257320615,0.00635));
#5463=CARTESIAN_POINT('',(0.114879383374866,-0.115421960548528,0.00635));
#5464=CARTESIAN_POINT('',(0.112838048169599,-0.11844769988298,0.00635));
#5465=CARTESIAN_POINT('',(0.110860414683321,-0.120682828501727,0.00635));
#5466=CARTESIAN_POINT('',(0.109315089858824,-0.122124539031719,0.00635));
#5467=CARTESIAN_POINT('',(0.108498944040369,-0.122815784065909,0.00635));
#5468=CARTESIAN_POINT('',(0.108027960410663,-0.123196499066562,0.00635));
#5469=CARTESIAN_POINT('',(0.107649912833873,-0.123492043482151,0.00635));
#5470=CARTESIAN_POINT('',(0.10733936033267,-0.123727164060833,0.00635));
#5471=CARTESIAN_POINT('',(0.106878449299509,-0.124066358081117,0.00635));
#5472=CARTESIAN_POINT('',(0.106397960065161,-0.124404737958787,0.00635));
#5473=CARTESIAN_POINT('',(0.105887110528523,-0.12475068858463,0.00635));
#5474=CARTESIAN_POINT('',(0.105556524091906,-0.124968995354912,0.00635));
#5475=CARTESIAN_POINT('',(0.10528536960127,-0.125144872193135,0.00635));
#5476=CARTESIAN_POINT('',(0.105077786623173,-0.125277933792546,0.00635));
#5477=CARTESIAN_POINT('',(0.104904389834116,-0.125387848138307,0.00635));
#5478=CARTESIAN_POINT('',(0.104776661990339,-0.125468100395157,0.00635));
#5479=CARTESIAN_POINT('',(0.104710801761781,-0.125509334443001,0.00635));
#5480=CARTESIAN_POINT('',(0.10463989854373,-0.125553568086607,0.00635));
#5481=CARTESIAN_POINT('',(0.104650169939341,-0.125547135692232,0.00635));
#5482=CARTESIAN_POINT('',(0.104626435642063,-0.125561824434791,0.00635));
#5483=CARTESIAN_POINT('',(0.104579793004296,-0.125590523199955,0.00635));
#5484=CARTESIAN_POINT('',(0.104453001986952,-0.125668506225398,0.00635));
#5485=CARTESIAN_POINT('',(0.104250842676472,-0.125792698684499,0.00635));
#5486=CARTESIAN_POINT('',(0.104057540634447,-0.125911442524239,0.00635));
#5487=CARTESIAN_POINT('',(0.103857069780251,-0.126034515385097,0.00635));
#5488=CARTESIAN_POINT('',(0.103764070793931,-0.126091773557933,0.00635));
#5489=CARTESIAN_POINT('',(0.103610865150548,-0.126186653700069,0.00635));
#5490=CARTESIAN_POINT('',(0.103446889723521,-0.126289163178053,0.00635));
#5491=CARTESIAN_POINT('',(0.103254368494624,-0.12641167634411,0.00635));
#5492=CARTESIAN_POINT('',(0.103124253663612,-0.126495354528437,0.00635));
#5493=CARTESIAN_POINT('',(0.102863718093079,-0.126668297915889,0.00635));
#5494=CARTESIAN_POINT('',(0.102674998570087,-0.126799377919485,0.00635));
#5495=CARTESIAN_POINT('',(0.102494096954797,-0.126932050401112,0.00635));
#5496=CARTESIAN_POINT('',(0.102374769019508,-0.127023620500203,0.00635));
#5497=CARTESIAN_POINT('',(0.102165989814861,-0.127201411797138,0.00635));
#5498=CARTESIAN_POINT('',(0.101947604993622,-0.127414541295454,0.00635));
#5499=CARTESIAN_POINT('',(0.101800886563991,-0.127586534173533,0.00635));
#5500=CARTESIAN_POINT('',(0.101716262771123,-0.127702253981501,0.00635));
#5501=CARTESIAN_POINT('',(0.0248247770669158,0.000892607485068781,0.00635));
#5502=CARTESIAN_POINT('',(0.138033422965266,-0.112316038413284,0.00635));
#5503=CARTESIAN_POINT('',(0.139620922965266,-0.113903538413284,0.00635));
#5504=CARTESIAN_POINT('',(0.0248247770669158,0.000892607485068781,0.00635));
#5505=CARTESIAN_POINT('',(0.136445922965266,-0.110728538413284,0.00635));
#5506=CARTESIAN_POINT('',(0.136445922965266,-0.00588783546930824,0.00635));
#5507=CARTESIAN_POINT('',(0.136445922965266,-0.0329820396252582,0.00635));
#5508=CARTESIAN_POINT('',(0.090792230616878,-0.0786357319736469,0.00635));
#5509=CARTESIAN_POINT('',(0.138033422965266,-0.0313945396252582,0.00635));
#5510=CARTESIAN_POINT('',(0.090792230616878,-0.0786357319736469,0.00635));
#5511=CARTESIAN_POINT('',(0.139620922965266,-0.0298070396252582,0.00635));
#5512=CARTESIAN_POINT('',(0.15073802152791,-0.0298070396252582,0.00635));
#5513=CARTESIAN_POINT('',(0.149150521527909,-0.0298070396252582,0.00635));
#5514=CARTESIAN_POINT('',(0.0716378257422496,0.0477056561604022,0.00635));
#5515=CARTESIAN_POINT('',(0.15073802152791,-0.0313945396252582,0.00635));
#5516=CARTESIAN_POINT('',(0.0716378257422496,0.0477056561604022,0.00635));
#5517=CARTESIAN_POINT('',(0.15232552152791,-0.0329820396252582,0.00635));
#5518=CARTESIAN_POINT('',(0.15232552152791,-0.112316038413284,0.00635));
#5519=CARTESIAN_POINT('',(0.15232552152791,-0.110728538413284,0.00635));
#5520=CARTESIAN_POINT('',(0.137605279292213,-0.12544878064898,0.00635));
#5521=CARTESIAN_POINT('',(0.15073802152791,-0.112316038413284,0.00635));
#5522=CARTESIAN_POINT('',(0.137605279292213,-0.12544878064898,0.00635));
#5523=CARTESIAN_POINT('',(0.149150521527909,-0.113903538413284,0.00635));
#5524=CARTESIAN_POINT('',(0.0180443341125387,-0.113903538413284,0.00635));
#5525=CARTESIAN_POINT('',(-0.0648377533330492,-0.00809521211709319,0.127));
#5526=CARTESIAN_POINT('',(0.048435245584422,-0.00809521211709319,0.007821844821739));
#5527=CARTESIAN_POINT('',(0.0484999675773087,-0.00809521211709319,0.00952293092700673));
#5528=CARTESIAN_POINT('',(0.0487582575372085,-0.00809521211709319,0.0120256002618968));
#5529=CARTESIAN_POINT('',(0.0493382730083827,-0.00809521211709319,0.0148495774844567));
#5530=CARTESIAN_POINT('',(0.0497532582033726,-0.00809521211709319,0.0164474765383066));
#5531=CARTESIAN_POINT('',(0.0500954752331736,-0.00809521211709319,0.0176061815044232));
#5532=CARTESIAN_POINT('',(0.0505128348606148,-0.00809521211709319,0.0188553325760912));
#5533=CARTESIAN_POINT('',(0.0511093664250705,-0.00809521211709319,0.0204374002257712));
#5534=CARTESIAN_POINT('',(0.0519590206950314,-0.00809521211709319,0.0223540772467479));
#5535=CARTESIAN_POINT('',(0.0529348873984252,-0.00809521211709319,0.0241579227015739));
#5536=CARTESIAN_POINT('',(0.0538032684833872,-0.00809521211709319,0.0255518843600356));
#5537=CARTESIAN_POINT('',(0.0544711057308073,-0.00809521211709319,0.0265359212869752));
#5538=CARTESIAN_POINT('',(0.0552657880893087,-0.00809521211709319,0.027605934585711));
#5539=CARTESIAN_POINT('',(0.0563384810306113,-0.00809521211709319,0.0289167756492109));
#5540=CARTESIAN_POINT('',(0.0577733484306012,-0.00809521211709319,0.0304431011222663));
#5541=CARTESIAN_POINT('',(0.059635693714486,-0.00809521211709319,0.0320678088769616));
#5542=CARTESIAN_POINT('',(0.0616007993867173,-0.00809521211709319,0.0334738333529515));
#5543=CARTESIAN_POINT('',(0.0638295390629788,-0.00809521211709319,0.0347356978560328));
#5544=CARTESIAN_POINT('',(0.0660885795072981,-0.00809521211709319,0.0356943510404719));
#5545=CARTESIAN_POINT('',(0.0685408948091707,-0.00809521211709319,0.0364112553996196));
#5546=CARTESIAN_POINT('',(0.0709556141559616,-0.00809521211709319,0.0367967847856605));
#5547=CARTESIAN_POINT('',(0.0735163152563738,-0.00809521211709319,0.0368714316300997));
#5548=CARTESIAN_POINT('',(0.0759450796455557,-0.00809521211709319,0.0366038178911427));
#5549=CARTESIAN_POINT('',(0.07842518327911,-0.00809521211709319,0.0359682851070136));
#5550=CARTESIAN_POINT('',(0.0806961479092382,-0.00809521211709319,0.0349960774613901));
#5551=CARTESIAN_POINT('',(0.0828474052553306,-0.00809521211709319,0.0336605254909263));
#5552=CARTESIAN_POINT('',(0.0847291340142287,-0.00809521211709319,0.0320137446759758));
#5553=CARTESIAN_POINT('',(0.0860610140868279,-0.00809521211709319,0.0304154088782034));
#5554=CARTESIAN_POINT('',(0.0869638486622751,-0.00809521211709319,0.0290258754274605));
#5555=CARTESIAN_POINT('',(0.0875758009985479,-0.00809521211709319,0.027896114387996));
#5556=CARTESIAN_POINT('',(0.0880665035379881,-0.00809521211709319,0.0268016852536434));
#5557=CARTESIAN_POINT('',(0.0884945349808399,-0.00809521211709319,0.0256369136582039));
#5558=CARTESIAN_POINT('',(0.0887870413688369,-0.00809521211709319,0.0246243343940049));
#5559=CARTESIAN_POINT('',(0.0889819506018186,-0.00809521211709319,0.0238019085259702));
#5560=CARTESIAN_POINT('',(0.0891155728122643,-0.00809521211709319,0.0231362027079575));
#5561=CARTESIAN_POINT('',(0.08920674232847,-0.00809521211709319,0.0225981334210205));
#5562=CARTESIAN_POINT('',(0.0893201489810423,-0.00809521211709319,0.0218102354283246));
#5563=CARTESIAN_POINT('',(0.0894242872229123,-0.00809521211709319,0.0208031185251614));
#5564=CARTESIAN_POINT('',(0.0894841995609148,-0.00809521211709319,0.0197413744566935));
#5565=CARTESIAN_POINT('',(0.0895019186932833,-0.00809521211709319,0.0189662551321941));
#5566=CARTESIAN_POINT('',(0.0895053617098911,-0.00809521211709319,0.0185248925080589));
#5567=CARTESIAN_POINT('',(0.0895041758747834,-0.00809521211709319,0.0181635420038882));
#5568=CARTESIAN_POINT('',(0.0895009138231532,-0.00809521211709319,0.0178995547758742));
#5569=CARTESIAN_POINT('',(0.0894934051092428,-0.00809521211709319,0.0175004442003895));
#5570=CARTESIAN_POINT('',(0.08947821286951,-0.00809521211709319,0.0169936764958187));
#5571=CARTESIAN_POINT('',(0.0894555034321506,-0.00809521211709319,0.0164594079072878));
#5572=CARTESIAN_POINT('',(0.0894351731754825,-0.00809521211709319,0.0160661375597096));
#5573=CARTESIAN_POINT('',(0.0894230040709855,-0.00809521211709319,0.0158473388452185));
#5574=CARTESIAN_POINT('',(0.0894115956858188,-0.00809521211709319,0.0156532782032397));
#5575=CARTESIAN_POINT('',(0.0894061202626463,-0.00809521211709319,0.0155643075534158));
#5576=CARTESIAN_POINT('',(0.0893957298956175,-0.00809521211709319,0.0153991220717905));
#5577=CARTESIAN_POINT('',(0.0893764433316781,-0.00809521211709319,0.0151070914371737));
#5578=CARTESIAN_POINT('',(0.0893289897760256,-0.00809521211709319,0.0144309333126952));
#5579=CARTESIAN_POINT('',(0.089253054682621,-0.00809521211709319,0.0134529333144296));
#5580=CARTESIAN_POINT('',(0.0891647349911919,-0.00809521211709319,0.0123456479500987));
#5581=CARTESIAN_POINT('',(0.0891129332623595,-0.00809521211709319,0.0116749236513835));
#5582=CARTESIAN_POINT('',(0.0890768461878382,-0.00809521211709319,0.0111940681227852));
#5583=CARTESIAN_POINT('',(0.0890566734052922,-0.00809521211709319,0.0109158682828679));
#5584=CARTESIAN_POINT('',(0.0890455599207674,-0.00809521211709319,0.0107586125090475));
#5585=CARTESIAN_POINT('',(0.0890401599383285,-0.00809521211709319,0.0106814648528876));
#5586=CARTESIAN_POINT('',(0.0890265660908866,-0.00809521211709319,0.0104820335857368));
#5587=CARTESIAN_POINT('',(0.0890120608746802,-0.00809521211709319,0.0102624872363248));
#5588=CARTESIAN_POINT('',(0.0889868592967409,-0.00809521211709319,0.00986580438405368));
#5589=CARTESIAN_POINT('',(0.0889438003395775,-0.00809521211709319,0.00911775410952561));
#5590=CARTESIAN_POINT('',(0.088917421211382,-0.00809521211709319,0.00852457204726407));
#5591=CARTESIAN_POINT('',(0.0889047435373693,-0.00809521211709319,0.0081537501453466));
#5592=CARTESIAN_POINT('',(0.048435245584422,-0.00809521211709319,0.00782184482173903));
#5593=CARTESIAN_POINT('',(0.0889047435373692,-0.00809521211709319,0.00815375014534657));
#5594=CARTESIAN_POINT('',(0.0936032327433721,-0.00809521211709319,0.0047625));
#5595=CARTESIAN_POINT('',(0.0920370696747044,-0.00809521211709319,0.00589291671511553));
#5596=CARTESIAN_POINT('',(0.0904709066060368,-0.00809521211709319,0.00702333343023104));
#5597=CARTESIAN_POINT('',(0.0889047435373692,-0.00809521211709319,0.00815375014534656));
#5598=CARTESIAN_POINT('',(0.0936032327433721,-0.00809521211709319,0.0047625));
#5599=CARTESIAN_POINT('',(-0.0648377533330492,-0.00809521211709319,0.0047625));
#5600=CARTESIAN_POINT('',(0.190529016977649,-0.00809521211709319,0.0047625));
#5601=CARTESIAN_POINT('',(0.190529016977649,-0.00809521211709319,0.127));
#5602=CARTESIAN_POINT('',(0.190529016977649,-0.00809521211709319,0.0015875));
#5603=CARTESIAN_POINT('',(0.0263523420864736,-0.00809521211709319,0.0015875));
#5604=CARTESIAN_POINT('',(0.0263523420864736,-0.00809521211709319,0.0015875));
#5605=CARTESIAN_POINT('',(0.0263523420864736,-0.00809521211709319,0.127));
#5606=CARTESIAN_POINT('',(0.0263523420864736,-0.00809521211709319,0.0047625));
#5607=CARTESIAN_POINT('',(-0.0648377533330492,-0.00809521211709319,0.0047625));
#5608=CARTESIAN_POINT('',(0.0437374875293091,-0.00809521211709319,0.0047625));
#5609=CARTESIAN_POINT('',(0.048435245584422,-0.00809521211709319,0.00782184482173868));
#5610=CARTESIAN_POINT('',(0.0468693262327177,-0.00809521211709319,0.00680206321449245));
#5611=CARTESIAN_POINT('',(0.0453034068810134,-0.00809521211709319,0.00578228160724623));
#5612=CARTESIAN_POINT('',(0.0437374875293091,-0.00809521211709319,0.0047625));
#5613=CARTESIAN_POINT('',(0.0180443341125387,-0.00588783546930824,0.0127));
#5614=CARTESIAN_POINT('',(0.139620922965266,-0.112316038413284,0.0127));
#5615=CARTESIAN_POINT('',(0.139620922965266,-0.0329820396252582,0.0127));
#5616=CARTESIAN_POINT('',(0.139620922965266,-0.110728538413284,0.0127));
#5617=CARTESIAN_POINT('',(0.15073802152791,-0.110728538413284,0.0127));
#5618=CARTESIAN_POINT('',(0.149150521527909,-0.110728538413284,0.0127));
#5619=CARTESIAN_POINT('',(0.149150521527909,-0.00588783546930824,0.0127));
#5620=CARTESIAN_POINT('',(0.149150521527909,-0.0329820396252582,0.0127));
#5621=CARTESIAN_POINT('',(0.0180443341125387,-0.0329820396252582,0.0127));
#5622=CARTESIAN_POINT('',(0.0826244279742241,-0.113841060549021,0.00635));
#5623=CARTESIAN_POINT('',(0.0646742309786173,-0.100808727336728,0.00879687784974188));
#5624=CARTESIAN_POINT('',(0.0645434610423753,-0.100989902064812,0.00879577669826334));
#5625=CARTESIAN_POINT('',(0.0643400490863035,-0.10124301502447,0.00877725730832334));
#5626=CARTESIAN_POINT('',(0.0640542434792344,-0.101550265146577,0.00873389012607327));
#5627=CARTESIAN_POINT('',(0.0638038363145254,-0.101793309535555,0.00868609346598078));
#5628=CARTESIAN_POINT('',(0.0636189075534725,-0.10195931555197,0.00864555959093176));
#5629=CARTESIAN_POINT('',(0.0634093210701396,-0.102136427161508,0.00859880937695446));
#5630=CARTESIAN_POINT('',(0.0632064370219615,-0.102297200546045,0.008554020855051));
#5631=CARTESIAN_POINT('',(0.0629702804698924,-0.102472361428195,0.00850718692223612));
#5632=CARTESIAN_POINT('',(0.0628254722072474,-0.102574893304685,0.00848147766216411));
#5633=CARTESIAN_POINT('',(0.0625872032689621,-0.102740406672867,0.00844032065275735));
#5634=CARTESIAN_POINT('',(0.0622825339676351,-0.102944165368097,0.00839221311012839));
#5635=CARTESIAN_POINT('',(0.0619423070250472,-0.103165747510846,0.00834474253900663));
#5636=CARTESIAN_POINT('',(0.061664894905637,-0.103344707499361,0.00831054278837896));
#5637=CARTESIAN_POINT('',(0.0614223443527793,-0.103500797626312,0.00828438846815265));
#5638=CARTESIAN_POINT('',(0.0612733759282312,-0.103596785288505,0.00827009583706579));
#5639=CARTESIAN_POINT('',(0.0610294874598133,-0.103754572437273,0.00824774988912895));
#5640=CARTESIAN_POINT('',(0.0607890414503364,-0.103911443419921,0.00822804755915192));
#5641=CARTESIAN_POINT('',(0.0605125257977721,-0.1040946849426,0.00820788713162435));
#5642=CARTESIAN_POINT('',(0.0602977918656003,-0.104238545157192,0.00819352020919599));
#5643=CARTESIAN_POINT('',(0.0599358498886156,-0.104484276825227,0.00817159007258769));
#5644=CARTESIAN_POINT('',(0.0594706515153252,-0.104810327055596,0.00814762264499978));
#5645=CARTESIAN_POINT('',(0.0590288974124989,-0.105135034853286,0.00812806319918129));
#5646=CARTESIAN_POINT('',(0.0587773052159015,-0.10532428394656,0.00811775910943337));
#5647=CARTESIAN_POINT('',(0.0585562401788547,-0.105493917029756,0.00810934035315963));
#5648=CARTESIAN_POINT('',(0.0584387723285839,-0.105585506260224,0.00810516966091259));
#5649=CARTESIAN_POINT('',(0.0582405966205461,-0.105741402777113,0.00809839571437746));
#5650=CARTESIAN_POINT('',(0.0579002832873258,-0.106014794022233,0.00808767202229579));
#5651=CARTESIAN_POINT('',(0.0573744147275176,-0.106454617720013,0.00807295983000036));
#5652=CARTESIAN_POINT('',(0.056819186623149,-0.106949184642178,0.00805927284361263));
#5653=CARTESIAN_POINT('',(0.0564089326476041,-0.1073350215666,0.008050157522332));
#5654=CARTESIAN_POINT('',(0.0561785532572112,-0.107557430917029,0.0080453343071269));
#5655=CARTESIAN_POINT('',(0.0559811519742827,-0.107752139133644,0.00804142423227842));
#5656=CARTESIAN_POINT('',(0.0558686928829783,-0.107865003570607,0.00803930516182204));
#5657=CARTESIAN_POINT('',(0.0556863286666547,-0.108049957459537,0.00803595504917798));
#5658=CARTESIAN_POINT('',(0.0553758300814359,-0.108372173558396,0.00803055198631208));
#5659=CARTESIAN_POINT('',(0.0549098180995942,-0.108877319452319,0.00802306389541901));
#5660=CARTESIAN_POINT('',(0.0544334520503482,-0.109428535744943,0.00801599779523945));
#5661=CARTESIAN_POINT('',(0.0540893075372472,-0.1098492281232,0.00801117332130743));
#5662=CARTESIAN_POINT('',(0.0538983089799454,-0.110088938246276,0.00800857588422763));
#5663=CARTESIAN_POINT('',(0.0537350899803906,-0.110298289983528,0.00800641165968499));
#5664=CARTESIAN_POINT('',(0.053645618632029,-0.110415072431072,0.00800526360801438));
#5665=CARTESIAN_POINT('',(0.0534994738461643,-0.110607755249765,0.00800344059609716));
#5666=CARTESIAN_POINT('',(0.0532536800787129,-0.110939312884247,0.00800052273174735));
#5667=CARTESIAN_POINT('',(0.0528910760612202,-0.111449760578911,0.00799652757972978));
#5668=CARTESIAN_POINT('',(0.0524538081548038,-0.112106335289605,0.00799200907655064));
#5669=CARTESIAN_POINT('',(0.0520145726709826,-0.112813000873303,0.00798761298026145));
#5670=CARTESIAN_POINT('',(0.0515783957411064,-0.113569625969011,0.00798330566155102));
#5671=CARTESIAN_POINT('',(0.0511486976245902,-0.114379226789099,0.00797909413217273));
#5672=CARTESIAN_POINT('',(0.050801668064041,-0.115094452982013,0.00797574524768005));
#5673=CARTESIAN_POINT('',(0.0505631231791118,-0.115625456716864,0.00797351660647129));
#5674=CARTESIAN_POINT('',(0.0504335429777103,-0.115924967798556,0.00797233313518237));
#5675=CARTESIAN_POINT('',(0.0503253343207958,-0.116183055670258,0.00797136812389567));
#5676=CARTESIAN_POINT('',(0.0502654464213738,-0.116329599378007,0.00797084398842677));
#5677=CARTESIAN_POINT('',(0.0501696398729961,-0.116567644309912,0.00797000930156898));
#5678=CARTESIAN_POINT('',(0.0500117953037201,-0.116973552033689,0.00796865195698841));
#5679=CARTESIAN_POINT('',(0.0497889234938583,-0.117585545952583,0.00796675579067921));
#5680=CARTESIAN_POINT('',(0.049536724923265,-0.118351954550498,0.00796458385502231));
#5681=CARTESIAN_POINT('',(0.0493004972850575,-0.119155858517571,0.00796247236467766));
#5682=CARTESIAN_POINT('',(0.0490839540213193,-0.119995420538943,0.00796041976651899));
#5683=CARTESIAN_POINT('',(0.0488899562869559,-0.120872273738044,0.00795842991851892));
#5684=CARTESIAN_POINT('',(0.0487504318469628,-0.121629081855449,0.00795685094527094));
#5685=CARTESIAN_POINT('',(0.0486647940789066,-0.122181223809882,0.00795578809080406));
#5686=CARTESIAN_POINT('',(0.0486210986150262,-0.12249006126592,0.00795521830938258));
#5687=CARTESIAN_POINT('',(0.0485865619946443,-0.12275482661696,0.00795474776513125));
#5688=CARTESIAN_POINT('',(0.0485685012170354,-0.122903280358568,0.00795449204987021));
#5689=CARTESIAN_POINT('',(0.048540431328572,-0.123144053019769,0.00795408408023341));
#5690=CARTESIAN_POINT('',(0.048497587336401,-0.123550970226231,0.00795341958490102));
#5691=CARTESIAN_POINT('',(0.0484463529437526,-0.12415555487603,0.0079524912322236));
#5692=CARTESIAN_POINT('',(0.0484051842482182,-0.124897579699096,0.00795143342553182));
#5693=CARTESIAN_POINT('',(0.0483787431427974,-0.125915455097688,0.00795007186250958));
#5694=CARTESIAN_POINT('',(0.0484038468995632,-0.127236365280682,0.00794844820560505));
#5695=CARTESIAN_POINT('',(0.0485413031449306,-0.12889399799498,0.00794659722148267));
#5696=CARTESIAN_POINT('',(0.0488004359455171,-0.130615008290304,0.00794485466622315));
#5697=CARTESIAN_POINT('',(0.0491966717128788,-0.132391149299075,0.00794325149708817));
#5698=CARTESIAN_POINT('',(0.0496500872336359,-0.133900200577666,0.00794206881547528));
#5699=CARTESIAN_POINT('',(0.0500437231953897,-0.134977786489036,0.0079413273725767));
#5700=CARTESIAN_POINT('',(0.0502830310063325,-0.135580099074938,0.00794093855890256));
#5701=CARTESIAN_POINT('',(0.0504929018005994,-0.13607654963252,0.00794063668920634));
#5702=CARTESIAN_POINT('',(0.0506391133568721,-0.136405606187572,0.00794043725063925));
#5703=CARTESIAN_POINT('',(0.0508670805484845,-0.136901201413151,0.00794012462122235));
#5704=CARTESIAN_POINT('',(0.0512772832088293,-0.137737695070099,0.00793958296024272));
#5705=CARTESIAN_POINT('',(0.0519346574153323,-0.138933690566643,0.00793880979188826));
#5706=CARTESIAN_POINT('',(0.0528270489605508,-0.140333112393981,0.00793802307365174));
#5707=CARTESIAN_POINT('',(0.0541614570806789,-0.14215024475965,0.00793725859400883));
#5708=CARTESIAN_POINT('',(0.0560924724992793,-0.144297155480062,0.00793695650429486));
#5709=CARTESIAN_POINT('',(0.058857711728533,-0.146621711629787,0.00793730682464456));
#5710=CARTESIAN_POINT('',(0.0619294293953648,-0.148525466984977,0.00793698081007264));
#5711=CARTESIAN_POINT('',(0.0645708195448728,-0.149690858407176,0.00793729040624198));
#5712=CARTESIAN_POINT('',(0.066712639411469,-0.150392263525345,0.00793805624576355));
#5713=CARTESIAN_POINT('',(0.0683196852486807,-0.150803906950619,0.0079388418711158));
#5714=CARTESIAN_POINT('',(0.0696601465796315,-0.151055724661692,0.00793961310234657));
#5715=CARTESIAN_POINT('',(0.0705820590295095,-0.151184785192857,0.00794015327602462));
#5716=CARTESIAN_POINT('',(0.0711236482986176,-0.151246961718052,0.0079404651626046));
#5717=CARTESIAN_POINT('',(0.0714813207792212,-0.151283332766924,0.00794066394355722));
#5718=CARTESIAN_POINT('',(0.0720189077110469,-0.151328141583466,0.00794096579507155));
#5719=CARTESIAN_POINT('',(0.0726660389025529,-0.151367906725913,0.00794135491544149));
#5720=CARTESIAN_POINT('',(0.0738131779985931,-0.151406246173768,0.00794209796733292));
#5721=CARTESIAN_POINT('',(0.075388963574586,-0.151366886422219,0.00794328527225971));
#5722=CARTESIAN_POINT('',(0.0772006879462727,-0.151189895644984,0.00794489618488462));
#5723=CARTESIAN_POINT('',(0.0789171014953028,-0.150899769678652,0.00794664752391074));
#5724=CARTESIAN_POINT('',(0.080535189936746,-0.150513779767438,0.00794850768545198));
#5725=CARTESIAN_POINT('',(0.0817981316033943,-0.15012600408293,0.00795013921224888));
#5726=CARTESIAN_POINT('',(0.0827569835493832,-0.149783720251888,0.00795150743380467));
#5727=CARTESIAN_POINT('',(0.0834491138376104,-0.149513417565326,0.00795257051312527));
#5728=CARTESIAN_POINT('',(0.0840075004612905,-0.149276391803475,0.00795350366008281));
#5729=CARTESIAN_POINT('',(0.0843806927063179,-0.149108933571643,0.00795417169317839));
#5730=CARTESIAN_POINT('',(0.0846006698952578,-0.149007263346222,0.00795458190211318));
#5731=CARTESIAN_POINT('',(0.084736030603831,-0.148943878119973,0.00795483897963374));
#5732=CARTESIAN_POINT('',(0.0849768745016422,-0.148828549226496,0.00795531233084924));
#5733=CARTESIAN_POINT('',(0.0852567105120061,-0.148690799615415,0.00795588536063101));
#5734=CARTESIAN_POINT('',(0.0857546656551524,-0.148437383863082,0.00795695413251528));
#5735=CARTESIAN_POINT('',(0.086430260294896,-0.148069016310021,0.00795854135106937));
#5736=CARTESIAN_POINT('',(0.0872028933310611,-0.1476115228399,0.00796054085362208));
#5737=CARTESIAN_POINT('',(0.0879330215060114,-0.147144267736723,0.00796260278791273));
#5738=CARTESIAN_POINT('',(0.0886230910544944,-0.146669466076434,0.00796472343740499));
#5739=CARTESIAN_POINT('',(0.0892725232527695,-0.146191216609455,0.0079669046026234));
#5740=CARTESIAN_POINT('',(0.0897843606197863,-0.145788973734658,0.0079688088532685));
#5741=CARTESIAN_POINT('',(0.0901207262463563,-0.14551266266415,0.00797017226348537));
#5742=CARTESIAN_POINT('',(0.0903169262085762,-0.145347593125584,0.00797101060726878));
#5743=CARTESIAN_POINT('',(0.0904375508695596,-0.145245004534754,0.00797153749008765));
#5744=CARTESIAN_POINT('',(0.090648554064355,-0.145062241459843,0.00797250567706589));
#5745=CARTESIAN_POINT('',(0.0908923150454855,-0.144846242070196,0.0079736955317668));
#5746=CARTESIAN_POINT('',(0.0913217217720615,-0.14445497664205,0.00797593940159138));
#5747=CARTESIAN_POINT('',(0.0918922654946111,-0.143903489359108,0.00797931959951265));
#5748=CARTESIAN_POINT('',(0.0925268072384019,-0.143244152572032,0.00798357568977106));
#5749=CARTESIAN_POINT('',(0.0931092633628397,-0.142594997632837,0.00798792676979588));
#5750=CARTESIAN_POINT('',(0.093643532358379,-0.141958317062631,0.0079923582326965));
#5751=CARTESIAN_POINT('',(0.0941310372860277,-0.14133889626722,0.00799689657954817));
#5752=CARTESIAN_POINT('',(0.0945031262964871,-0.140835671460613,0.0080008891753892));
#5753=CARTESIAN_POINT('',(0.0947417124514614,-0.140498924383546,0.00800379303517886));
#5754=CARTESIAN_POINT('',(0.0948793217284843,-0.14030011230039,0.00800560311310423));
#5755=CARTESIAN_POINT('',(0.0949625572209458,-0.140178599401178,0.00800674181932226));
#5756=CARTESIAN_POINT('',(0.095110426352422,-0.139958773433227,0.00800888499751502));
#5757=CARTESIAN_POINT('',(0.0952785816183911,-0.139703001224802,0.00801147140437256));
#5758=CARTESIAN_POINT('',(0.0955709290054798,-0.1392456315732,0.00801629690618742));
#5759=CARTESIAN_POINT('',(0.0959462886378848,-0.138621902007947,0.00802341852311965));
#5760=CARTESIAN_POINT('',(0.0962812884860297,-0.138022065956116,0.00803099192737268));
#5761=CARTESIAN_POINT('',(0.0964910452054092,-0.137626498154304,0.00803645487657318));
#5762=CARTESIAN_POINT('',(0.096610064508194,-0.1373957006463,0.0080398336387571));
#5763=CARTESIAN_POINT('',(0.0966826919437135,-0.137253010423409,0.00804197979237039));
#5764=CARTESIAN_POINT('',(0.096805342680143,-0.137006816941415,0.00804588530731312));
#5765=CARTESIAN_POINT('',(0.0969442784741641,-0.136720340008808,0.00805071379470779));
#5766=CARTESIAN_POINT('',(0.0971819281212989,-0.13621366919192,0.00805983363019876));
#5767=CARTESIAN_POINT('',(0.0974777850055525,-0.135536109450147,0.00807353766808962));
#5768=CARTESIAN_POINT('',(0.097731013141077,-0.134903540560274,0.00808825193683377));
#5769=CARTESIAN_POINT('',(0.0978846574176688,-0.134496706973861,0.00809900241166726));
#5770=CARTESIAN_POINT('',(0.0979705659426945,-0.134262103994883,0.00810574240974322));
#5771=CARTESIAN_POINT('',(0.0980219737546616,-0.134119725574818,0.00811001735786379));
#5772=CARTESIAN_POINT('',(0.0981102505552927,-0.133869412697824,0.00811803628135586));
#5773=CARTESIAN_POINT('',(0.0982082670849847,-0.133583203271233,0.00812781073549192));
#5774=CARTESIAN_POINT('',(0.0983265562385879,-0.133225202130927,0.00814102707637102));
#5775=CARTESIAN_POINT('',(0.0984301712655149,-0.13289661578772,0.00815451165945145));
#5776=CARTESIAN_POINT('',(0.098510087232355,-0.13263487101492,0.00816631523584746));
#5777=CARTESIAN_POINT('',(0.0985590319446823,-0.132471968942586,0.00817401997093858));
#5778=CARTESIAN_POINT('',(0.0986355534409446,-0.132211509798724,0.00818742432977176));
#5779=CARTESIAN_POINT('',(0.0987215165164146,-0.131911149363065,0.00820437891216901));
#5780=CARTESIAN_POINT('',(0.0988244273552102,-0.131540515246299,0.0082276087328107));
#5781=CARTESIAN_POINT('',(0.0989143213761141,-0.131205966718344,0.00825144122293379));
#5782=CARTESIAN_POINT('',(0.098984769259604,-0.130939920300953,0.00827270943974679));
#5783=CARTESIAN_POINT('',(0.0990259741742608,-0.130783362442278,0.00828576949076334));
#5784=CARTESIAN_POINT('',(0.0991003246352,-0.130500408638415,0.00831244376252015));
#5785=CARTESIAN_POINT('',(0.0991842789042407,-0.130182528354296,0.00834673251457282));
#5786=CARTESIAN_POINT('',(0.0992899167251806,-0.129789846992664,0.00839453578690959));
#5787=CARTESIAN_POINT('',(0.0993894947141348,-0.12943749149345,0.00844289926926772));
#5788=CARTESIAN_POINT('',(0.0994734653413858,-0.129159683354316,0.00848432923516904));
#5789=CARTESIAN_POINT('',(0.0995262161765703,-0.12899079778981,0.00851016155444137));
#5790=CARTESIAN_POINT('',(0.099620694245636,-0.128710530166862,0.0085574819551389));
#5791=CARTESIAN_POINT('',(0.0997117318579122,-0.128466888236327,0.00860242305819988));
#5792=CARTESIAN_POINT('',(0.0998159614028203,-0.128212713986983,0.00864905225873348));
#5793=CARTESIAN_POINT('',(0.0999190144085055,-0.127982078883472,0.00868981568337765));
#5794=CARTESIAN_POINT('',(0.100069138521895,-0.127678338252348,0.00873574294529205));
#5795=CARTESIAN_POINT('',(0.100270207331047,-0.12731795204511,0.00877814859903925));
#5796=CARTESIAN_POINT('',(0.100445090123553,-0.12705099020543,0.00879602462458241));
#5797=CARTESIAN_POINT('',(0.100574624969831,-0.126873393761313,0.00879687784974188));
#5798=CARTESIAN_POINT('',(0.0646742309786173,-0.100808727336728,0.00879687784974188));
#5799=CARTESIAN_POINT('',(0.100574624969831,-0.126873393761313,0.00879687784974188));
#5800=CARTESIAN_POINT('',(0.100574624969831,-0.126873393761313,0.00879687784974188));
#5801=CARTESIAN_POINT('',(0.100705394906094,-0.1266922190332,0.00879577669826315));
#5802=CARTESIAN_POINT('',(0.100908806862179,-0.126439106073523,0.00877725730830969));
#5803=CARTESIAN_POINT('',(0.101194612469244,-0.126131855951424,0.00873389012605191));
#5804=CARTESIAN_POINT('',(0.101445019633909,-0.125888811562501,0.00868609346598374));
#5805=CARTESIAN_POINT('',(0.101629948395001,-0.125722805546057,0.00864555959094107));
#5806=CARTESIAN_POINT('',(0.101839534878336,-0.125545693936519,0.00859880937696373));
#5807=CARTESIAN_POINT('',(0.102042418926511,-0.125384920551983,0.00855402085505558));
#5808=CARTESIAN_POINT('',(0.102278575478554,-0.125209759669847,0.00850718692223546));
#5809=CARTESIAN_POINT('',(0.102423383741185,-0.125107227793367,0.00848147766216212));
#5810=CARTESIAN_POINT('',(0.102661652679454,-0.124941714425194,0.00844032065275625));
#5811=CARTESIAN_POINT('',(0.102966321980773,-0.12473795572997,0.00839221311013211));
#5812=CARTESIAN_POINT('',(0.103306548923371,-0.124516373587216,0.00834474253901325));
#5813=CARTESIAN_POINT('',(0.103583961042791,-0.124337413598695,0.00831054278838469));
#5814=CARTESIAN_POINT('',(0.103826511595681,-0.124181323471722,0.00828438846815121));
#5815=CARTESIAN_POINT('',(0.103975480020191,-0.124085335809553,0.00827009583706599));
#5816=CARTESIAN_POINT('',(0.1042193684886,-0.123927548660791,0.00824774988913042));
#5817=CARTESIAN_POINT('',(0.104459814498074,-0.123770677678145,0.00822804755915599));
#5818=CARTESIAN_POINT('',(0.104736330150674,-0.123587436155444,0.00820788713162545));
#5819=CARTESIAN_POINT('',(0.104951064082836,-0.123443575940857,0.00819352020919495));
#5820=CARTESIAN_POINT('',(0.105313006059787,-0.123197844272846,0.00817159007258896));
#5821=CARTESIAN_POINT('',(0.105778204433076,-0.12287179404248,0.00814762264500468));
#5822=CARTESIAN_POINT('',(0.106219958535919,-0.122547086244778,0.00812806319918607));
#5823=CARTESIAN_POINT('',(0.106471550732531,-0.122357837151494,0.00811775910943635));
#5824=CARTESIAN_POINT('',(0.106692615769595,-0.122188204068284,0.00810934035315942));
#5825=CARTESIAN_POINT('',(0.106810083619874,-0.12209661483781,0.00810516966091031));
#5826=CARTESIAN_POINT('',(0.107008259327923,-0.121940718320912,0.008098395714372));
#5827=CARTESIAN_POINT('',(0.107348572661158,-0.121667327075779,0.00808767202228516));
#5828=CARTESIAN_POINT('',(0.107874441220973,-0.121227503377991,0.00807295982998408));
#5829=CARTESIAN_POINT('',(0.108429669325335,-0.12073293645583,0.00805927284359672));
#5830=CARTESIAN_POINT('',(0.108839923300861,-0.120347099531425,0.00805015752232198));
#5831=CARTESIAN_POINT('',(0.10907030269125,-0.120124690181,0.00804533430712166));
#5832=CARTESIAN_POINT('',(0.109267703974151,-0.119929981964412,0.00804142423227915));
#5833=CARTESIAN_POINT('',(0.109380163065516,-0.119817117527388,0.00803930516182453));
#5834=CARTESIAN_POINT('',(0.10956252728188,-0.119632163638416,0.00803595504918288));
#5835=CARTESIAN_POINT('',(0.109873025867165,-0.119309947539486,0.00803055198631822));
#5836=CARTESIAN_POINT('',(0.110339037849033,-0.118804801645522,0.00802306389542219));
#5837=CARTESIAN_POINT('',(0.110815403898243,-0.118253585352927,0.00801599779523824));
#5838=CARTESIAN_POINT('',(0.111159548411278,-0.117832892974746,0.00801117332130561));
#5839=CARTESIAN_POINT('',(0.111350546968546,-0.11759318285171,0.00800857588422626));
#5840=CARTESIAN_POINT('',(0.111513765968035,-0.117383831114542,0.00800641165968535));
#5841=CARTESIAN_POINT('',(0.111603237316465,-0.11726704866691,0.00800526360801435));
#5842=CARTESIAN_POINT('',(0.111749382102369,-0.117074365848164,0.00800344059609672));
#5843=CARTESIAN_POINT('',(0.1119951758699,-0.11674280821357,0.0080005227317448));
#5844=CARTESIAN_POINT('',(0.112357779887463,-0.116232360518791,0.00799652757972182));
#5845=CARTESIAN_POINT('',(0.112795047793924,-0.115575785808003,0.00799200907653428));
#5846=CARTESIAN_POINT('',(0.113234283277748,-0.114869120224267,0.00798761298023721));
#5847=CARTESIAN_POINT('',(0.113670460207591,-0.114112495128578,0.00798330566152179));
#5848=CARTESIAN_POINT('',(0.114100158324044,-0.113302894308574,0.00797909413214389));
#5849=CARTESIAN_POINT('',(0.114447187884525,-0.112587668115773,0.00797574524765792));
#5850=CARTESIAN_POINT('',(0.114685732769392,-0.112056664381051,0.00797351660645869));
#5851=CARTESIAN_POINT('',(0.11481531297077,-0.11175715329941,0.00797233313517621));
#5852=CARTESIAN_POINT('',(0.11492352162763,-0.111499065427837,0.00797136812389638));
#5853=CARTESIAN_POINT('',(0.114983409527132,-0.111352521719893,0.00797084398843033));
#5854=CARTESIAN_POINT('',(0.115079216075562,-0.111114476787853,0.00797000930157678));
#5855=CARTESIAN_POINT('',(0.115237060644933,-0.110708569063813,0.00796865195700131));
#5856=CARTESIAN_POINT('',(0.115459932454874,-0.110096575144645,0.00796675579069516));
#5857=CARTESIAN_POINT('',(0.115712131025504,-0.109330166546519,0.00796458385503659));
#5858=CARTESIAN_POINT('',(0.115948358663694,-0.108526262579368,0.00796247236468714));
#5859=CARTESIAN_POINT('',(0.116164901927377,-0.107686700558053,0.00796041976652253));
#5860=CARTESIAN_POINT('',(0.116358899661661,-0.10680984735915,0.00795842991851739));
#5861=CARTESIAN_POINT('',(0.116498424101579,-0.106053039242027,0.00795685094526751));
#5862=CARTESIAN_POINT('',(0.116584061869586,-0.105500897287857,0.00795578809080152));
#5863=CARTESIAN_POINT('',(0.11662775733344,-0.105192059831983,0.00795521830938114));
#5864=CARTESIAN_POINT('',(0.116662293953803,-0.104927294481087,0.00795474776513128));
#5865=CARTESIAN_POINT('',(0.116680354731399,-0.104778840739587,0.0079544920498713));
#5866=CARTESIAN_POINT('',(0.116708424619847,-0.104538068078535,0.0079540840802363));
#5867=CARTESIAN_POINT('',(0.116751268611997,-0.104131150872317,0.00795341958490748));
#5868=CARTESIAN_POINT('',(0.116802503004634,-0.103526566222834,0.00795249123223644));
#5869=CARTESIAN_POINT('',(0.11684367170018,-0.10278454140009,0.00795143342555368));
#5870=CARTESIAN_POINT('',(0.116870112805643,-0.101766666001848,0.00795007186254452));
#5871=CARTESIAN_POINT('',(0.11684500904897,-0.100445755819144,0.00794844820565685));
#5872=CARTESIAN_POINT('',(0.116707552803736,-0.0987881231049512,0.00794659722155086));
#5873=CARTESIAN_POINT('',(0.116448420003262,-0.0970671128094941,0.00794485466629912));
#5874=CARTESIAN_POINT('',(0.116052184235941,-0.0952909718003518,0.00794325149715892));
#5875=CARTESIAN_POINT('',(0.115598768715122,-0.0937819205212843,0.0079420688155273));
#5876=CARTESIAN_POINT('',(0.115205132753236,-0.0927043346094687,0.00794132737260596));
#5877=CARTESIAN_POINT('',(0.114965824942212,-0.0921020220233353,0.00794093855891641));
#5878=CARTESIAN_POINT('',(0.114755954147816,-0.091605571465444,0.00794063668920551));
#5879=CARTESIAN_POINT('',(0.114609742591611,-0.0912765149105477,0.00794043725062861));
#5880=CARTESIAN_POINT('',(0.11438177540002,-0.0907809196850076,0.00794012462119808));
#5881=CARTESIAN_POINT('',(0.113971572739745,-0.0899444260281866,0.00793958296019769));
#5882=CARTESIAN_POINT('',(0.113314198533321,-0.0887484305317421,0.0079388097918201));
#5883=CARTESIAN_POINT('',(0.112421806988174,-0.0873490087044679,0.00793802307356709));
#5884=CARTESIAN_POINT('',(0.111087398868158,-0.0855318763388327,0.00793725859391782));
#5885=CARTESIAN_POINT('',(0.10915638344916,-0.0833849656180785,0.00793695650421953));
#5886=CARTESIAN_POINT('',(0.106391144221179,-0.0810604094689683,0.00793730682465102));
#5887=CARTESIAN_POINT('',(0.103319426548037,-0.0791566541101111,0.00793698081012261));
#5888=CARTESIAN_POINT('',(0.100678036397455,-0.0779912626885069,0.00793729040626072));
#5889=CARTESIAN_POINT('',(0.0985362165311182,-0.0772898575710012,0.00793805624575724));
#5890=CARTESIAN_POINT('',(0.0969291706949913,-0.0768782141463972,0.00793884187109529));
#5891=CARTESIAN_POINT('',(0.0955887093655897,-0.0766263964358439,0.00793961310232458));
#5892=CARTESIAN_POINT('',(0.0946667969172513,-0.0764973359049735,0.00794015327601003));
#5893=CARTESIAN_POINT('',(0.0941252076489962,-0.0764351593799047,0.00794046516259739));
#5894=CARTESIAN_POINT('',(0.0937675351694538,-0.0763987883311401,0.00794066394355636));
#5895=CARTESIAN_POINT('',(0.0932299482373285,-0.0763539795145688,0.00794096579508201));
#5896=CARTESIAN_POINT('',(0.0925828170458992,-0.0763142143721309,0.00794135491546395));
#5897=CARTESIAN_POINT('',(0.0914356779497747,-0.0762758749242723,0.00794209796737451));
#5898=CARTESIAN_POINT('',(0.0898598923737859,-0.0763152346758303,0.00794328527232027));
#5899=CARTESIAN_POINT('',(0.0880481680020688,-0.0764922254530738,0.00794489618495665));
#5900=CARTESIAN_POINT('',(0.0863317544530361,-0.0767823514194146,0.00794664752398392));
#5901=CARTESIAN_POINT('',(0.0847136660116004,-0.0771683413306337,0.0079485076855173));
#5902=CARTESIAN_POINT('',(0.0834507243449703,-0.0775561170151411,0.00795013921230123));
#5903=CARTESIAN_POINT('',(0.0824918723990018,-0.0778984008461785,0.00795150743384342));
#5904=CARTESIAN_POINT('',(0.0817997421107926,-0.078168703532735,0.00795257051315241));
#5905=CARTESIAN_POINT('',(0.0812413554871305,-0.0784057292945795,0.0079535036600991));
#5906=CARTESIAN_POINT('',(0.0808681632421155,-0.0785731875264054,0.00795417169318673));
#5907=CARTESIAN_POINT('',(0.0806481860531852,-0.0786748577518226,0.00795458190211666));
#5908=CARTESIAN_POINT('',(0.0805128253446134,-0.0787382429780707,0.00795483897963407));
#5909=CARTESIAN_POINT('',(0.0802719814468262,-0.078853571871536,0.00795531233084412));
#5910=CARTESIAN_POINT('',(0.079992145436484,-0.078991321482605,0.00795588536062011));
#5911=CARTESIAN_POINT('',(0.0794941902933749,-0.0792447372349181,0.00795695413249541));
#5912=CARTESIAN_POINT('',(0.0788185956536688,-0.0796131047879537,0.00795854135104081));
#5913=CARTESIAN_POINT('',(0.0780459626175293,-0.0800705982580533,0.0079605408535886));
#5914=CARTESIAN_POINT('',(0.0773158344425847,-0.0805378533612192,0.0079626027878792));
#5915=CARTESIAN_POINT('',(0.0766257648940896,-0.0810126550215099,0.00796472343737549));
#5916=CARTESIAN_POINT('',(0.0759763326957852,-0.0814909044885046,0.00796690460260123));
#5917=CARTESIAN_POINT('',(0.0754644953287308,-0.0818931473633275,0.00796880885325472));
#5918=CARTESIAN_POINT('',(0.0751281297021288,-0.0821694584338601,0.00797017226347818));
#5919=CARTESIAN_POINT('',(0.0749319297398877,-0.0823345279724442,0.00797101060726573));
#5920=CARTESIAN_POINT('',(0.0748113050788912,-0.0824371165632857,0.00797153749008732));
#5921=CARTESIAN_POINT('',(0.0746003018840678,-0.0826198796382207,0.00797250567707019));
#5922=CARTESIAN_POINT('',(0.0743565409029085,-0.0828358790278948,0.0079736955317758));
#5923=CARTESIAN_POINT('',(0.0739271341762862,-0.0832271444560851,0.00797593940160731));
#5924=CARTESIAN_POINT('',(0.0733565904536905,-0.08377863173908,0.00797931959953411));
#5925=CARTESIAN_POINT('',(0.0727220487098708,-0.0844379685261979,0.00798357568979399));
#5926=CARTESIAN_POINT('',(0.0721395925854289,-0.0850871234654118,0.00798792676981641));
#5927=CARTESIAN_POINT('',(0.0716053235899072,-0.0857238040356103,0.00799235823271219));
#5928=CARTESIAN_POINT('',(0.0711178186622956,-0.0863432248309865,0.00799689657955789));
#5929=CARTESIAN_POINT('',(0.0707457296518807,-0.0868464496375399,0.00800088917539411));
#5930=CARTESIAN_POINT('',(0.0705071434969454,-0.0871831967145545,0.00800379303518099));
#5931=CARTESIAN_POINT('',(0.0703695342199444,-0.0873820087976805,0.00800560311310506));
#5932=CARTESIAN_POINT('',(0.070286298727506,-0.0875035216968584,0.00800674181932224));
#5933=CARTESIAN_POINT('',(0.0701384295960314,-0.0877233476648066,0.0080088849975143));
#5934=CARTESIAN_POINT('',(0.0699702743300702,-0.0879791198732194,0.0080114714043712));
#5935=CARTESIAN_POINT('',(0.069677926942989,-0.0884364895248087,0.00801629690618553));
#5936=CARTESIAN_POINT('',(0.069302567310588,-0.0890602190900522,0.00802341852311825));
#5937=CARTESIAN_POINT('',(0.0689675674624377,-0.0896600551418905,0.00803099192737228));
#5938=CARTESIAN_POINT('',(0.0687578107430491,-0.0900556229437179,0.00803645487657322));
#5939=CARTESIAN_POINT('',(0.0686387914402601,-0.0902864204517299,0.00803983363875715));
#5940=CARTESIAN_POINT('',(0.0685661640047313,-0.0904291106746397,0.00804197979237049));
#5941=CARTESIAN_POINT('',(0.068443513268313,-0.0906753041566108,0.00804588530731256));
#5942=CARTESIAN_POINT('',(0.0683045774742978,-0.0909617810892045,0.00805071379470707));
#5943=CARTESIAN_POINT('',(0.0680669278271732,-0.0914684519060694,0.00805983363019843));
#5944=CARTESIAN_POINT('',(0.0677710709429222,-0.0921460116478308,0.00807353766809138));
#5945=CARTESIAN_POINT('',(0.0675178428073916,-0.0927785805377138,0.00808825193683683));
#5946=CARTESIAN_POINT('',(0.0673641985307901,-0.0931854141241518,0.00809900241166967));
#5947=CARTESIAN_POINT('',(0.0672782900057597,-0.0934200171031416,0.00810574240974439));
#5948=CARTESIAN_POINT('',(0.0672268821937832,-0.0935623955232334,0.0081100173578642));
#5949=CARTESIAN_POINT('',(0.0671386053931633,-0.0938127084001957,0.00811803628135291));
#5950=CARTESIAN_POINT('',(0.0670405888634754,-0.0940989178267737,0.0081278107354877));
#5951=CARTESIAN_POINT('',(0.0669222997098753,-0.0944569189670688,0.00814102707636721));
#5952=CARTESIAN_POINT('',(0.0668186846829441,-0.0947855053102869,0.00815451165944974));
#5953=CARTESIAN_POINT('',(0.0667387687160996,-0.0950472500830999,0.00816631523584692));
#5954=CARTESIAN_POINT('',(0.0666898240037635,-0.0952101521554641,0.00817401997093911));
#5955=CARTESIAN_POINT('',(0.0666133025075073,-0.0954706112993056,0.00818742432977036));
#5956=CARTESIAN_POINT('',(0.0665273394320386,-0.0957709717349593,0.00820437891216749));
#5957=CARTESIAN_POINT('',(0.0664244285932445,-0.0961416058517183,0.00822760873280989));
#5958=CARTESIAN_POINT('',(0.0663345345723386,-0.0964761543796801,0.00825144122293427));
#5959=CARTESIAN_POINT('',(0.066264086688847,-0.0967422007970775,0.00827270943974722));
#5960=CARTESIAN_POINT('',(0.0662228817741859,-0.0968987586557694,0.00828576949076398));
#5961=CARTESIAN_POINT('',(0.0661485313132515,-0.0971817124596159,0.00831244376251709));
#5962=CARTESIAN_POINT('',(0.0660645770442125,-0.0974995927437286,0.00834673251456905));
#5963=CARTESIAN_POINT('',(0.0659589392232735,-0.0978922741053562,0.00839453578690718));
#5964=CARTESIAN_POINT('',(0.065859361234318,-0.0982446296045734,0.0084428992692677));
#5965=CARTESIAN_POINT('',(0.065775390607064,-0.0985224377437179,0.0084843292351699));
#5966=CARTESIAN_POINT('',(0.0657226397718799,-0.0986913233082248,0.00851016155444114));
#5967=CARTESIAN_POINT('',(0.0656281617028026,-0.0989715909312138,0.00855748195513899));
#5968=CARTESIAN_POINT('',(0.0655371240905267,-0.0992152328617519,0.00860242305819488));
#5969=CARTESIAN_POINT('',(0.0654328945456183,-0.0994694071110932,0.00864905225872672));
#5970=CARTESIAN_POINT('',(0.0653298415399518,-0.0997000422145515,0.00868981568337448));
#5971=CARTESIAN_POINT('',(0.0651797174265266,-0.100003782845732,0.00873574294531156));
#5972=CARTESIAN_POINT('',(0.0649786486173682,-0.100364169052975,0.00877814859905155));
#5973=CARTESIAN_POINT('',(0.0648037658248759,-0.100631130892639,0.00879602462458255));
#5974=CARTESIAN_POINT('',(0.0646742309786173,-0.100808727336728,0.00879687784974188));
#5975=CARTESIAN_POINT('',(0.138033422965266,-0.0718552890192709,0.0127));
#5976=CARTESIAN_POINT('',(0.138033422965266,-0.0718552890192709,0.0079375));
#5977=CARTESIAN_POINT('',(0.138033422965266,-0.0329820396252582,0.0079375));
#5978=CARTESIAN_POINT('',(0.138033422965266,-0.110728538413284,0.0079375));
#5979=CARTESIAN_POINT('',(0.138033422965266,-0.110728538413284,0.0127));
#5980=CARTESIAN_POINT('',(0.138033422965266,-0.110728538413284,0.0111125));
#5981=CARTESIAN_POINT('',(0.138033422965266,-0.0313945396252582,0.0111125));
#5982=CARTESIAN_POINT('',(0.138033422965266,-0.0329820396252582,0.0111125));
#5983=CARTESIAN_POINT('',(0.138033422965266,-0.0329820396252582,0.00635));
#5984=CARTESIAN_POINT('',(0.144385722246588,-0.112316038413284,0.0127));
#5985=CARTESIAN_POINT('',(0.144385722246588,-0.112316038413284,0.0079375));
#5986=CARTESIAN_POINT('',(0.139620922965266,-0.112316038413284,0.0079375));
#5987=CARTESIAN_POINT('',(0.149150521527909,-0.112316038413284,0.0079375));
#5988=CARTESIAN_POINT('',(0.149150521527909,-0.112316038413284,0.0127));
#5989=CARTESIAN_POINT('',(0.149150521527909,-0.112316038413284,0.0111125));
#5990=CARTESIAN_POINT('',(0.138033422965266,-0.112316038413284,0.0111125));
#5991=CARTESIAN_POINT('',(0.139620922965266,-0.112316038413284,0.0111125));
#5992=CARTESIAN_POINT('',(0.139620922965266,-0.112316038413284,0.0127));
#5993=CARTESIAN_POINT('',(0.15073802152791,-0.0718552890192709,0.0127));
#5994=CARTESIAN_POINT('',(0.15073802152791,-0.0718552890192709,0.0111125));
#5995=CARTESIAN_POINT('',(0.15073802152791,-0.0329820396252582,0.0111125));
#5996=CARTESIAN_POINT('',(0.15073802152791,-0.110728538413284,0.0111125));
#5997=CARTESIAN_POINT('',(0.15073802152791,-0.110728538413284,0.00635));
#5998=CARTESIAN_POINT('',(0.15073802152791,-0.110728538413284,0.0079375));
#5999=CARTESIAN_POINT('',(0.15073802152791,-0.0313945396252582,0.0079375));
#6000=CARTESIAN_POINT('',(0.15073802152791,-0.0329820396252582,0.0079375));
#6001=CARTESIAN_POINT('',(0.15073802152791,-0.0329820396252582,0.0127));
#6002=CARTESIAN_POINT('',(0.144385722246588,-0.0313945396252582,0.0127));
#6003=CARTESIAN_POINT('',(0.144385722246588,-0.0313945396252582,0.0111125));
#6004=CARTESIAN_POINT('',(0.139620922965266,-0.0313945396252582,0.0111125));
#6005=CARTESIAN_POINT('',(0.149150521527909,-0.0313945396252582,0.0111125));
#6006=CARTESIAN_POINT('',(0.149150521527909,-0.0313945396252582,0.0127));
#6007=CARTESIAN_POINT('',(0.149150521527909,-0.0313945396252582,0.0079375));
#6008=CARTESIAN_POINT('',(0.138033422965266,-0.0313945396252582,0.0079375));
#6009=CARTESIAN_POINT('',(0.139620922965266,-0.0313945396252582,0.0079375));
#6010=CARTESIAN_POINT('',(0.139620922965266,-0.0313945396252582,0.0127));
#6011=CARTESIAN_POINT('',(0.0180443341125387,-0.191126232898415,0.00635));
#6012=CARTESIAN_POINT('',(0.0263523420864736,-0.191126232898415,0.0047625));
#6013=CARTESIAN_POINT('',(0.190529016977649,-0.191126232898415,0.0047625));
#6014=CARTESIAN_POINT('',(0.0279398420864735,-0.191126232898415,0.0047625));
#6015=CARTESIAN_POINT('',(0.0279398420864735,-0.191126232898415,0.00635));
#6016=CARTESIAN_POINT('',(0.0279398420864735,-0.191126232898415,0.0015875));
#6017=CARTESIAN_POINT('',(0.0180443341125387,-0.191126232898415,0.0015875));
#6018=CARTESIAN_POINT('',(0.190529016977649,-0.191126232898415,0.0015875));
#6019=CARTESIAN_POINT('',(0.190529016977649,-0.191126232898415,0.00635));
#6020=CARTESIAN_POINT('',(0.0263523420864736,0.0339305983096187,0.127));
#6021=CARTESIAN_POINT('',(0.0263523420864736,-0.189538732898415,0.127));
#6022=CARTESIAN_POINT('',(0.0263523420864736,-0.189538732898415,0.0015875));
#6023=CARTESIAN_POINT('',(0.0263523420864736,-0.189538732898415,0.0047625));
#6024=CARTESIAN_POINT('',(0.0263523420864736,-0.00809521211709319,0.0047625));
#6025=CARTESIAN_POINT('',(0.0263523420864736,0.0339305983096187,0.0015875));
#6026=CARTESIAN_POINT('',(0.0180443341125387,-0.00588783546930824,0.));
#6027=CARTESIAN_POINT('',(0.0279398420864735,-0.00588783546930824,0.));
#6028=CARTESIAN_POINT('',(0.0279398420864735,-0.189538732898415,0.));
#6029=CARTESIAN_POINT('',(0.0279398420864735,-0.00968271211709319,0.));
#6030=CARTESIAN_POINT('',(0.192116516977649,-0.00968271211709319,0.));
#6031=CARTESIAN_POINT('',(0.190529016977649,-0.00968271211709319,0.));
#6032=CARTESIAN_POINT('',(0.190529016977649,-0.191126232898415,0.));
#6033=CARTESIAN_POINT('',(0.190529016977649,-0.189538732898415,0.));
#6034=CARTESIAN_POINT('',(0.0180443341125387,-0.189538732898415,0.));
#6035=CARTESIAN_POINT('',(0.192116516977649,-0.00588783546930824,0.00635));
#6036=CARTESIAN_POINT('',(0.192116516977649,-0.00809521211709319,0.0015875));
#6037=CARTESIAN_POINT('',(0.192116516977649,-0.189538732898415,0.0015875));
#6038=CARTESIAN_POINT('',(0.192116516977649,-0.00968271211709319,0.0015875));
#6039=CARTESIAN_POINT('',(0.192116516977649,-0.00968271211709319,0.00635));
#6040=CARTESIAN_POINT('',(0.192116516977649,-0.00968271211709319,0.0047625));
#6041=CARTESIAN_POINT('',(0.192116516977649,-0.00588783546930824,0.0047625));
#6042=CARTESIAN_POINT('',(0.192116516977649,-0.189538732898415,0.0047625));
#6043=CARTESIAN_POINT('',(0.192116516977649,-0.189538732898415,0.));
#6044=CARTESIAN_POINT('',(0.0782944909152087,-0.0336606249753317,0.00635));
#6045=CARTESIAN_POINT('',(0.0953777490391919,-0.0217996501585112,0.00891771990611042));
#6046=CARTESIAN_POINT('',(0.0952682223946615,-0.0216417254825618,0.00891786396241178));
#6047=CARTESIAN_POINT('',(0.0950728695262225,-0.0213330622443593,0.00890089344327885));
#6048=CARTESIAN_POINT('',(0.0948153566155524,-0.0208190604363957,0.00883086195447146));
#6049=CARTESIAN_POINT('',(0.0946771758949201,-0.0204723098598595,0.00876680672782943));
#6050=CARTESIAN_POINT('',(0.094575268389257,-0.0201789946125039,0.0087110203744226));
#6051=CARTESIAN_POINT('',(0.0944993748871344,-0.0199295903025638,0.00866304274554796));
#6052=CARTESIAN_POINT('',(0.0944581740090781,-0.0197793165762042,0.00863503442489437));
#6053=CARTESIAN_POINT('',(0.0943954112457955,-0.019534585575047,0.00859107394914761));
#6054=CARTESIAN_POINT('',(0.0943263180287413,-0.0192277318507287,0.008539328014861));
#6055=CARTESIAN_POINT('',(0.09425936977536,-0.0188878321330111,0.00848721505892659));
#6056=CARTESIAN_POINT('',(0.0942099574390192,-0.0186171405429341,0.00844892782944819));
#6057=CARTESIAN_POINT('',(0.09416674204712,-0.0183682525552985,0.00841645843552546));
#6058=CARTESIAN_POINT('',(0.0941485387250171,-0.0182597392024906,0.0084034856986531));
#6059=CARTESIAN_POINT('',(0.0941149238590861,-0.0180574097376113,0.0083803016826874));
#6060=CARTESIAN_POINT('',(0.0940584144582973,-0.0177089014642211,0.00834438829193961));
#6061=CARTESIAN_POINT('',(0.0939675822666054,-0.0171448274146847,0.00829467381544152));
#6062=CARTESIAN_POINT('',(0.0938611948201508,-0.0165186064510711,0.00824893406903215));
#6063=CARTESIAN_POINT('',(0.0937720557758098,-0.0160345558903605,0.00821921021713668));
#6064=CARTESIAN_POINT('',(0.093719402760835,-0.0157600527424713,0.00820396001517355));
#6065=CARTESIAN_POINT('',(0.0936704646489795,-0.015513945121095,0.00819160410095779));
#6066=CARTESIAN_POINT('',(0.0936464526423233,-0.0153966210275469,0.00818617954384446));
#6067=CARTESIAN_POINT('',(0.0936034290585469,-0.015189294366537,0.00817680019953657));
#6068=CARTESIAN_POINT('',(0.0935272036772328,-0.0148352984650526,0.00816197341246688));
#6069=CARTESIAN_POINT('',(0.0934006913048082,-0.0142852256816969,0.00814141428714737));
#6070=CARTESIAN_POINT('',(0.0932471241932123,-0.0136853040882831,0.00812216857055297));
#6071=CARTESIAN_POINT('',(0.0931117351281854,-0.0131954429512452,0.00810813467020441));
#6072=CARTESIAN_POINT('',(0.0929858131453935,-0.0127670867959443,0.00809714232259561));
#6073=CARTESIAN_POINT('',(0.0929061993574672,-0.0125091434636383,0.00809116660884544));
#6074=CARTESIAN_POINT('',(0.0927722858314288,-0.0120885614061979,0.00808191183845231));
#6075=CARTESIAN_POINT('',(0.0925206732895997,-0.0113470508668406,0.00806725963695425));
#6076=CARTESIAN_POINT('',(0.0922524258887701,-0.010643521479294,0.00805539759386927));
#6077=CARTESIAN_POINT('',(0.0920472401516847,-0.0101538013306661,0.00804812559668487));
#6078=CARTESIAN_POINT('',(0.0953777490391919,-0.0217996501585113,0.00891771990611038));
#6079=CARTESIAN_POINT('',(0.0920472873729987,-0.0101537812404541,0.00804814557576108));
#6080=CARTESIAN_POINT('',(0.0920472411481297,-0.0101538002563359,0.00804816869051617));
#6081=CARTESIAN_POINT('',(0.0920649173101245,-0.0101319772935599,0.00884709636660773));
#6082=CARTESIAN_POINT('',(0.0921104188763772,-0.0100823756878595,0.0100312887390288));
#6083=CARTESIAN_POINT('',(0.0921849333624006,-0.00998211496823607,0.0116484979856681));
#6084=CARTESIAN_POINT('',(0.0922445364046348,-0.00989381001816092,0.0129331303271545));
#6085=CARTESIAN_POINT('',(0.0922955596469918,-0.00980815959641573,0.014162436006421));
#6086=CARTESIAN_POINT('',(0.0923334307583332,-0.00971840846774584,0.0154501677274843));
#6087=CARTESIAN_POINT('',(0.092344385827649,-0.00964388824807215,0.0165581823226749));
#6088=CARTESIAN_POINT('',(0.0923355737256415,-0.00958594488500256,0.0174594044724983));
#6089=CARTESIAN_POINT('',(0.0923171366548613,-0.00954178435951334,0.0181731416192456));
#6090=CARTESIAN_POINT('',(0.0922906094649742,-0.00950456623391276,0.0187992068709453));
#6091=CARTESIAN_POINT('',(0.0922384304196069,-0.00945420408996053,0.0196836588177812));
#6092=CARTESIAN_POINT('',(0.0921402826059729,-0.00939525494361766,0.020803664251978));
#6093=CARTESIAN_POINT('',(0.0919849007979188,-0.00934112322506153,0.0219692536977055));
#6094=CARTESIAN_POINT('',(0.0918228377679684,-0.00930171875405013,0.0229070721473396));
#6095=CARTESIAN_POINT('',(0.0916706299303006,-0.00927251270640122,0.0236544208241547));
#6096=CARTESIAN_POINT('',(0.0915255490437,-0.00924979999123305,0.0242759062510734));
#6097=CARTESIAN_POINT('',(0.0912940305856086,-0.00921954546909445,0.0251623021105337));
#6098=CARTESIAN_POINT('',(0.0909514434813033,-0.00918615001787916,0.0262702668071941));
#6099=CARTESIAN_POINT('',(0.090516715211839,-0.00915784154787843,0.0274082276152357));
#6100=CARTESIAN_POINT('',(0.0901178673494059,-0.00913875466563112,0.0283083015678459));
#6101=CARTESIAN_POINT('',(0.0897658847495877,-0.00912537108947316,0.0290246356836755));
#6102=CARTESIAN_POINT('',(0.0894629047703093,-0.00911607434448635,0.0295887744827722));
#6103=CARTESIAN_POINT('',(0.0889975867331692,-0.00910435534749729,0.0303933402102068));
#6104=CARTESIAN_POINT('',(0.0883573716939161,-0.00909318272244428,0.031374303786612));
#6105=CARTESIAN_POINT('',(0.0876093499245227,-0.0090860681698502,0.0323512932340166));
#6106=CARTESIAN_POINT('',(0.0869595759106305,-0.00908295541075578,0.033104261107081));
#6107=CARTESIAN_POINT('',(0.0864075937922479,-0.00908194008379134,0.0336905704777467));
#6108=CARTESIAN_POINT('',(0.0859431452497413,-0.00908224718519313,0.0341468252288521));
#6109=CARTESIAN_POINT('',(0.0852520076052316,-0.0090839932511855,0.0347814162806813));
#6110=CARTESIAN_POINT('',(0.0843405464928529,-0.00908862155081039,0.0355272778486693));
#6111=CARTESIAN_POINT('',(0.0833333655518314,-0.00909629164267319,0.0362294499949081));
#6112=CARTESIAN_POINT('',(0.0824884581744842,-0.00910415473973296,0.0367475654031994));
#6113=CARTESIAN_POINT('',(0.0817961128238733,-0.00911142634413882,0.0371329558618007));
#6114=CARTESIAN_POINT('',(0.0812012905948879,-0.00911837706813312,0.0374346933283196));
#6115=CARTESIAN_POINT('',(0.0803462264305514,-0.00912910772057049,0.0378327256425529));
#6116=CARTESIAN_POINT('',(0.0792465328783228,-0.00914417268599909,0.0382709440663714));
#6117=CARTESIAN_POINT('',(0.0778713716973467,-0.00916450390903995,0.0387081181404274));
#6118=CARTESIAN_POINT('',(0.0763840264398125,-0.00918840649011642,0.0390566647532909));
#6119=CARTESIAN_POINT('',(0.0750351829514123,-0.00921209628383022,0.0392723445412137));
#6120=CARTESIAN_POINT('',(0.0736139378611323,-0.00923828481494788,0.0394045777072604));
#6121=CARTESIAN_POINT('',(0.0721879971515264,-0.00926578866709015,0.0394386718453437));
#6122=CARTESIAN_POINT('',(0.0702346296374202,-0.00930536851076763,0.0393519558162844));
#6123=CARTESIAN_POINT('',(0.0679368032195992,-0.00935758471136706,0.0390212081648094));
#6124=CARTESIAN_POINT('',(0.0642991760706866,-0.00944625045563721,0.038037869993697));
#6125=CARTESIAN_POINT('',(0.0600124520687936,-0.00955786575701743,0.0359998406244281));
#6126=CARTESIAN_POINT('',(0.0555475848078037,-0.00970411548877026,0.0325322566466357));
#6127=CARTESIAN_POINT('',(0.0525367777941567,-0.00981709877054971,0.0290844317120823));
#6128=CARTESIAN_POINT('',(0.0504800839158314,-0.00990597583062251,0.0259953895679213));
#6129=CARTESIAN_POINT('',(0.0487206195242947,-0.00998792749849451,0.0227973097101424));
#6130=CARTESIAN_POINT('',(0.04701924043933,-0.0100728816512967,0.0185953073345029));
#6131=CARTESIAN_POINT('',(0.0457258282517467,-0.0101512227535576,0.0133084444168164));
#6132=CARTESIAN_POINT('',(0.0453538938419179,-0.0101704734048805,0.00974881295434754));
#6133=CARTESIAN_POINT('',(0.0452835937704135,-0.0101749001995699,0.00794139729409726));
#6134=CARTESIAN_POINT('',(0.0452838651052026,-0.010175011751641,0.00794138701365245));
#6135=CARTESIAN_POINT('',(0.0452835939689162,-0.0101749004392116,0.00794140512974047));
#6136=CARTESIAN_POINT('',(0.0449101475560817,-0.0110845459108289,0.00794201854401147));
#6137=CARTESIAN_POINT('',(0.0442908914290546,-0.0128954077783983,0.00794337810784244));
#6138=CARTESIAN_POINT('',(0.0438008196961305,-0.0150928333302436,0.00794541322492204));
#6139=CARTESIAN_POINT('',(0.0435562543153694,-0.0167911472801634,0.00794721547940869));
#6140=CARTESIAN_POINT('',(0.0434406131475461,-0.0180289487397045,0.00794864806511515));
#6141=CARTESIAN_POINT('',(0.0433960444487592,-0.0190344562025897,0.00794992208353078));
#6142=CARTESIAN_POINT('',(0.0433890350194804,-0.0197096366735668,0.0079508396866148));
#6143=CARTESIAN_POINT('',(0.043392218259137,-0.0201071179027285,0.00795140363069422));
#6144=CARTESIAN_POINT('',(0.0433963147625976,-0.0203549080963353,0.00795175987221633));
#6145=CARTESIAN_POINT('',(0.0434093820543755,-0.0207821678507162,0.00795240559553134));
#6146=CARTESIAN_POINT('',(0.0434334225419365,-0.0212821791429761,0.00795321651435309));
#6147=CARTESIAN_POINT('',(0.0434954770764259,-0.0221719914190937,0.00795476986698922));
#6148=CARTESIAN_POINT('',(0.0436358378240977,-0.0233830534810595,0.00795717135392126));
#6149=CARTESIAN_POINT('',(0.04387591541867,-0.0247681988788236,0.00796023795298981));
#6150=CARTESIAN_POINT('',(0.0441761950022142,-0.0260741518057576,0.00796338097036917));
#6151=CARTESIAN_POINT('',(0.0445262304898598,-0.0273023508879994,0.00796656879251488));
#6152=CARTESIAN_POINT('',(0.0449148307931348,-0.0284496492473463,0.00796981698433086));
#6153=CARTESIAN_POINT('',(0.045265873970538,-0.0293451561624388,0.00797267586174047));
#6154=CARTESIAN_POINT('',(0.0455159605414454,-0.0299280003009086,0.00797477057934178));
#6155=CARTESIAN_POINT('',(0.0456683472530386,-0.0302669580825921,0.00797608631478571));
#6156=CARTESIAN_POINT('',(0.0457626866559665,-0.0304726042349516,0.00797691473539087));
#6157=CARTESIAN_POINT('',(0.0459375441063354,-0.0308408238942728,0.00797849475886757));
#6158=CARTESIAN_POINT('',(0.0461465620836024,-0.031262786876831,0.00798043031731789));
#6159=CARTESIAN_POINT('',(0.046532340361692,-0.0320036101170769,0.00798408814178261));
#6160=CARTESIAN_POINT('',(0.0470916570450998,-0.0329746422042735,0.00798956124456919));
#6161=CARTESIAN_POINT('',(0.0476659544399879,-0.0338631925811186,0.00799535613618604));
#6162=CARTESIAN_POINT('',(0.0480600351367586,-0.0344290302391335,0.00799950064150183));
#6163=CARTESIAN_POINT('',(0.0482946306713143,-0.034753102262229,0.00800206011306092));
#6164=CARTESIAN_POINT('',(0.0484408079990075,-0.0349514857480827,0.00800367138251755));
#6165=CARTESIAN_POINT('',(0.0486973890681415,-0.0352898326214565,0.00800665683709111));
#6166=CARTESIAN_POINT('',(0.0490007964345528,-0.0356760552763753,0.00801044660761875));
#6167=CARTESIAN_POINT('',(0.0495480719139763,-0.0363435554973401,0.00801775393855941));
#6168=CARTESIAN_POINT('',(0.050308225796033,-0.0371926861654935,0.00802896857237392));
#6169=CARTESIAN_POINT('',(0.0510462661584599,-0.0379377031086102,0.00804093619756424));
#6170=CARTESIAN_POINT('',(0.0515323851083567,-0.0383972595066219,0.0080496171542149));
#6171=CARTESIAN_POINT('',(0.0518152722463472,-0.0386557467638798,0.00805504268549315));
#6172=CARTESIAN_POINT('',(0.0519894554890949,-0.0388124156909179,0.00805850430394284));
#6173=CARTESIAN_POINT('',(0.0522905357844748,-0.0390764360871083,0.00806490457789287));
#6174=CARTESIAN_POINT('',(0.0526396665058707,-0.0393731987464248,0.0080728725772534));
#6175=CARTESIAN_POINT('',(0.053080854341873,-0.0397341776767014,0.00808376141164889));
#6176=CARTESIAN_POINT('',(0.0534914953346492,-0.0400538933408634,0.00809492966319582));
#6177=CARTESIAN_POINT('',(0.0538220165081426,-0.0403022704654522,0.00810472972730141));
#6178=CARTESIAN_POINT('',(0.054027458483374,-0.0404539754003674,0.00811105008074908));
#6179=CARTESIAN_POINT('',(0.0543631756110841,-0.040695587177155,0.00812237587046183));
#6180=CARTESIAN_POINT('',(0.0547513499897402,-0.0409664011043455,0.00813699175959782));
#6181=CARTESIAN_POINT('',(0.0552302362698527,-0.0412883758517767,0.00815712048319777));
#6182=CARTESIAN_POINT('',(0.0556745709902346,-0.0415731581753959,0.00817870232487902));
#6183=CARTESIAN_POINT('',(0.0559626890017,-0.0417528225936999,0.00819424150434718));
#6184=CARTESIAN_POINT('',(0.056131912290334,-0.04185681740377,0.00820402975932613));
#6185=CARTESIAN_POINT('',(0.0562284018903583,-0.0419157908893698,0.00820972131791079));
#6186=CARTESIAN_POINT('',(0.0564285937033892,-0.0420368401348738,0.00822245596780287));
#6187=CARTESIAN_POINT('',(0.0566529808581477,-0.0421707845684827,0.00823814455084914));
#6188=CARTESIAN_POINT('',(0.0570498018609494,-0.0424043877560511,0.00826863658687704));
#6189=CARTESIAN_POINT('',(0.0575663572023627,-0.0427009094995028,0.00831540473369746));
#6190=CARTESIAN_POINT('',(0.0580360029357022,-0.0429675082744317,0.00836646023457868));
#6191=CARTESIAN_POINT('',(0.0583241382110206,-0.0431324537671275,0.00840270257705652));
#6192=CARTESIAN_POINT('',(0.0584960539771645,-0.0432322216541473,0.00842679464021861));
#6193=CARTESIAN_POINT('',(0.0585763051114026,-0.0432788383141249,0.00843819708003459));
#6194=CARTESIAN_POINT('',(0.0588220033594766,-0.0434246007548025,0.00847748867847839));
#6195=CARTESIAN_POINT('',(0.0590796410707805,-0.0435824050635274,0.00852371730014081));
#6196=CARTESIAN_POINT('',(0.0594044683280807,-0.0437903938789975,0.00858757930351218));
#6197=CARTESIAN_POINT('',(0.0597576842002646,-0.044037016654488,0.00866338588242349));
#6198=CARTESIAN_POINT('',(0.0601972071588777,-0.0443773225832412,0.0087610742136572));
#6199=CARTESIAN_POINT('',(0.0606868184715925,-0.0448340936800748,0.00886913447138008));
#6200=CARTESIAN_POINT('',(0.0610385316020987,-0.0452731431069854,0.00891795392285464));
#6201=CARTESIAN_POINT('',(0.0612112327912255,-0.0455215997921522,0.00891771990611042));
#6202=CARTESIAN_POINT('',(0.0612112327912255,-0.0455215997921523,0.00891771990611037));
#6203=CARTESIAN_POINT('',(0.0612112327912255,-0.0455215997921522,0.00891771990611042));
#6204=CARTESIAN_POINT('',(0.0613488016364618,-0.0457199248073958,0.00891787338113684));
#6205=CARTESIAN_POINT('',(0.0615304099573925,-0.0460171191626752,0.00889542553831521));
#6206=CARTESIAN_POINT('',(0.0617289316671879,-0.0464125887069001,0.00884242521515012));
#6207=CARTESIAN_POINT('',(0.0618718025037484,-0.0467465873309097,0.00878604037335192));
#6208=CARTESIAN_POINT('',(0.0619608259012809,-0.0469860444699776,0.00874065391233519));
#6209=CARTESIAN_POINT('',(0.0620508637522753,-0.0472583994669722,0.00868834092346344));
#6210=CARTESIAN_POINT('',(0.062126396220449,-0.047519617124937,0.00863831114990574));
#6211=CARTESIAN_POINT('',(0.062202889152622,-0.0478270655737765,0.00858357412137874));
#6212=CARTESIAN_POINT('',(0.0622417722725834,-0.0480027875876363,0.00855478023022487));
#6213=CARTESIAN_POINT('',(0.0623037036208567,-0.0482975700495386,0.00850802094542003));
#6214=CARTESIAN_POINT('',(0.0623735059394595,-0.0486699876912516,0.00845385332488311));
#6215=CARTESIAN_POINT('',(0.062444586578811,-0.0490850731737067,0.00840057152580164));
#6216=CARTESIAN_POINT('',(0.0625002479162531,-0.0494229612828899,0.00836217651347496));
#6217=CARTESIAN_POINT('',(0.0625483074730836,-0.0497189736857419,0.00833257966651168));
#6218=CARTESIAN_POINT('',(0.0625775758437671,-0.0498995001729672,0.00831643515000456));
#6219=CARTESIAN_POINT('',(0.0626260885705664,-0.0501959878690602,0.00829116919388236));
#6220=CARTESIAN_POINT('',(0.0626748949624621,-0.0504884822019776,0.00826891488552544));
#6221=CARTESIAN_POINT('',(0.0627335642554602,-0.0508260452796764,0.00824613471440863));
#6222=CARTESIAN_POINT('',(0.0627804764045794,-0.0510884511986013,0.00822989764291509));
#6223=CARTESIAN_POINT('',(0.0628624355830134,-0.0515314925057192,0.00820504441254099));
#6224=CARTESIAN_POINT('',(0.0629772024524406,-0.0521044652861385,0.00817787752971059));
#6225=CARTESIAN_POINT('',(0.0631003237358547,-0.0526539349922745,0.00815575437472067));
#6226=CARTESIAN_POINT('',(0.0631745520981584,-0.0529686200928298,0.0081440841172609));
#6227=CARTESIAN_POINT('',(0.0632428402712434,-0.0532460023714304,0.00813453851323812));
#6228=CARTESIAN_POINT('',(0.0632808215485037,-0.0533952175755051,0.00812975354471736));
#6229=CARTESIAN_POINT('',(0.0633460021827812,-0.0536466081066578,0.00812200479002789));
#6230=CARTESIAN_POINT('',(0.0634634338944195,-0.0540807730449319,0.00810970657181753));
#6231=CARTESIAN_POINT('',(0.0636614436044483,-0.0547580646451678,0.00809285110023836));
#6232=CARTESIAN_POINT('',(0.0638995170468727,-0.0554850421271307,0.00807723976923475));
#6233=CARTESIAN_POINT('',(0.064094901454265,-0.056029878422159,0.00806685660429511));
#6234=CARTESIAN_POINT('',(0.0642102907513979,-0.0563384809830837,0.00806134894398688));
#6235=CARTESIAN_POINT('',(0.064312667079772,-0.0566033508696787,0.00805689213120513));
#6236=CARTESIAN_POINT('',(0.0643744251948935,-0.056758978349689,0.00805440772059019));
#6237=CARTESIAN_POINT('',(0.0644755512515756,-0.0570097020134615,0.00805051991080007));
#6238=CARTESIAN_POINT('',(0.0646553411532296,-0.0574405383215724,0.00804422965090218));
#6239=CARTESIAN_POINT('',(0.0649463549335293,-0.0580954529902862,0.00803552582077577));
#6240=CARTESIAN_POINT('',(0.0652784015881431,-0.0587791180282897,0.00802733860608088));
#6241=CARTESIAN_POINT('',(0.0655406236466142,-0.0592821544350858,0.00802176312763095));
#6242=CARTESIAN_POINT('',(0.0656921841104935,-0.0595635785705553,0.00801876657657603));
#6243=CARTESIAN_POINT('',(0.0658265684156805,-0.0598065871987136,0.0080162645490497));
#6244=CARTESIAN_POINT('',(0.0659008649530133,-0.0599381684750967,0.00801496044507109));
#6245=CARTESIAN_POINT('',(0.0660249433137525,-0.0601553928408082,0.00801287040271544));
#6246=CARTESIAN_POINT('',(0.0662405636805319,-0.0605230529124346,0.00800952335702412));
#6247=CARTESIAN_POINT('',(0.066579501751768,-0.0610740505412945,0.00800492460329704));
#6248=CARTESIAN_POINT('',(0.0670278943591238,-0.061754283753464,0.00799972464208148));
#6249=CARTESIAN_POINT('',(0.0675239574324236,-0.0624558709075157,0.00799467884209458));
#6250=CARTESIAN_POINT('',(0.0680696491760932,-0.0631737756599786,0.00798975418350492));
#6251=CARTESIAN_POINT('',(0.0686693044604042,-0.0639057895849693,0.00798495605636068));
#6252=CARTESIAN_POINT('',(0.0692128642837316,-0.0645205923919288,0.00798114788388721));
#6253=CARTESIAN_POINT('',(0.0696244929911136,-0.06495833284984,0.00797861066199872));
#6254=CARTESIAN_POINT('',(0.0698587445624221,-0.0652003440871288,0.00797726161793461));
#6255=CARTESIAN_POINT('',(0.0700621063999569,-0.0654055547553364,0.00797615937663275));
#6256=CARTESIAN_POINT('',(0.0701780366180337,-0.0655203583493233,0.00797556109269322));
#6257=CARTESIAN_POINT('',(0.0703671089583958,-0.0657055374391196,0.00797460796639637));
#6258=CARTESIAN_POINT('',(0.0706918149521775,-0.0660158737962036,0.00797305811245652));
#6259=CARTESIAN_POINT('',(0.0711878360447794,-0.0664690643330781,0.00797089387625271));
#6260=CARTESIAN_POINT('',(0.0718203961608589,-0.0670102807530878,0.00796841792353543));
#6261=CARTESIAN_POINT('',(0.0724958398671381,-0.0675502206666378,0.00796601373036171));
#6262=CARTESIAN_POINT('',(0.0732138933917673,-0.0680844571443893,0.00796367781696552));
#6263=CARTESIAN_POINT('',(0.0739772547489419,-0.068610720766051,0.00796141144354138));
#6264=CARTESIAN_POINT('',(0.0746476841303485,-0.0690373570491073,0.0079596080463604));
#6265=CARTESIAN_POINT('',(0.0751434576397096,-0.0693326142658144,0.00795838878525632));
#6266=CARTESIAN_POINT('',(0.0754224974275476,-0.0694935975144107,0.00795773340077696));
#6267=CARTESIAN_POINT('',(0.0756629000761713,-0.0696286990571606,0.00795719067498767));
#6268=CARTESIAN_POINT('',(0.0757982775389346,-0.069703183875982,0.0079568952911005));
#6269=CARTESIAN_POINT('',(0.07601833183745,-0.0698227679284652,0.00795642454953376));
#6270=CARTESIAN_POINT('',(0.0763921673905304,-0.0700203329576235,0.00795565824196947));
#6271=CARTESIAN_POINT('',(0.0769527802794065,-0.0703015673775135,0.00795458940849491));
#6272=CARTESIAN_POINT('',(0.0776498473390477,-0.0706251790386097,0.00795337458412742));
#6273=CARTESIAN_POINT('',(0.0786184174545394,-0.0710391955752863,0.00795181507379652));
#6274=CARTESIAN_POINT('',(0.0798996954201376,-0.0715171684546999,0.00794996282184591));
#6275=CARTESIAN_POINT('',(0.0815501345623405,-0.0720107605320212,0.00794786012112546));
#6276=CARTESIAN_POINT('',(0.0833104952106563,-0.0724059863312653,0.00794588503144842));
#6277=CARTESIAN_POINT('',(0.0848643191535741,-0.0726375912972827,0.00794437327361687));
#6278=CARTESIAN_POINT('',(0.0861568086968074,-0.0727543657054076,0.00794326546230084));
#6279=CARTESIAN_POINT('',(0.087146558377652,-0.0728054034293276,0.0079424918941433));
#6280=CARTESIAN_POINT('',(0.0879976052482497,-0.0728147892864243,0.00794189257702701));
#6281=CARTESIAN_POINT('',(0.0886698876936455,-0.0728025983487267,0.00794145368980764));
#6282=CARTESIAN_POINT('',(0.0892295419381135,-0.0727796741138089,0.00794111289166926));
#6283=CARTESIAN_POINT('',(0.089600332534816,-0.0727574237841165,0.00794089004151281));
#6284=CARTESIAN_POINT('',(0.0901630329882553,-0.0727160411633513,0.00794054071407726));
#6285=CARTESIAN_POINT('',(0.091121382835409,-0.0726205920160109,0.00793993771845422));
#6286=CARTESIAN_POINT('',(0.0925173352698722,-0.0724126769961388,0.00793907888080997));
#6287=CARTESIAN_POINT('',(0.0941941296728522,-0.0720452787193842,0.00793820197188439));
#6288=CARTESIAN_POINT('',(0.0964327296892625,-0.0713913000564558,0.00793734034106443));
#6289=CARTESIAN_POINT('',(0.0991989398442413,-0.0702624362310738,0.00793697044978044));
#6290=CARTESIAN_POINT('',(0.102421984115534,-0.0683617577621199,0.00793732838159995));
#6291=CARTESIAN_POINT('',(0.105318011505618,-0.0660047464851935,0.00793703112098815));
#6292=CARTESIAN_POINT('',(0.107336037655236,-0.0638065797862316,0.00793741341723539));
#6293=CARTESIAN_POINT('',(0.108725609220403,-0.061938444595085,0.007938269380858));
#6294=CARTESIAN_POINT('',(0.109651961897129,-0.0604968600673924,0.00793913469997371));
#6295=CARTESIAN_POINT('',(0.110331567176775,-0.0592628940056373,0.00793997941003453));
#6296=CARTESIAN_POINT('',(0.110753887103082,-0.0583995409808213,0.0079405712098558));
#6297=CARTESIAN_POINT('',(0.110988219713054,-0.0578874014449352,0.00794091385522125));
#6298=CARTESIAN_POINT('',(0.111137760599296,-0.0575486363101671,0.00794113182707443));
#6299=CARTESIAN_POINT('',(0.111354302060083,-0.0570317393129651,0.00794146697431761));
#6300=CARTESIAN_POINT('',(0.111599849484523,-0.0564058970227296,0.00794190024165307));
#6301=CARTESIAN_POINT('',(0.111887498993283,-0.0556048266672455,0.00794249459137805));
#6302=CARTESIAN_POINT('',(0.112184393747611,-0.0546592777527725,0.0079432654721813));
#6303=CARTESIAN_POINT('',(0.112525127608783,-0.0534070090774132,0.00794437330793925));
#6304=CARTESIAN_POINT('',(0.112849247125588,-0.05186973977414,0.00794589081040539));
#6305=CARTESIAN_POINT('',(0.11309192598054,-0.0500818055756261,0.00794787845002905));
#6306=CARTESIAN_POINT('',(0.113204093648938,-0.0483625966838334,0.00794999612445654));
#6307=CARTESIAN_POINT('',(0.113202300996966,-0.0469948650497287,0.00795186039877568));
#6308=CARTESIAN_POINT('',(0.11315152995685,-0.0459425507663682,0.0079534279461204));
#6309=CARTESIAN_POINT('',(0.113090938444527,-0.045176271035169,0.00795464769317689));
#6310=CARTESIAN_POINT('',(0.113022536459043,-0.0445526511337033,0.00795571954888496));
#6311=CARTESIAN_POINT('',(0.112967525490138,-0.0441333471296767,0.00795648715267537));
#6312=CARTESIAN_POINT('',(0.112932046551879,-0.0438853050754186,0.00795695859279979));
#6313=CARTESIAN_POINT('',(0.112909392334306,-0.0437325918171333,0.00795725389667663));
#6314=CARTESIAN_POINT('',(0.11286635841843,-0.0434594837218058,0.00795779830753801));
#6315=CARTESIAN_POINT('',(0.112812513831208,-0.0431412221435927,0.00795845550294292));
#6316=CARTESIAN_POINT('',(0.112708144980475,-0.0425724721397133,0.00795967855392188));
#6317=CARTESIAN_POINT('',(0.112541280980803,-0.0417939446528547,0.00796148814397061));
#6318=CARTESIAN_POINT('',(0.112313222838919,-0.0408934964896696,0.00796376338779239));
#6319=CARTESIAN_POINT('',(0.112061860901929,-0.0400329675712858,0.00796610967533745));
#6320=CARTESIAN_POINT('',(0.111790288846142,-0.0392106109304993,0.00796852612047934));
#6321=CARTESIAN_POINT('',(0.111502578018151,-0.0384282048871641,0.00797101682141625));
#6322=CARTESIAN_POINT('',(0.111249980136698,-0.0378048221721897,0.00797319599906874));
#6323=CARTESIAN_POINT('',(0.111071768402309,-0.0373919533985017,0.00797475836694155));
#6324=CARTESIAN_POINT('',(0.110963873630674,-0.0371501546403157,0.00797571900357442));
#6325=CARTESIAN_POINT('',(0.110896351946158,-0.0370010664393087,0.00797632397246195));
#6326=CARTESIAN_POINT('',(0.110775171767246,-0.0367400442836553,0.00797743047991889));
#6327=CARTESIAN_POINT('',(0.110630170084258,-0.0364370574635402,0.00797878525460832));
#6328=CARTESIAN_POINT('',(0.110363816711953,-0.0359004918064509,0.00798133066762243));
#6329=CARTESIAN_POINT('',(0.109977751468718,-0.035179061126792,0.00798514699000202));
#6330=CARTESIAN_POINT('',(0.109501691396482,-0.0343644928738047,0.00798995070486769));
#6331=CARTESIAN_POINT('',(0.109020154606071,-0.033605180902044,0.00799487836166645));
#6332=CARTESIAN_POINT('',(0.108536701200681,-0.0328978594074672,0.00799992571600065));
#6333=CARTESIAN_POINT('',(0.10805669495176,-0.0322424402988847,0.00800512674285375));
#6334=CARTESIAN_POINT('',(0.10765950345067,-0.0317341885600952,0.00800972617315347));
#6335=CARTESIAN_POINT('',(0.107390793709281,-0.0314048440668455,0.00801307418117266));
#6336=CARTESIAN_POINT('',(0.10723093051996,-0.0312134040461937,0.00801516417575379));
#6337=CARTESIAN_POINT('',(0.107133669822131,-0.0310980986088774,0.00801647000229691));
#6338=CARTESIAN_POINT('',(0.106953657514835,-0.0308884728451659,0.00801896707476542));
#6339=CARTESIAN_POINT('',(0.106743665277382,-0.0306493472769121,0.00802195938997133));
#6340=CARTESIAN_POINT('',(0.10636535117617,-0.0302300374652132,0.00802752649477154));
#6341=CARTESIAN_POINT('',(0.105842688491708,-0.0296826647485934,0.00803570284346359));
#6342=CARTESIAN_POINT('',(0.105332562480072,-0.0291833912158333,0.00804439372809177));
#6343=CARTESIAN_POINT('',(0.104992846589302,-0.0288656929976156,0.00805067280033216));
#6344=CARTESIAN_POINT('',(0.104793959758279,-0.028684086759504,0.00805455153052387));
#6345=CARTESIAN_POINT('',(0.104670026991656,-0.0285721875406888,0.00805703215373356));
#6346=CARTESIAN_POINT('',(0.10445869192806,-0.028384760207085,0.00806146968462888));
#6347=CARTESIAN_POINT('',(0.104210989372553,-0.0281698806852916,0.00806695588740859));
#6348=CARTESIAN_POINT('',(0.103770801409184,-0.0277982602892727,0.00807729758823611));
#6349=CARTESIAN_POINT('',(0.103175456990398,-0.0273232700445709,0.00809284921941844));
#6350=CARTESIAN_POINT('',(0.102612313113411,-0.0269026660861975,0.00810964085786771));
#6351=CARTESIAN_POINT('',(0.102247931432202,-0.0266418114593685,0.00812188514280166));
#6352=CARTESIAN_POINT('',(0.102035851026827,-0.0264933099857803,0.0081295998328321));
#6353=CARTESIAN_POINT('',(0.101909895004098,-0.0264059408327905,0.00813435439438056));
#6354=CARTESIAN_POINT('',(0.101674023744602,-0.0262450585694127,0.00814387574732129));
#6355=CARTESIAN_POINT('',(0.101405443830045,-0.0260656745409224,0.00815551361904903));
#6356=CARTESIAN_POINT('',(0.100934076217576,-0.025758431720215,0.00817758449059711));
#6357=CARTESIAN_POINT('',(0.100437689899424,-0.0254507396065004,0.00820469209840787));
#6358=CARTESIAN_POINT('',(0.100051371436832,-0.0252191109024092,0.0082294842609812));
#6359=CARTESIAN_POINT('',(0.0998219445165277,-0.0250834283372414,0.00824567318626413));
#6360=CARTESIAN_POINT('',(0.0995261581287987,-0.0249104276855624,0.00826840079528704));
#6361=CARTESIAN_POINT('',(0.0992690634468416,-0.0247623854196715,0.00829062053871516));
#6362=CARTESIAN_POINT('',(0.0990081177477595,-0.024613235259746,0.00831583981222557));
#6363=CARTESIAN_POINT('',(0.098848923088514,-0.0245225583575327,0.00833196980919619));
#6364=CARTESIAN_POINT('',(0.0985886896475156,-0.0243742681360072,0.00836145289430236));
#6365=CARTESIAN_POINT('',(0.0982916975556593,-0.0242041392596406,0.00839974961858813));
#6366=CARTESIAN_POINT('',(0.0979277719768798,-0.0239926406813209,0.00845291251952706));
#6367=CARTESIAN_POINT('',(0.0976031754875605,-0.0237972024285186,0.0085069736889018));
#6368=CARTESIAN_POINT('',(0.0973485739101915,-0.0236363213410498,0.00855361439399853));
#6369=CARTESIAN_POINT('',(0.0971972660880537,-0.0235384587151179,0.00858234717972801));
#6370=CARTESIAN_POINT('',(0.0969363390399855,-0.0233599343322473,0.00863684944729355));
#6371=CARTESIAN_POINT('',(0.0967181164380992,-0.023198309811658,0.00868682189816191));
#6372=CARTESIAN_POINT('',(0.0964942724827896,-0.0230190536839563,0.00873917970938128));
#6373=CARTESIAN_POINT('',(0.0963015486066929,-0.0228529265037589,0.00878447874670679));
#6374=CARTESIAN_POINT('',(0.0960361393210291,-0.0226007742363984,0.00884149710171245));
#6375=CARTESIAN_POINT('',(0.0957330483431504,-0.0222750490393151,0.00889507888278043));
#6376=CARTESIAN_POINT('',(0.0955164940973933,-0.0219992774916067,0.00891789002124053));
#6377=CARTESIAN_POINT('',(0.0953777490391919,-0.0217996501585112,0.00891771990611042));
#6378=CARTESIAN_POINT('',(0.0453798199926823,-0.00994427411606566,0.00794124405775969));
#6379=CARTESIAN_POINT('',(0.0451801333509327,-0.0104174262444522,0.00794155617770012));
#6380=CARTESIAN_POINT('',(0.0449947372036739,-0.0108968897334003,0.00794189042084702));
#6381=CARTESIAN_POINT('',(0.0441828312351453,-0.0132000771991631,0.00794358993523328));
#6382=CARTESIAN_POINT('',(0.0437469922198365,-0.0151225541491617,0.00794529011677438));
#6383=CARTESIAN_POINT('',(0.0433326270266736,-0.0189339756042857,0.00794961339823431));
#6384=CARTESIAN_POINT('',(0.0433396485679035,-0.0208778083500953,0.00795226012512016));
#6385=CARTESIAN_POINT('',(0.0438070465414555,-0.0247406981758404,0.00795930800841676));
#6386=CARTESIAN_POINT('',(0.0442543595545302,-0.0266023956073559,0.00796353525372851));
#6387=CARTESIAN_POINT('',(0.0455713840942767,-0.0302320284474803,0.00797527315937125));
#6388=CARTESIAN_POINT('',(0.0464521031127253,-0.0319924407738948,0.0079826447613736));
#6389=CARTESIAN_POINT('',(0.0485440778020693,-0.0352051691634229,0.00800445906431833));
#6390=CARTESIAN_POINT('',(0.0497839284933321,-0.0367106757422274,0.00801766650700225));
#6391=CARTESIAN_POINT('',(0.051881852022997,-0.0387397197296682,0.00805573864338133));
#6392=CARTESIAN_POINT('',(0.0526116130316459,-0.0393699030840919,0.00807041877790371));
#6393=CARTESIAN_POINT('',(0.0541379904002407,-0.040554221921224,0.00811304791611396));
#6394=CARTESIAN_POINT('',(0.0549331727020032,-0.0411047805111144,0.00813922096179368));
#6395=CARTESIAN_POINT('',(0.0561741560411715,-0.0418869406350529,0.0082051973615799));
#6396=CARTESIAN_POINT('',(0.0565956965968936,-0.0421389534821187,0.0082311589577091));
#6397=CARTESIAN_POINT('',(0.0574560172585044,-0.0426388066866578,0.00830084862770308));
#6398=CARTESIAN_POINT('',(0.0578938367648177,-0.0428834978884091,0.00834428587007283));
#6399=CARTESIAN_POINT('',(0.0587896084567277,-0.0434018903301445,0.00846564831452393));
#6400=CARTESIAN_POINT('',(0.0592509697088888,-0.0436711486191089,0.00854951434337497));
#6401=CARTESIAN_POINT('',(0.0599677556080204,-0.0441930723154452,0.00870834905726195));
#6402=CARTESIAN_POINT('',(0.0602165007135839,-0.0443955615336352,0.0087699994339017));
#6403=CARTESIAN_POINT('',(0.0607241778054672,-0.0448918176354298,0.00887732817380089));
#6404=CARTESIAN_POINT('',(0.0609837312117166,-0.045192988736183,0.0089185475517704));
#6405=CARTESIAN_POINT('',(0.0612112327912255,-0.0455215997921523,0.00891771990611037));
#6406=CARTESIAN_POINT('',(0.0438896788131061,-0.00931517713321434,0.00635));
#6407=CARTESIAN_POINT('',(0.0436771962745537,-0.00981861876018392,0.00635));
#6408=CARTESIAN_POINT('',(0.0434799187504534,-0.0103287749949384,0.00635));
#6409=CARTESIAN_POINT('',(0.0426159740616151,-0.012779396237731,0.00635));
#6410=CARTESIAN_POINT('',(0.0421521785306621,-0.0148249242732777,0.00635));
#6411=CARTESIAN_POINT('',(0.0417111518884829,-0.0188802501788922,0.00635));
#6412=CARTESIAN_POINT('',(0.0417185435923988,-0.0209484522559059,0.00635));
#6413=CARTESIAN_POINT('',(0.0422156342758836,-0.0250583779467499,0.00635));
#6414=CARTESIAN_POINT('',(0.0426914435666672,-0.027039083437249,0.00635));
#6415=CARTESIAN_POINT('',(0.0440923147002923,-0.0309004447726638,0.00635));
#6416=CARTESIAN_POINT('',(0.0450291199261871,-0.0327731403560021,0.00635));
#6417=CARTESIAN_POINT('',(0.0472538090334508,-0.0361898034629487,0.00635));
#6418=CARTESIAN_POINT('',(0.0485724958604152,-0.0377909103065111,0.00635));
#6419=CARTESIAN_POINT('',(0.0508012418800544,-0.0399448118746154,0.00635));
#6420=CARTESIAN_POINT('',(0.051576480792921,-0.0406135429606447,0.00635));
#6421=CARTESIAN_POINT('',(0.0531955620917584,-0.0418664385155582,0.00635));
#6422=CARTESIAN_POINT('',(0.0540388944286814,-0.0424482596664787,0.00635));
#6423=CARTESIAN_POINT('',(0.0553472185463697,-0.0432630362049186,0.00635));
#6424=CARTESIAN_POINT('',(0.0557910518881634,-0.0435244143712062,0.00635));
#6425=CARTESIAN_POINT('',(0.0566900218870404,-0.0440325914718916,0.00635));
#6426=CARTESIAN_POINT('',(0.0571454749929087,-0.0442779667497047,0.00635));
#6427=CARTESIAN_POINT('',(0.0580555967808113,-0.0447676033443537,0.00635));
#6428=CARTESIAN_POINT('',(0.0585154931348407,-0.0450094376691864,0.00635));
#6429=CARTESIAN_POINT('',(0.0591732448135087,-0.0454136488398489,0.00635));
#6430=CARTESIAN_POINT('',(0.0593877822469935,-0.0455568917960815,0.00635));
#6431=CARTESIAN_POINT('',(0.0597888842924959,-0.0458846027363961,0.00635));
#6432=CARTESIAN_POINT('',(0.059971773124887,-0.046070701242865,0.00635));
#6433=CARTESIAN_POINT('',(0.0601172140439354,-0.0462811814080573,0.00635));
#6434=CARTESIAN_POINT('',(0.0452835791685748,-0.0101754968157219,0.00794139801877216));
#6435=CARTESIAN_POINT('',(0.0447692341185902,-0.0100086799435008,0.00741095751604357));
#6436=CARTESIAN_POINT('',(0.0442539819652586,-0.00984433254838038,0.00688049165333741));
#6437=CARTESIAN_POINT('',(0.0437378401125062,-0.0096824623043552,0.00635));
#6438=CARTESIAN_POINT('',(0.0601172140439354,-0.0462811814080573,0.00635));
#6439=CARTESIAN_POINT('',(0.0604818869596988,-0.046027987536089,0.00720590663537012));
#6440=CARTESIAN_POINT('',(0.0608465598754621,-0.0457747936641206,0.00806181327074025));
#6441=CARTESIAN_POINT('',(0.0612112327912255,-0.0455215997921523,0.00891771990611037));
#6442=CARTESIAN_POINT('',(0.0612112327912255,-0.0455215997921523,0.00891771990611037));
#6443=CARTESIAN_POINT('',(0.061495976758692,-0.0459310701044883,0.00891844181097493));
#6444=CARTESIAN_POINT('',(0.0617093311797584,-0.0463467165833246,0.00885708344878274));
#6445=CARTESIAN_POINT('',(0.0620163246813958,-0.0471149442501809,0.00871866342484821));
#6446=CARTESIAN_POINT('',(0.0621176271318865,-0.0474718166082221,0.00864473364992803));
#6447=CARTESIAN_POINT('',(0.0623546082879873,-0.0484717002873956,0.00847422663296681));
#6448=CARTESIAN_POINT('',(0.0624457945116485,-0.0490916825883866,0.00839219569471831));
#6449=CARTESIAN_POINT('',(0.0626445567058031,-0.0503077694778883,0.00827744774845709));
#6450=CARTESIAN_POINT('',(0.0627424338589062,-0.0509010238705633,0.00823880257145854));
#6451=CARTESIAN_POINT('',(0.0629687121500317,-0.0520738430147539,0.00817688081857097));
#6452=CARTESIAN_POINT('',(0.06309441824952,-0.0526521884968506,0.00815443246441358));
#6453=CARTESIAN_POINT('',(0.0635245308667778,-0.0543695465833271,0.00809713092863818));
#6454=CARTESIAN_POINT('',(0.0638775880174083,-0.0554897902503015,0.00807522277225769));
#6455=CARTESIAN_POINT('',(0.0647342067377182,-0.0576804973535277,0.00803921895754151));
#6456=CARTESIAN_POINT('',(0.0652418585659937,-0.0587595312469395,0.00802689825841319));
#6457=CARTESIAN_POINT('',(0.066965944231127,-0.0618449854263744,0.00799559609209659));
#6458=CARTESIAN_POINT('',(0.0683713300548283,-0.0637133833450095,0.00798512168952343));
#6459=CARTESIAN_POINT('',(0.0717237388719328,-0.0670675904742564,0.0079673650495295));
#6460=CARTESIAN_POINT('',(0.0735846829117366,-0.0684708096962305,0.007961799573521));
#6461=CARTESIAN_POINT('',(0.0766757523619236,-0.0701924895566436,0.00795494806119654));
#6462=CARTESIAN_POINT('',(0.0777538199409348,-0.0706967839221121,0.00795300220046135));
#6463=CARTESIAN_POINT('',(0.0799392677374838,-0.0715390789230574,0.00794963302225914));
#6464=CARTESIAN_POINT('',(0.0810589236593768,-0.0718836513610742,0.00794819118737525));
#6465=CARTESIAN_POINT('',(0.0844751657771294,-0.0726819684797895,0.00794438570986079));
#6466=CARTESIAN_POINT('',(0.0868760093720458,-0.0728955299332365,0.00794252101892304));
#6467=CARTESIAN_POINT('',(0.0915201199549261,-0.0726640429294564,0.00793974408040946));
#6468=CARTESIAN_POINT('',(0.0938868278537704,-0.0722132469688112,0.00793876729342999));
#6469=CARTESIAN_POINT('',(0.0972078462767265,-0.0710785239891646,0.00793782935515553));
#6470=CARTESIAN_POINT('',(0.0982872821218862,-0.070624305458098,0.00793759984927014));
#6471=CARTESIAN_POINT('',(0.100377292000964,-0.0695687575197045,0.00793729413462635));
#6472=CARTESIAN_POINT('',(0.101399144735958,-0.068959864969525,0.00793721779434345));
#6473=CARTESIAN_POINT('',(0.104304154434083,-0.0669373769433235,0.00793722195989729));
#6474=CARTESIAN_POINT('',(0.10601381503448,-0.0653560969152712,0.00793751500205985));
#6475=CARTESIAN_POINT('',(0.109010470624986,-0.0616823912166134,0.00793879240702979));
#6476=CARTESIAN_POINT('',(0.110219893237043,-0.0596806340555323,0.00793974296305151));
#6477=CARTESIAN_POINT('',(0.111613444424059,-0.0564381044718761,0.00794185555293339));
#6478=CARTESIAN_POINT('',(0.112005533368239,-0.055312529314873,0.00794268229132217));
#6479=CARTESIAN_POINT('',(0.112620457495774,-0.0530490846750874,0.00794459408938434));
#6480=CARTESIAN_POINT('',(0.112848497833871,-0.051898955166725,0.00794568571877705));
#6481=CARTESIAN_POINT('',(0.113291613925664,-0.0484249195806499,0.00794948759706252));
#6482=CARTESIAN_POINT('',(0.113258916520484,-0.0460111413633023,0.00795277920755225));
#6483=CARTESIAN_POINT('',(0.11255307491536,-0.0414139106586168,0.00796181162146252));
#6484=CARTESIAN_POINT('',(0.111866920297796,-0.0391125714461958,0.00796757201266722));
#6485=CARTESIAN_POINT('',(0.109907897429721,-0.0348522501142061,0.00798524311177981));
#6486=CARTESIAN_POINT('',(0.108658830901812,-0.0328892952888231,0.00799556408306113));
#6487=CARTESIAN_POINT('',(0.106350401379923,-0.0301789201873057,0.00802722077339614));
#6488=CARTESIAN_POINT('',(0.105527414348394,-0.0293393541401805,0.00803943516512592));
#6489=CARTESIAN_POINT('',(0.103783505535927,-0.0277798449029341,0.00807528144490307));
#6490=CARTESIAN_POINT('',(0.102861906961894,-0.0270612660581457,0.00809708565548487));
#6491=CARTESIAN_POINT('',(0.101406410216008,-0.0260598999425158,0.00815418046167645));
#6492=CARTESIAN_POINT('',(0.100908892129981,-0.0257401016287863,0.00817657098253223));
#6493=CARTESIAN_POINT('',(0.0998893072634339,-0.0251180661354885,0.00823834415755231));
#6494=CARTESIAN_POINT('',(0.0993669047619653,-0.024818476999848,0.00827696459322005));
#6495=CARTESIAN_POINT('',(0.0982972618211451,-0.0242074352754467,0.00839142605455087));
#6496=CARTESIAN_POINT('',(0.0977472576571129,-0.0239045841937207,0.00847350849273715));
#6497=CARTESIAN_POINT('',(0.0968948654970414,-0.0233352305365818,0.00864320889368242));
#6498=CARTESIAN_POINT('',(0.0965975345711861,-0.0231174579833285,0.00871664911100095));
#6499=CARTESIAN_POINT('',(0.0959813341723438,-0.0225597199951349,0.00885621482163927));
#6500=CARTESIAN_POINT('',(0.0956619638729947,-0.0222098628288849,0.00891857448819694));
#6501=CARTESIAN_POINT('',(0.0953777490391919,-0.0217996501585113,0.00891771990611037));
#6502=CARTESIAN_POINT('',(0.0601172140439354,-0.0462811814080573,0.00635));
#6503=CARTESIAN_POINT('',(0.060299229506456,-0.0465426515171328,0.00635));
#6504=CARTESIAN_POINT('',(0.0604190755713221,-0.0468305577727002,0.00635));
#6505=CARTESIAN_POINT('',(0.0605979316305232,-0.0474351116840942,0.00635));
#6506=CARTESIAN_POINT('',(0.0606577256599342,-0.0477457152575354,0.00635));
#6507=CARTESIAN_POINT('',(0.0608153349229534,-0.0486734398960278,0.00635));
#6508=CARTESIAN_POINT('',(0.0608890099092258,-0.0492995046241096,0.00635));
#6509=CARTESIAN_POINT('',(0.0610665358225658,-0.0505445494925271,0.00635));
#6510=CARTESIAN_POINT('',(0.0611633510666371,-0.0511652393662427,0.00635));
#6511=CARTESIAN_POINT('',(0.0613920627588182,-0.0523957998932099,0.00635));
#6512=CARTESIAN_POINT('',(0.061522522786771,-0.0530064353428734,0.00635));
#6513=CARTESIAN_POINT('',(0.0619714592946453,-0.0548212129160982,0.00635));
#6514=CARTESIAN_POINT('',(0.0623453135464519,-0.0560105867726925,0.00635));
#6515=CARTESIAN_POINT('',(0.0632533081625234,-0.0583365720884359,0.00635));
#6516=CARTESIAN_POINT('',(0.0637926218268233,-0.0594834858341152,0.00635));
#6517=CARTESIAN_POINT('',(0.0656247457734638,-0.0627631160966197,0.00635));
#6518=CARTESIAN_POINT('',(0.067119786281045,-0.0647506675149987,0.00635));
#6519=CARTESIAN_POINT('',(0.0706860503257096,-0.0683184776666115,0.00635));
#6520=CARTESIAN_POINT('',(0.0726659767835183,-0.0698112813627206,0.00635));
#6521=CARTESIAN_POINT('',(0.075954760263558,-0.0716428736272049,0.00635));
#6522=CARTESIAN_POINT('',(0.0771018048008908,-0.0721793725773633,0.00635));
#6523=CARTESIAN_POINT('',(0.0794271042253866,-0.0730754567825032,0.00635));
#6524=CARTESIAN_POINT('',(0.0806184207959132,-0.0734420344674465,0.00635));
#6525=CARTESIAN_POINT('',(0.0842533312715291,-0.074291318904694,0.00635));
#6526=CARTESIAN_POINT('',(0.0868078778380466,-0.0745184877553406,0.00635));
#6527=CARTESIAN_POINT('',(0.0917493291600694,-0.0742720754418808,0.00635));
#6528=CARTESIAN_POINT('',(0.0942675789862268,-0.0737923771965414,0.00635));
#6529=CARTESIAN_POINT('',(0.0978012548240052,-0.0725849544907779,0.00635));
#6530=CARTESIAN_POINT('',(0.0989498128912482,-0.0721016400093339,0.00635));
#6531=CARTESIAN_POINT('',(0.10117366082235,-0.0709784842375811,0.00635));
#6532=CARTESIAN_POINT('',(0.102260951681118,-0.0703305954595063,0.00635));
#6533=CARTESIAN_POINT('',(0.105351999467613,-0.068178586619709,0.00635));
#6534=CARTESIAN_POINT('',(0.107171154009967,-0.0664960502670124,0.00635));
#6535=CARTESIAN_POINT('',(0.110359746544984,-0.0625871220526418,0.00635));
#6536=CARTESIAN_POINT('',(0.111646643436248,-0.0604572037693322,0.00635));
#6537=CARTESIAN_POINT('',(0.113129491452336,-0.0570070979753793,0.00635));
#6538=CARTESIAN_POINT('',(0.113546711164606,-0.0558094711137312,0.00635));
#6539=CARTESIAN_POINT('',(0.114201066283598,-0.0534011480232137,0.00635));
#6540=CARTESIAN_POINT('',(0.114443740264022,-0.0521774067453393,0.00635));
#6541=CARTESIAN_POINT('',(0.11491534274066,-0.0484810495831021,0.00635));
#6542=CARTESIAN_POINT('',(0.114880648881577,-0.0459128324659419,0.00635));
#6543=CARTESIAN_POINT('',(0.114129921141471,-0.0410216487349555,0.00635));
#6544=CARTESIAN_POINT('',(0.113400025442056,-0.0385732196624129,0.00635));
#6545=CARTESIAN_POINT('',(0.111316379243266,-0.0340412658064322,0.00635));
#6546=CARTESIAN_POINT('',(0.109987656941022,-0.0319530850125994,0.00635));
#6547=CARTESIAN_POINT('',(0.107533796345113,-0.0290725954819737,0.00635));
#6548=CARTESIAN_POINT('',(0.10665894879468,-0.0281804787690842,0.00635));
#6549=CARTESIAN_POINT('',(0.104806828849284,-0.0265260950006563,0.00635));
#6550=CARTESIAN_POINT('',(0.103828016373692,-0.0257640990511897,0.00635));
#6551=CARTESIAN_POINT('',(0.102287990672344,-0.024711108663006,0.00635));
#6552=CARTESIAN_POINT('',(0.101761896450642,-0.0243755620504959,0.00635));
#6553=CARTESIAN_POINT('',(0.100689027719635,-0.023730990107148,0.00635));
#6554=CARTESIAN_POINT('',(0.100140491851703,-0.0234227608135672,0.00635));
#6555=CARTESIAN_POINT('',(0.0990361661047105,-0.0228212937905008,0.00635));
#6556=CARTESIAN_POINT('',(0.09847438961017,-0.0225328345294879,0.00635));
#6557=CARTESIAN_POINT('',(0.097661141810873,-0.0220620040699382,0.00635));
#6558=CARTESIAN_POINT('',(0.0973921416894074,-0.021898520225189,0.00635));
#6559=CARTESIAN_POINT('',(0.0968843517309344,-0.0215180434258955,0.00635));
#6560=CARTESIAN_POINT('',(0.0966531294147979,-0.021302197751144,0.00635));
#6561=CARTESIAN_POINT('',(0.096471767786482,-0.0210400685426063,0.00635));
#6562=CARTESIAN_POINT('',(0.096471767786482,-0.0210400685426063,0.00635));
#6563=CARTESIAN_POINT('',(0.0961070948707186,-0.0212932624145746,0.00720590663537012));
#6564=CARTESIAN_POINT('',(0.0957424219549553,-0.0215464562865429,0.00806181327074025));
#6565=CARTESIAN_POINT('',(0.0953777490391919,-0.0217996501585113,0.00891771990611037));
#6566=CARTESIAN_POINT('',(0.0452841362414891,-0.0101751230640703,0.00794136889756441));
#6567=CARTESIAN_POINT('',(0.0437374875293091,-0.00968271211709319,0.00635));
#6568=CARTESIAN_POINT('',(0.048435245584422,-0.00809521211709319,0.00782184482173868));
#6569=CARTESIAN_POINT('',(0.0437374875293091,-0.00809521211709319,0.0047625));
#6570=CARTESIAN_POINT('',(0.0452841362414891,-0.0101751230640703,0.00794136889756441));
#6571=CARTESIAN_POINT('',(0.0463345060224667,-0.00948181941507793,0.00790152753895583));
#6572=CARTESIAN_POINT('',(0.0473848758034444,-0.00878851576608556,0.00786168618034726));
#6573=CARTESIAN_POINT('',(0.048435245584422,-0.00809521211709319,0.00782184482173868));
#6574=CARTESIAN_POINT('',(0.0437374875293091,-0.00968271211709319,0.00635));
#6575=CARTESIAN_POINT('',(0.0437374875293091,-0.00915354545042652,0.00582083333333333));
#6576=CARTESIAN_POINT('',(0.0437374875293091,-0.00862437878375986,0.00529166666666667));
#6577=CARTESIAN_POINT('',(0.0437374875293091,-0.00809521211709319,0.0047625));
#6578=CARTESIAN_POINT('',(0.0279398420864735,-0.00588783546930824,0.));
#6579=CARTESIAN_POINT('',(0.0263523420864736,-0.189538732898415,0.0015875));
#6580=CARTESIAN_POINT('',(-0.00404435638670077,0.0223014863560811,0.0319841984731741));
#6581=CARTESIAN_POINT('',(0.0263523420864736,-0.189538732898415,0.0015875));
#6582=CARTESIAN_POINT('',(0.0263523420864736,-0.189538732898415,0.0015875));
#6583=CARTESIAN_POINT('',(0.0279398420864735,-0.190332482898415,0.00079375));
#6584=CARTESIAN_POINT('',(0.0180443341125387,-0.00968271211709319,0.00635));
#6585=CARTESIAN_POINT('',(0.0246413394284953,-0.0063842094591149,0.00305149734202172));
#6586=CARTESIAN_POINT('',(0.0953777490391918,-0.0217996501585113,0.00891771990611037));
#6587=CARTESIAN_POINT('',(0.095096182060578,-0.0213950601036156,0.00891863901049096));
#6588=CARTESIAN_POINT('',(0.0948801741112144,-0.0209759390385997,0.00885739125680736));
#6589=CARTESIAN_POINT('',(0.0945725499676368,-0.0202059377513208,0.00871854114118236));
#6590=CARTESIAN_POINT('',(0.0944716860680037,-0.0198511677714417,0.00864512030174871));
#6591=CARTESIAN_POINT('',(0.094235341791536,-0.0188529293784498,0.00847466075179171));
#6592=CARTESIAN_POINT('',(0.0941434196308024,-0.0182309819900452,0.00839234754355755));
#6593=CARTESIAN_POINT('',(0.0939445728000541,-0.0170144092921162,0.00827751762342657));
#6594=CARTESIAN_POINT('',(0.0938466247106946,-0.0164204095982381,0.00823878528383276));
#6595=CARTESIAN_POINT('',(0.0936189787438203,-0.0152409256873218,0.00817656629660115));
#6596=CARTESIAN_POINT('',(0.0934920905761754,-0.0146578499213532,0.00815398557177579));
#6597=CARTESIAN_POINT('',(0.0930581892395155,-0.0129293261233086,0.00809655155041698));
#6598=CARTESIAN_POINT('',(0.092702954142466,-0.0118053418181314,0.00807468874574234));
#6599=CARTESIAN_POINT('',(0.09218992284021,-0.010498792644361,0.00805334522015769));
#6600=CARTESIAN_POINT('',(0.0921067117288251,-0.0102945300841723,0.00805018828213872));
#6601=CARTESIAN_POINT('',(0.0920209382014222,-0.0100913558475958,0.00804720431673859));
#6602=CARTESIAN_POINT('',(0.096471767786482,-0.0210400685426063,0.00635));
#6603=CARTESIAN_POINT('',(0.0962917092970144,-0.0207817410111708,0.00635));
#6604=CARTESIAN_POINT('',(0.0961701866729109,-0.0204917895219936,0.00635));
#6605=CARTESIAN_POINT('',(0.0959910115929262,-0.0198858554135495,0.00635));
#6606=CARTESIAN_POINT('',(0.095931463224486,-0.0195771704501181,0.00635));
#6607=CARTESIAN_POINT('',(0.0957742952204852,-0.0186508563599532,0.00635));
#6608=CARTESIAN_POINT('',(0.0957001700887513,-0.0180231799454034,0.00635));
#6609=CARTESIAN_POINT('',(0.0955225884572382,-0.0167776676078292,0.00635));
#6610=CARTESIAN_POINT('',(0.0954257193097086,-0.0161562157822328,0.00635));
#6611=CARTESIAN_POINT('',(0.0951956026265961,-0.0149186360792837,0.00635));
#6612=CARTESIAN_POINT('',(0.0950638992338548,-0.0143029881654352,0.00635));
#6613=CARTESIAN_POINT('',(0.0946109297224134,-0.0124763274322123,0.00635));
#6614=CARTESIAN_POINT('',(0.0942347449162245,-0.0112829544798532,0.00635));
#6615=CARTESIAN_POINT('',(0.0936909162707619,-0.00989569661387132,0.00635));
#6616=CARTESIAN_POINT('',(0.0936026702372867,-0.00967877637258611,0.00635));
#6617=CARTESIAN_POINT('',(0.0935116728624641,-0.00946297839299589,0.00635));
#6618=CARTESIAN_POINT('',(0.0936032121275397,-0.00968269591778404,0.00635));
#6619=CARTESIAN_POINT('',(0.0930834671408462,-0.00983659522545498,0.00691674627221752));
#6620=CARTESIAN_POINT('',(0.0925647723540138,-0.00999354756822062,0.00748275776829949));
#6621=CARTESIAN_POINT('',(0.0920471611660936,-0.0101535505347916,0.0080480642383137));
#6622=CARTESIAN_POINT('',(0.0920473345947986,-0.0101537611496519,0.00804816557626179));
#6623=CARTESIAN_POINT('',(0.0920867170804259,-0.0101059252259414,0.00978463384149474));
#6624=CARTESIAN_POINT('',(0.0921866671927015,-0.0099897762731829,0.0115599258570345));
#6625=CARTESIAN_POINT('',(0.0923453656474497,-0.00972430942292473,0.0153605263882432));
#6626=CARTESIAN_POINT('',(0.0923922954691685,-0.00958110859688084,0.0173942786122462));
#6627=CARTESIAN_POINT('',(0.0921045028962807,-0.00935178537432191,0.02156291348827));
#6628=CARTESIAN_POINT('',(0.0917687290348754,-0.00926328811068707,0.0236745312600658));
#6629=CARTESIAN_POINT('',(0.0904392881561821,-0.00914067807356449,0.0278484688267785));
#6630=CARTESIAN_POINT('',(0.089475777778245,-0.00910685961844838,0.029819196321065));
#6631=CARTESIAN_POINT('',(0.0875066387989419,-0.00908407832499042,0.0325103079668614));
#6632=CARTESIAN_POINT('',(0.0867833735342307,-0.00908135090687569,0.0333360561023902));
#6633=CARTESIAN_POINT('',(0.08520070721033,-0.00908324119990296,0.0348535419233921));
#6634=CARTESIAN_POINT('',(0.0843367760658004,-0.00908793077248298,0.0355478136581003));
#6635=CARTESIAN_POINT('',(0.0824860919887892,-0.00910344043647745,0.03678047957354));
#6636=CARTESIAN_POINT('',(0.0815216662603805,-0.00911404559028434,0.0373052377582162));
#6637=CARTESIAN_POINT('',(0.0795163611580585,-0.00913976811516823,0.0381873415395605));
#6638=CARTESIAN_POINT('',(0.0784608714050375,-0.00915515894966822,0.0385469023386801));
#6639=CARTESIAN_POINT('',(0.0763334261299896,-0.00918916326399629,0.0390792318340191));
#6640=CARTESIAN_POINT('',(0.0752616936706278,-0.00920772809900904,0.0392552530638791));
#6641=CARTESIAN_POINT('',(0.073101888179761,-0.00924765219190446,0.0394395598830963));
#6642=CARTESIAN_POINT('',(0.0720097259320696,-0.00926910822457747,0.0394473612340422));
#6643=CARTESIAN_POINT('',(0.0687315997865272,-0.00933718984785552,0.0392220809597469));
#6644=CARTESIAN_POINT('',(0.0666372427888174,-0.00938550338938662,0.0387559802456016));
#6645=CARTESIAN_POINT('',(0.0625640600513753,-0.00948900237315118,0.0372593580252601));
#6646=CARTESIAN_POINT('',(0.0606785180549084,-0.0095419398403671,0.0362595999807205));
#6647=CARTESIAN_POINT('',(0.0571565520625387,-0.00965042886223583,0.0338210797477178));
#6648=CARTESIAN_POINT('',(0.0555555493834189,-0.00970509138693857,0.0323961179497562));
#6649=CARTESIAN_POINT('',(0.0527229826914412,-0.0098105951717981,0.0292887340471868));
#6650=CARTESIAN_POINT('',(0.0514581252863287,-0.00986276496733434,0.0275630192199834));
#6651=CARTESIAN_POINT('',(0.0493197947327908,-0.00995808091022157,0.0239729953851177));
#6652=CARTESIAN_POINT('',(0.0484280282119226,-0.0100017916825704,0.0220965679942471));
#6653=CARTESIAN_POINT('',(0.0469643813771404,-0.010077777793261,0.0181840043014432));
#6654=CARTESIAN_POINT('',(0.0464066329294469,-0.0101091519611659,0.0161815255381909));
#6655=CARTESIAN_POINT('',(0.0456072968532307,-0.010155583709488,0.0121236451816181));
#6656=CARTESIAN_POINT('',(0.0453657532603984,-0.010170093990412,0.0100337519369712));
#6657=CARTESIAN_POINT('',(0.0452841362739051,-0.0101751230620729,0.00794136972860135));
#6658=CARTESIAN_POINT('',(0.0889047435365943,-0.00809521211709319,0.00815375012268112));
#6659=CARTESIAN_POINT('',(0.0889675484417149,-0.00809521211709318,0.00999079330810167));
#6660=CARTESIAN_POINT('',(0.0891237863267747,-0.00809521211709319,0.0118240769969098));
#6661=CARTESIAN_POINT('',(0.0894205403549356,-0.00809521211709318,0.0155669364317447));
#6662=CARTESIAN_POINT('',(0.089547157554271,-0.00809521211709319,0.0174857404131247));
#6663=CARTESIAN_POINT('',(0.0894359244413125,-0.00809521211709318,0.0213113128544548));
#6664=CARTESIAN_POINT('',(0.0891985909856862,-0.00809521211709319,0.0232019847966485));
#6665=CARTESIAN_POINT('',(0.0881220879401265,-0.00809521211709318,0.0268983351259076));
#6666=CARTESIAN_POINT('',(0.0873088312972696,-0.00809521211709319,0.0286230126337651));
#6667=CARTESIAN_POINT('',(0.0856189363363305,-0.00809521211709318,0.0309650821513195));
#6668=CARTESIAN_POINT('',(0.0849948496490041,-0.00809521211709319,0.0316810628211718));
#6669=CARTESIAN_POINT('',(0.083624487850025,-0.00809521211709318,0.0329927674156851));
#6670=CARTESIAN_POINT('',(0.0828742504430347,-0.00809521211709319,0.0335906053789651));
#6671=CARTESIAN_POINT('',(0.0812638352925266,-0.00809521211709318,0.0346475773755944));
#6672=CARTESIAN_POINT('',(0.0804231027926385,-0.00809521211709319,0.0350950348624363));
#6673=CARTESIAN_POINT('',(0.0786727844104015,-0.00809521211709318,0.0358418843958336));
#6674=CARTESIAN_POINT('',(0.0777503942585879,-0.00809521211709319,0.0361430095543763));
#6675=CARTESIAN_POINT('',(0.0758894330316461,-0.00809521211709318,0.0365807908617122));
#6676=CARTESIAN_POINT('',(0.0749510841559542,-0.00809521211709319,0.0367203024299532));
#6677=CARTESIAN_POINT('',(0.0730585710137433,-0.00809521211709318,0.0368511897004365));
#6678=CARTESIAN_POINT('',(0.0721008108814688,-0.00809521211709319,0.0368420769053349));
#6679=CARTESIAN_POINT('',(0.0692238815472139,-0.00809521211709319,0.0365945743101799));
#6680=CARTESIAN_POINT('',(0.0673829511707789,-0.00809521211709319,0.0361512519744177));
#6681=CARTESIAN_POINT('',(0.0637969132594722,-0.00809521211709318,0.0347610585438323));
#6682=CARTESIAN_POINT('',(0.0621338594224868,-0.00809521211709319,0.0338428623644297));
#6683=CARTESIAN_POINT('',(0.0590217032528241,-0.00809521211709318,0.0316104879938644));
#6684=CARTESIAN_POINT('',(0.0576037792870017,-0.00809521211709319,0.0303089928109828));
#6685=CARTESIAN_POINT('',(0.0550898424736252,-0.00809521211709318,0.0274691503479317));
#6686=CARTESIAN_POINT('',(0.0539642282017844,-0.00809521211709319,0.0258911651569637));
#6687=CARTESIAN_POINT('',(0.0520570216711966,-0.00809521211709318,0.0226020744350133));
#6688=CARTESIAN_POINT('',(0.051259263948926,-0.00809521211709319,0.0208799462363702));
#6689=CARTESIAN_POINT('',(0.0499473634574225,-0.00809521211709318,0.0172812161375651));
#6690=CARTESIAN_POINT('',(0.0494459880233169,-0.00809521211709319,0.0154356013684115));
#6691=CARTESIAN_POINT('',(0.0487265610662739,-0.00809521211709319,0.0116894316846837));
#6692=CARTESIAN_POINT('',(0.0485088764015591,-0.00809521211709319,0.00975708227810966));
#6693=CARTESIAN_POINT('',(0.0484352455551778,-0.00809521211709319,0.00782184405311505));
#6694=CARTESIAN_POINT('',(0.0920473112491281,-0.0101537458571094,0.00804816636062794));
#6695=CARTESIAN_POINT('',(0.0909997886782835,-0.00946756794377063,0.008083360947979));
#6696=CARTESIAN_POINT('',(0.0899522661074389,-0.00878139003043191,0.00811855553533006));
#6697=CARTESIAN_POINT('',(0.0889047435365944,-0.00809521211709319,0.00815375012268112));
#6698=CARTESIAN_POINT('',(-0.0648377533330492,-0.00809521211709319,0.0015875));
#6699=CARTESIAN_POINT('',(0.190529016977649,-0.00888896211709319,0.00079375));
#6700=CARTESIAN_POINT('',(0.190529016977649,-0.00588783546930824,0.));
#6701=CARTESIAN_POINT('',(0.190529016977649,-0.189538732898415,0.));
#6702=CARTESIAN_POINT('',(0.192116516977649,-0.00968271211709319,0.0015875));
#6703=CARTESIAN_POINT('',(0.0180443341125387,-0.191126232898415,0.0015875));
#6704=CARTESIAN_POINT('',(0.190529016977649,-0.189538732898415,0.));
#6705=CARTESIAN_POINT('',(0.0279398420864735,-0.191126232898415,0.00635));
#6706=CARTESIAN_POINT('',(0.0271460920864736,-0.190332482898415,0.0047625));
#6707=CARTESIAN_POINT('',(0.0263523420864736,0.0339305983096187,0.0047625));
#6708=CARTESIAN_POINT('',(0.0279398420864735,-0.189538732898415,0.00635));
#6709=CARTESIAN_POINT('',(0.0936032327433721,-0.00968271211709319,0.00635));
#6710=CARTESIAN_POINT('',(0.0920473345943126,-0.0101537611502421,0.00804816555483725));
#6711=CARTESIAN_POINT('',(0.0936032327433721,-0.00809521211709319,0.0047625));
#6712=CARTESIAN_POINT('',(0.0889047435373692,-0.00809521211709319,0.00815375014534656));
#6713=CARTESIAN_POINT('',(0.0936032327433722,-0.00809521211709319,0.0047625));
#6714=CARTESIAN_POINT('',(0.0936032327433722,-0.00862437878375986,0.00529166666666667));
#6715=CARTESIAN_POINT('',(0.0936032327433722,-0.00915354545042652,0.00582083333333333));
#6716=CARTESIAN_POINT('',(0.0936032327433722,-0.00968271211709319,0.00635));
#6717=CARTESIAN_POINT('',(0.192116516977649,-0.00968271211709319,0.0015875));
#6718=CARTESIAN_POINT('',(0.192116516977649,-0.00968271211709319,0.0015875));
#6719=CARTESIAN_POINT('',(0.190529016977649,-0.189538732898415,0.));
#6720=CARTESIAN_POINT('',(0.191322766977649,-0.190332482898415,0.0015875));
#6721=CARTESIAN_POINT('',(0.0279398420864735,-0.189538732898415,0.00635));
#6722=CARTESIAN_POINT('',(0.0279398420864735,-0.189538732898415,0.00635));
#6723=CARTESIAN_POINT('',(0.0180443341125387,-0.00968271211709319,0.00635));
#6724=CARTESIAN_POINT('',(0.190529016977649,-0.00968271211709319,0.00635));
#6725=CARTESIAN_POINT('',(0.192116516977649,-0.00968271211709319,0.00635));
#6726=CARTESIAN_POINT('',(0.191322766977649,-0.00888896211709319,0.0047625));
#6727=CARTESIAN_POINT('',(0.192116516977649,-0.189538732898415,0.00635));
#6728=CARTESIAN_POINT('',(0.192116516977649,-0.189538732898415,0.0047625));
#6729=CARTESIAN_POINT('',(0.0180443341125387,-0.189538732898415,0.00635));
#6730=CARTESIAN_POINT('',(0.190529016977649,-0.190332482898415,0.00555625));
#6731=CARTESIAN_POINT('',(0.190529016977649,-0.00968271211709319,0.00635));
#6732=CARTESIAN_POINT('',(0.190529016977649,-0.00968271211709319,0.00635));
#6733=CARTESIAN_POINT('',(0.192116516977649,-0.189538732898415,0.0047625));
#6734=CARTESIAN_POINT('',(0.192116516977649,-0.189538732898415,0.0047625));
#6735=CARTESIAN_POINT('',(0.192116516977649,-0.00588783546930824,0.0047625));
#6736=CARTESIAN_POINT('',(0.139620922965266,-0.00588783546930824,0.0127));
#6737=CARTESIAN_POINT('',(0.138033422965266,-0.0329820396252582,0.0111125));
#6738=CARTESIAN_POINT('',(0.139620922965266,-0.110728538413284,0.0127));
#6739=CARTESIAN_POINT('',(0.138033422965266,-0.0329820396252582,0.0111125));
#6740=CARTESIAN_POINT('',(0.138033422965266,-0.0329820396252582,0.0111125));
#6741=CARTESIAN_POINT('',(0.139620922965266,-0.0321882896252582,0.01190625));
#6742=CARTESIAN_POINT('',(0.139620922965266,-0.110728538413284,0.0127));
#6743=CARTESIAN_POINT('',(0.139620922965266,-0.110728538413284,0.0127));
#6744=CARTESIAN_POINT('',(0.138827172965266,-0.111522288413284,0.0111125));
#6745=CARTESIAN_POINT('',(0.144385722246588,-0.0313945396252582,0.0111125));
#6746=CARTESIAN_POINT('',(0.149150521527909,-0.0329820396252582,0.0127));
#6747=CARTESIAN_POINT('',(0.138033422965266,-0.0329820396252582,0.0127));
#6748=CARTESIAN_POINT('',(0.138033422965266,-0.0329820396252582,0.0079375));
#6749=CARTESIAN_POINT('',(0.138033422965266,-0.0718552890192709,0.0079375));
#6750=CARTESIAN_POINT('',(0.138033422965266,-0.110728538413284,0.0079375));
#6751=CARTESIAN_POINT('',(0.136445922965266,-0.0329820396252582,0.00635));
#6752=CARTESIAN_POINT('',(0.139620922965266,-0.112316038413284,0.0127));
#6753=CARTESIAN_POINT('',(0.139620922965266,-0.112316038413284,0.0079375));
#6754=CARTESIAN_POINT('',(0.0180443341125387,-0.110728538413284,0.0127));
#6755=CARTESIAN_POINT('',(0.149150521527909,-0.111522288413284,0.01190625));
#6756=CARTESIAN_POINT('',(0.15073802152791,-0.0718552890192709,0.0111125));
#6757=CARTESIAN_POINT('',(0.149150521527909,-0.0329820396252582,0.0127));
#6758=CARTESIAN_POINT('',(0.15073802152791,-0.110728538413284,0.0111125));
#6759=CARTESIAN_POINT('',(0.149150521527909,-0.0329820396252582,0.0127));
#6760=CARTESIAN_POINT('',(0.149944271527909,-0.0321882896252582,0.0111125));
#6761=CARTESIAN_POINT('',(0.138033422965266,-0.0329820396252582,0.0079375));
#6762=CARTESIAN_POINT('',(0.139620922965266,-0.0313945396252582,0.0079375));
#6763=CARTESIAN_POINT('',(0.139620922965266,-0.112316038413284,0.0079375));
#6764=CARTESIAN_POINT('',(0.139620922965266,-0.113903538413284,0.00635));
#6765=CARTESIAN_POINT('',(0.15073802152791,-0.110728538413284,0.0111125));
#6766=CARTESIAN_POINT('',(0.15073802152791,-0.110728538413284,0.0111125));
#6767=CARTESIAN_POINT('',(0.149150521527909,-0.0313945396252582,0.0127));
#6768=CARTESIAN_POINT('',(0.149150521527909,-0.0313945396252582,0.0079375));
#6769=CARTESIAN_POINT('',(0.0180443341125387,-0.0298070396252582,0.00635));
#6770=CARTESIAN_POINT('',(0.149150521527909,-0.0298070396252582,0.00635));
#6771=CARTESIAN_POINT('',(0.144385722246588,-0.112316038413284,0.0079375));
#6772=CARTESIAN_POINT('',(0.149150521527909,-0.112316038413284,0.0079375));
#6773=CARTESIAN_POINT('',(0.15073802152791,-0.110728538413284,0.0127));
#6774=CARTESIAN_POINT('',(0.15073802152791,-0.110728538413284,0.0079375));
#6775=CARTESIAN_POINT('',(0.149150521527909,-0.0313945396252582,0.0079375));
#6776=CARTESIAN_POINT('',(0.15073802152791,-0.0329820396252582,0.0079375));
#6777=CARTESIAN_POINT('',(0.15073802152791,-0.110728538413284,0.0079375));
#6778=CARTESIAN_POINT('',(0.15232552152791,-0.110728538413284,0.00635));
#6779=CARTESIAN_POINT('',(0.15232552152791,-0.00588783546930824,0.00635));
#6780=CARTESIAN_POINT('',(0.0646742309786173,-0.100808727336728,0.00879687784974188));
#6781=CARTESIAN_POINT('',(0.0641051608098309,-0.101589036247741,0.00878944083383923));
#6782=CARTESIAN_POINT('',(0.0635174901515368,-0.102073198622218,0.00860989623494148));
#6783=CARTESIAN_POINT('',(0.062453520218056,-0.102847314565619,0.00841151916711169));
#6784=CARTESIAN_POINT('',(0.0619383757411767,-0.103167857669271,0.00833716869034551));
#6785=CARTESIAN_POINT('',(0.0609375070071517,-0.103813703428433,0.00823556214233963));
#6786=CARTESIAN_POINT('',(0.0604498648317255,-0.104131410327881,0.0082013802472727));
#6787=CARTESIAN_POINT('',(0.0594954218047067,-0.104790158152602,0.00814668020139334));
#6788=CARTESIAN_POINT('',(0.0590294818370778,-0.105128220511988,0.00812689901209273));
#6789=CARTESIAN_POINT('',(0.0576615554557965,-0.106186288138927,0.00807634706730674));
#6790=CARTESIAN_POINT('',(0.0567994363780698,-0.106938928882089,0.00805729226299848));
#6791=CARTESIAN_POINT('',(0.0551911816343701,-0.108538068125315,0.00802615320302243));
#6792=CARTESIAN_POINT('',(0.05444196492838,-0.109385394227992,0.00801568041854579));
#6793=CARTESIAN_POINT('',(0.0523582139100083,-0.112077796849746,0.00798838222839946));
#6794=CARTESIAN_POINT('',(0.0511945302222953,-0.114087150111672,0.00797904349688089));
#6795=CARTESIAN_POINT('',(0.0494722453384604,-0.11824177984086,0.00796383970951647));
#6796=CARTESIAN_POINT('',(0.0488721788135526,-0.12048998944393,0.00795874919557469));
#6797=CARTESIAN_POINT('',(0.048306437123327,-0.124980893253513,0.00795081794435117));
#6798=CARTESIAN_POINT('',(0.0483194862017806,-0.127260303245278,0.00794799719232755));
#6799=CARTESIAN_POINT('',(0.0489648162464064,-0.131789629419862,0.00794348587774192));
#6800=CARTESIAN_POINT('',(0.0495744485952043,-0.133950301974942,0.00794190153724029));
#6801=CARTESIAN_POINT('',(0.0509362135937984,-0.137097824960676,0.00794002987297163));
#6802=CARTESIAN_POINT('',(0.0514618113394734,-0.13811673738778,0.00793950743472919));
#6803=CARTESIAN_POINT('',(0.0526306776121445,-0.140054032901342,0.00793863965430439));
#6804=CARTESIAN_POINT('',(0.0532784117898829,-0.140981664796916,0.00793828991991135));
#6805=CARTESIAN_POINT('',(0.0554010187117658,-0.143630107125536,0.00793745657194893));
#6806=CARTESIAN_POINT('',(0.0570882172524658,-0.145232929311643,0.00793719184202182));
#6807=CARTESIAN_POINT('',(0.0607293656837929,-0.147870227016419,0.00793719636229361));
#6808=CARTESIAN_POINT('',(0.0627723893682495,-0.148972314832581,0.00793746331398028));
#6809=CARTESIAN_POINT('',(0.0670194033193985,-0.150564006419452,0.00793858690091587));
#6810=CARTESIAN_POINT('',(0.0692310000322781,-0.15107526378243,0.00793942529483984));
#6811=CARTESIAN_POINT('',(0.073791613009905,-0.151494214340642,0.00794193694912844));
#6812=CARTESIAN_POINT('',(0.0760372571963827,-0.151398572700803,0.00794353316133941));
#6813=CARTESIAN_POINT('',(0.0794072001183067,-0.150802150148426,0.0079469202539462));
#6814=CARTESIAN_POINT('',(0.0805231398408273,-0.150525477695979,0.00794821493242635));
#6815=CARTESIAN_POINT('',(0.0826794756420036,-0.149835155899932,0.00795119403020942));
#6816=CARTESIAN_POINT('',(0.0837329787190857,-0.149418651783415,0.00795288817167057));
#6817=CARTESIAN_POINT('',(0.0867948759679406,-0.147968358959473,0.0079588487324074));
#6818=CARTESIAN_POINT('',(0.0887450050468641,-0.146699427523948,0.00796396284320781));
#6819=CARTESIAN_POINT('',(0.0913064184143603,-0.144497749419137,0.00797543513956739));
#6820=CARTESIAN_POINT('',(0.0921158915480485,-0.143704106987506,0.007979888950082));
#6821=CARTESIAN_POINT('',(0.0936256992822963,-0.142013479522133,0.00799114029051193));
#6822=CARTESIAN_POINT('',(0.0943351404099025,-0.141103677487393,0.00799786769689609));
#6823=CARTESIAN_POINT('',(0.0956115185783273,-0.13922075029205,0.00801595076574002));
#6824=CARTESIAN_POINT('',(0.0961828658040468,-0.138245712426512,0.00802663083456958));
#6825=CARTESIAN_POINT('',(0.0971991925170168,-0.136225807333937,0.00805791520394765));
#6826=CARTESIAN_POINT('',(0.0976422966036111,-0.135182456507558,0.00807693080412906));
#6827=CARTESIAN_POINT('',(0.0982210295773528,-0.133561376494215,0.00812749662857401));
#6828=CARTESIAN_POINT('',(0.0983984891121671,-0.133011704649278,0.00814743922985138));
#6829=CARTESIAN_POINT('',(0.0987287670385091,-0.131899714212051,0.00820250058660648));
#6830=CARTESIAN_POINT('',(0.0988795479026032,-0.131337743814344,0.00823691245840657));
#6831=CARTESIAN_POINT('',(0.0991834489613459,-0.130186849088482,0.00833916459670019));
#6832=CARTESIAN_POINT('',(0.0993298731810533,-0.129597984717172,0.00841338397555947));
#6833=CARTESIAN_POINT('',(0.0997364682500476,-0.128346483509634,0.00861410182713172));
#6834=CARTESIAN_POINT('',(0.100029558017905,-0.127623525315561,0.00879233857633612));
#6835=CARTESIAN_POINT('',(0.100574624969831,-0.126873393761313,0.00879687784974189));
#6836=CARTESIAN_POINT('',(0.0635325931773252,-0.0999798671165407,0.00635));
#6837=CARTESIAN_POINT('',(0.0631559344996194,-0.100494933487075,0.00635));
#6838=CARTESIAN_POINT('',(0.0626550760132411,-0.100838828857356,0.00635));
#6839=CARTESIAN_POINT('',(0.0616376021362724,-0.101504949214145,0.00635));
#6840=CARTESIAN_POINT('',(0.0611121399119093,-0.101814954863879,0.00635));
#6841=CARTESIAN_POINT('',(0.0600787166929732,-0.102459039838316,0.00635));
#6842=CARTESIAN_POINT('',(0.0595667523335406,-0.10278773541624,0.00635));
#6843=CARTESIAN_POINT('',(0.0585626043839517,-0.103473231720381,0.00635));
#6844=CARTESIAN_POINT('',(0.0580700224580102,-0.103828673838697,0.00635));
#6845=CARTESIAN_POINT('',(0.0566230368899119,-0.104943097088732,0.00635));
#6846=CARTESIAN_POINT('',(0.0557076955345647,-0.105741389994264,0.00635));
#6847=CARTESIAN_POINT('',(0.0540002718200529,-0.10743794242528,0.00635));
#6848=CARTESIAN_POINT('',(0.0532041506320282,-0.108338131310796,0.00635));
#6849=CARTESIAN_POINT('',(0.0509900345616251,-0.11119879351957,0.00635));
#6850=CARTESIAN_POINT('',(0.0497526674567563,-0.113335491548536,0.00635));
#6851=CARTESIAN_POINT('',(0.047921595587077,-0.117753322778303,0.00635));
#6852=CARTESIAN_POINT('',(0.0472835541709213,-0.120144258138842,0.00635));
#6853=CARTESIAN_POINT('',(0.0466821248697899,-0.124920380183387,0.00635));
#6854=CARTESIAN_POINT('',(0.0466960927577152,-0.127344638894607,0.00635));
#6855=CARTESIAN_POINT('',(0.0473826039990175,-0.132161841445718,0.00635));
#6856=CARTESIAN_POINT('',(0.0480310527430821,-0.134459873359145,0.00635));
#6857=CARTESIAN_POINT('',(0.0494794769090971,-0.137807510155849,0.00635));
#6858=CARTESIAN_POINT('',(0.0500385165098524,-0.138891206864771,0.00635));
#6859=CARTESIAN_POINT('',(0.0512817454649261,-0.140951684028394,0.00635));
#6860=CARTESIAN_POINT('',(0.0519706845793243,-0.141938301391631,0.00635));
#6861=CARTESIAN_POINT('',(0.0542283108723137,-0.144755156578196,0.00635));
#6862=CARTESIAN_POINT('',(0.0560228221415063,-0.146459909903103,0.00635));
#6863=CARTESIAN_POINT('',(0.0598955485713839,-0.149264940669642,0.00635));
#6864=CARTESIAN_POINT('',(0.0620685027063728,-0.150437130486663,0.00635));
#6865=CARTESIAN_POINT('',(0.0665855997332424,-0.152130093048823,0.00635));
#6866=CARTESIAN_POINT('',(0.0689378334934463,-0.152673895665992,0.00635));
#6867=CARTESIAN_POINT('',(0.0737884349343567,-0.153119585072177,0.00635));
#6868=CARTESIAN_POINT('',(0.0761768587398406,-0.153017921215038,0.00635));
#6869=CARTESIAN_POINT('',(0.0797610273401585,-0.152383708819204,0.00635));
#6870=CARTESIAN_POINT('',(0.0809479003605049,-0.152089496108731,0.00635));
#6871=CARTESIAN_POINT('',(0.0832412804818559,-0.151355406374297,0.00635));
#6872=CARTESIAN_POINT('',(0.084361728266533,-0.150912492907736,0.00635));
#6873=CARTESIAN_POINT('',(0.0876181423134361,-0.149370265109383,0.00635));
#6874=CARTESIAN_POINT('',(0.0896921079234578,-0.148020894059355,0.00635));
#6875=CARTESIAN_POINT('',(0.0924158620766514,-0.145679967969268,0.00635));
#6876=CARTESIAN_POINT('',(0.0932765907839705,-0.14483616252001,0.00635));
#6877=CARTESIAN_POINT('',(0.0948817633726951,-0.143038918827701,0.00635));
#6878=CARTESIAN_POINT('',(0.0956359318482349,-0.142071794851488,0.00635));
#6879=CARTESIAN_POINT('',(0.0969921050312725,-0.140071017841238,0.00635));
#6880=CARTESIAN_POINT('',(0.0975989981845877,-0.139035058039433,0.00635));
#6881=CARTESIAN_POINT('',(0.0986768201043001,-0.1368910160812,0.00635));
#6882=CARTESIAN_POINT('',(0.0991464959292706,-0.135783524936166,0.00635));
#6883=CARTESIAN_POINT('',(0.0997540656142255,-0.134070322790642,0.00635));
#6884=CARTESIAN_POINT('',(0.0999397884272425,-0.133489855580942,0.00635));
#6885=CARTESIAN_POINT('',(0.100279958368614,-0.132322449881257,0.00635));
#6886=CARTESIAN_POINT('',(0.100433573161527,-0.131734042831942,0.00635));
#6887=CARTESIAN_POINT('',(0.100725323046944,-0.130553309819518,0.00635));
#6888=CARTESIAN_POINT('',(0.100857873665309,-0.129958922629081,0.00635));
#6889=CARTESIAN_POINT('',(0.101175483885082,-0.128786020192401,0.00635));
#6890=CARTESIAN_POINT('',(0.101356331190345,-0.128197348225073,0.00635));
#6891=CARTESIAN_POINT('',(0.101716262771123,-0.127702253981501,0.00635));
#6892=CARTESIAN_POINT('',(0.101716262771123,-0.127702253981501,0.00635));
#6893=CARTESIAN_POINT('',(0.101335716837359,-0.127425967241438,0.00716562594991396));
#6894=CARTESIAN_POINT('',(0.100955170903595,-0.127149680501376,0.00798125189982793));
#6895=CARTESIAN_POINT('',(0.100574624969831,-0.126873393761313,0.00879687784974189));
#6896=CARTESIAN_POINT('',(0.0646742309786173,-0.100808727336728,0.00879687784974188));
#6897=CARTESIAN_POINT('',(0.0642936850448533,-0.100532440596666,0.00798125189982792));
#6898=CARTESIAN_POINT('',(0.0639131391110892,-0.100256153856603,0.00716562594991396));
#6899=CARTESIAN_POINT('',(0.0635325931773252,-0.0999798671165407,0.00635));
#6900=CARTESIAN_POINT('',(0.100574624969831,-0.126873393761313,0.00879687784974188));
#6901=CARTESIAN_POINT('',(0.101143695138617,-0.1260930848503,0.0087894408338392));
#6902=CARTESIAN_POINT('',(0.101731365796911,-0.125608922475823,0.00860989623494147));
#6903=CARTESIAN_POINT('',(0.102795335730392,-0.124834806532422,0.0084115191671117));
#6904=CARTESIAN_POINT('',(0.103310480207271,-0.12451426342877,0.00833716869034552));
#6905=CARTESIAN_POINT('',(0.104311348941297,-0.123868417669609,0.00823556214233962));
#6906=CARTESIAN_POINT('',(0.104798991116723,-0.12355071077016,0.0082013802472727));
#6907=CARTESIAN_POINT('',(0.105753434143742,-0.122891962945439,0.00814668020139333));
#6908=CARTESIAN_POINT('',(0.10621937411137,-0.122553900586053,0.00812689901209273));
#6909=CARTESIAN_POINT('',(0.107587300492652,-0.121495832959114,0.00807634706730674));
#6910=CARTESIAN_POINT('',(0.108449419570378,-0.120743192215952,0.00805729226299848));
#6911=CARTESIAN_POINT('',(0.110057674314078,-0.119144052972727,0.00802615320302243));
#6912=CARTESIAN_POINT('',(0.110806891020068,-0.118296726870049,0.00801568041854579));
#6913=CARTESIAN_POINT('',(0.11289064203844,-0.115604324248296,0.00798838222839945));
#6914=CARTESIAN_POINT('',(0.114054325726153,-0.113594970986369,0.00797904349688089));
#6915=CARTESIAN_POINT('',(0.115776610609988,-0.109440341257181,0.00796383970951646));
#6916=CARTESIAN_POINT('',(0.116376677134896,-0.107192131654111,0.00795874919557469));
#6917=CARTESIAN_POINT('',(0.116942418825121,-0.102701227844529,0.00795081794435117));
#6918=CARTESIAN_POINT('',(0.116929369746668,-0.100421817852764,0.00794799719232756));
#6919=CARTESIAN_POINT('',(0.116284039702042,-0.0958924916781797,0.00794348587774192));
#6920=CARTESIAN_POINT('',(0.115674407353244,-0.0937318191230993,0.0079419015372403));
#6921=CARTESIAN_POINT('',(0.11431264235465,-0.090584296137365,0.00794002987297162));
#6922=CARTESIAN_POINT('',(0.113787044608975,-0.089565383710261,0.0079395074347292));
#6923=CARTESIAN_POINT('',(0.112618178336304,-0.0876280881966994,0.00793863965430438));
#6924=CARTESIAN_POINT('',(0.111970444158565,-0.0867004563011257,0.00793828991991136));
#6925=CARTESIAN_POINT('',(0.109847837236682,-0.0840520139725053,0.00793745657194894));
#6926=CARTESIAN_POINT('',(0.108160638695982,-0.0824491917863987,0.00793719184202182));
#6927=CARTESIAN_POINT('',(0.104519490264655,-0.0798118940816221,0.0079371963622936));
#6928=CARTESIAN_POINT('',(0.102476466580199,-0.0787098062654606,0.00793746331398028));
#6929=CARTESIAN_POINT('',(0.0982294526290496,-0.07711811467859,0.00793858690091585));
#6930=CARTESIAN_POINT('',(0.0960178559161701,-0.0766068573156109,0.00793942529483983));
#6931=CARTESIAN_POINT('',(0.0914572429385431,-0.0761879067574003,0.00794193694912845));
#6932=CARTESIAN_POINT('',(0.0892115987520655,-0.0762835483972393,0.00794353316133941));
#6933=CARTESIAN_POINT('',(0.0858416558301415,-0.0768799709496155,0.00794692025394621));
#6934=CARTESIAN_POINT('',(0.0847257161076209,-0.0771566434020625,0.00794821493242635));
#6935=CARTESIAN_POINT('',(0.0825693803064446,-0.077846965198109,0.00795119403020942));
#6936=CARTESIAN_POINT('',(0.0815158772293625,-0.0782634693146261,0.00795288817167057));
#6937=CARTESIAN_POINT('',(0.0784539799805076,-0.0797137621385684,0.00795884873240739));
#6938=CARTESIAN_POINT('',(0.0765038509015842,-0.0809826935740938,0.00796396284320782));
#6939=CARTESIAN_POINT('',(0.0739424375340879,-0.0831843716789049,0.00797543513956739));
#6940=CARTESIAN_POINT('',(0.0731329644003997,-0.0839780141105355,0.007979888950082));
#6941=CARTESIAN_POINT('',(0.0716231566661518,-0.0856686415759082,0.00799114029051193));
#6942=CARTESIAN_POINT('',(0.0709137155385456,-0.0865784436106489,0.00799786769689609));
#6943=CARTESIAN_POINT('',(0.0696373373701209,-0.0884613708059912,0.00801595076574003));
#6944=CARTESIAN_POINT('',(0.0690659901444014,-0.0894364086715291,0.00802663083456957));
#6945=CARTESIAN_POINT('',(0.0680496634314314,-0.091456313764104,0.00805791520394766));
#6946=CARTESIAN_POINT('',(0.0676065593448371,-0.092499664590483,0.00807693080412906));
#6947=CARTESIAN_POINT('',(0.0670278263710953,-0.0941207446038262,0.00812749662857401));
#6948=CARTESIAN_POINT('',(0.066850366836281,-0.0946704164487635,0.00814743922985139));
#6949=CARTESIAN_POINT('',(0.0665200889099391,-0.0957824068859905,0.00820250058660648));
#6950=CARTESIAN_POINT('',(0.066369308045845,-0.0963443772836976,0.00823691245840657));
#6951=CARTESIAN_POINT('',(0.0660654069871023,-0.0974952720095593,0.00833916459670019));
#6952=CARTESIAN_POINT('',(0.0659189827673949,-0.0980841363808696,0.00841338397555948));
#6953=CARTESIAN_POINT('',(0.0655123876984005,-0.0993356375884073,0.00861410182713173));
#6954=CARTESIAN_POINT('',(0.0652192979305427,-0.100058595782481,0.00879233857633615));
#6955=CARTESIAN_POINT('',(0.0646742309786173,-0.100808727336728,0.00879687784974188));
#6956=CARTESIAN_POINT('',(0.101716262771123,-0.127702253981501,0.00635));
#6957=CARTESIAN_POINT('',(0.102092921448829,-0.127187187610966,0.00635));
#6958=CARTESIAN_POINT('',(0.102593779935207,-0.126843292240685,0.00635));
#6959=CARTESIAN_POINT('',(0.103611253812176,-0.126177171883897,0.00635));
#6960=CARTESIAN_POINT('',(0.104136716036539,-0.125867166234162,0.00635));
#6961=CARTESIAN_POINT('',(0.105170139255475,-0.125223081259725,0.00635));
#6962=CARTESIAN_POINT('',(0.105682103614908,-0.124894385681802,0.00635));
#6963=CARTESIAN_POINT('',(0.106686251564496,-0.12420888937766,0.00635));
#6964=CARTESIAN_POINT('',(0.107178833490438,-0.123853447259344,0.00635));
#6965=CARTESIAN_POINT('',(0.108625819058536,-0.12273902400931,0.00635));
#6966=CARTESIAN_POINT('',(0.109541160413884,-0.121940731103777,0.00635));
#6967=CARTESIAN_POINT('',(0.111248584128395,-0.120244178672761,0.00635));
#6968=CARTESIAN_POINT('',(0.11204470531642,-0.119343989787245,0.00635));
#6969=CARTESIAN_POINT('',(0.114258821386823,-0.116483327578471,0.00635));
#6970=CARTESIAN_POINT('',(0.115496188491692,-0.114346629549505,0.00635));
#6971=CARTESIAN_POINT('',(0.117327260361371,-0.109928798319738,0.00635));
#6972=CARTESIAN_POINT('',(0.117965301777527,-0.107537862959199,0.00635));
#6973=CARTESIAN_POINT('',(0.118566731078658,-0.102761740914655,0.00635));
#6974=CARTESIAN_POINT('',(0.118552763190733,-0.100337482203435,0.00635));
#6975=CARTESIAN_POINT('',(0.117866251949431,-0.0955202796523234,0.00635));
#6976=CARTESIAN_POINT('',(0.117217803205366,-0.0932222477388963,0.00635));
#6977=CARTESIAN_POINT('',(0.115769379039351,-0.0898746109421929,0.00635));
#6978=CARTESIAN_POINT('',(0.115210339438596,-0.0887909142332707,0.00635));
#6979=CARTESIAN_POINT('',(0.113967110483522,-0.0867304370696474,0.00635));
#6980=CARTESIAN_POINT('',(0.113278171369124,-0.0857438197064104,0.00635));
#6981=CARTESIAN_POINT('',(0.111020545076134,-0.0829269645198454,0.00635));
#6982=CARTESIAN_POINT('',(0.109226033806942,-0.081222211194938,0.00635));
#6983=CARTESIAN_POINT('',(0.105353307377064,-0.0784171804283999,0.00635));
#6984=CARTESIAN_POINT('',(0.103180353242075,-0.0772449906113784,0.00635));
#6985=CARTESIAN_POINT('',(0.0986632562152058,-0.0755520280492183,0.00635));
#6986=CARTESIAN_POINT('',(0.0963110224550019,-0.0750082254320498,0.00635));
#6987=CARTESIAN_POINT('',(0.0914604210140915,-0.0745625360258646,0.00635));
#6988=CARTESIAN_POINT('',(0.0890719972086077,-0.0746641998830035,0.00635));
#6989=CARTESIAN_POINT('',(0.0854878286082897,-0.0752984122788368,0.00635));
#6990=CARTESIAN_POINT('',(0.0843009555879433,-0.0755926249893107,0.00635));
#6991=CARTESIAN_POINT('',(0.0820075754665923,-0.0763267147237452,0.00635));
#6992=CARTESIAN_POINT('',(0.0808871276819152,-0.0767696281903059,0.00635));
#6993=CARTESIAN_POINT('',(0.0776307136350121,-0.0783118559886585,0.00635));
#6994=CARTESIAN_POINT('',(0.0755567480249905,-0.079661227038687,0.00635));
#6995=CARTESIAN_POINT('',(0.0728329938717968,-0.0820021531287732,0.00635));
#6996=CARTESIAN_POINT('',(0.0719722651644777,-0.0828459585780312,0.00635));
#6997=CARTESIAN_POINT('',(0.0703670925757531,-0.0846432022703405,0.00635));
#6998=CARTESIAN_POINT('',(0.0696129241002132,-0.0856103262465536,0.00635));
#6999=CARTESIAN_POINT('',(0.0682567509171757,-0.0876111032568039,0.00635));
#7000=CARTESIAN_POINT('',(0.0676498577638605,-0.0886470630586085,0.00635));
#7001=CARTESIAN_POINT('',(0.0665720358441481,-0.0907911050168417,0.00635));
#7002=CARTESIAN_POINT('',(0.0661023600191777,-0.0918985961618753,0.00635));
#7003=CARTESIAN_POINT('',(0.0654947903342226,-0.0936117983073995,0.00635));
#7004=CARTESIAN_POINT('',(0.0653090675212057,-0.0941922655170996,0.00635));
#7005=CARTESIAN_POINT('',(0.0649688975798341,-0.0953596712167846,0.00635));
#7006=CARTESIAN_POINT('',(0.0648152827869215,-0.0959480782660996,0.00635));
#7007=CARTESIAN_POINT('',(0.0645235329015036,-0.0971288112785236,0.00635));
#7008=CARTESIAN_POINT('',(0.0643909822831389,-0.0977231984689608,0.00635));
#7009=CARTESIAN_POINT('',(0.0640733720633665,-0.0988961009056407,0.00635));
#7010=CARTESIAN_POINT('',(0.0638925247581029,-0.0994847728729684,0.00635));
#7011=CARTESIAN_POINT('',(0.0635325931773252,-0.0999798671165407,0.00635));
#7012=CARTESIAN_POINT('',(0.,0.,0.));
#7013=CARTESIAN_POINT('',(0.0180443341125387,-0.00588783546930824,0.));
#7014=CARTESIAN_POINT('',(0.0180443341125387,-0.00809521211709319,0.));
#7015=CARTESIAN_POINT('',(0.0263523420864736,-0.00809521211709319,0.));
#7016=CARTESIAN_POINT('',(-0.156027848752572,-0.00809521211709319,0.));
#7017=CARTESIAN_POINT('',(0.0263523420864736,-0.00588783546930824,0.));
#7018=CARTESIAN_POINT('',(0.0263523420864736,-0.191126232898415,0.));
#7019=CARTESIAN_POINT('',(0.0180443341125387,-0.191126232898415,0.));
#7020=CARTESIAN_POINT('',(-0.156027848752572,-0.191126232898415,0.));
#7021=CARTESIAN_POINT('',(-0.156027848752572,-0.00588783546930824,0.));
#7022=CARTESIAN_POINT('',(-0.156027848752572,-0.00588783546930824,0.00635));
#7023=CARTESIAN_POINT('',(-0.156027848752572,-0.00809521211709319,0.00635));
#7024=CARTESIAN_POINT('',(-0.156027848752572,-0.00809521211709319,0.037846));
#7025=CARTESIAN_POINT('',(-0.156027848752572,-0.191126232898415,0.00635));
#7026=CARTESIAN_POINT('',(-0.156027848752572,-0.191126232898415,0.037846));
#7027=CARTESIAN_POINT('',(-0.156027848752572,-0.00588783546930824,0.037846));
#7028=CARTESIAN_POINT('',(-0.156027848752572,-0.0879394208583613,0.037846));
#7029=CARTESIAN_POINT('',(-0.156027848752572,-0.0879394208583613,0.00635));
#7030=CARTESIAN_POINT('',(-0.156027848752572,-0.0879394208583613,0.00635));
#7031=CARTESIAN_POINT('',(-0.156027848752572,-0.00588783546930824,0.00635));
#7032=CARTESIAN_POINT('',(-0.156027848752572,-0.0802595784050114,0.00635));
#7033=CARTESIAN_POINT('',(-0.156027848752572,-0.0802595784050114,0.00635));
#7034=CARTESIAN_POINT('',(-0.156027848752572,-0.0802595784050114,0.037846));
#7035=CARTESIAN_POINT('',(-0.156027848752572,-0.00588783546930824,0.037846));
#7036=CARTESIAN_POINT('',(0.0263523420864736,0.0339305983096187,0.127));
#7037=CARTESIAN_POINT('',(0.0263523420864736,-0.00809521211709319,0.127));
#7038=CARTESIAN_POINT('',(0.0263523420864736,-0.00809521211709319,0.00635));
#7039=CARTESIAN_POINT('',(0.0263523420864736,-0.00588783546930824,0.00635));
#7040=CARTESIAN_POINT('',(0.0263523420864736,-0.191126232898415,0.00635));
#7041=CARTESIAN_POINT('',(0.0263523420864736,-0.191126232898415,0.00635));
#7042=CARTESIAN_POINT('',(0.0180443341125387,-0.00588783546930824,0.00635));
#7043=CARTESIAN_POINT('',(0.0180443341125387,-0.191126232898415,0.00635));
#7044=CARTESIAN_POINT('',(0.0256648324429989,-0.191126232898415,0.00635));
#7045=CARTESIAN_POINT('',(0.0180443341125387,-0.00809521211709319,0.00635));
#7046=CARTESIAN_POINT('',(0.0256648324429989,-0.00809521211709319,0.00635));
#7047=CARTESIAN_POINT('',(0.0256648324429989,-0.00588783546930824,0.00635));
#7048=CARTESIAN_POINT('',(0.0180443341125387,-0.191126232898415,0.00635));
#7049=CARTESIAN_POINT('',(0.0256648324429989,-0.191126232898415,0.037846));
#7050=CARTESIAN_POINT('',(0.0256648324429989,-0.191126232898415,0.037846));
#7051=CARTESIAN_POINT('',(0.0180443341125387,-0.191126232898415,0.037846));
#7052=CARTESIAN_POINT('',(0.0180443341125387,-0.00588783546930824,0.00635));
#7053=CARTESIAN_POINT('',(-0.143259869495989,-0.0802595784050114,0.00635));
#7054=CARTESIAN_POINT('',(-0.130491890239407,-0.0802595784050114,0.00635));
#7055=CARTESIAN_POINT('',(-0.143259869495989,-0.0879394208583613,0.00635));
#7056=CARTESIAN_POINT('',(-0.130491890239407,-0.0879394208583613,0.00635));
#7057=CARTESIAN_POINT('',(-0.130491890239407,-0.0840994996316864,0.00635));
#7058=CARTESIAN_POINT('',(0.0180443341125387,-0.00588783546930824,0.037846));
#7059=CARTESIAN_POINT('',(-0.143259869495989,-0.0802595784050114,0.037846));
#7060=CARTESIAN_POINT('',(-0.130491890239407,-0.0802595784050114,0.037846));
#7061=CARTESIAN_POINT('',(-0.130491890239407,-0.0934405124254805,0.037846));
#7062=CARTESIAN_POINT('',(-0.130491890239407,-0.021192456810784,0.037846));
#7063=CARTESIAN_POINT('',(-0.0626926259709893,-0.021192456810784,0.037846));
#7064=CARTESIAN_POINT('',(0.00510663829742796,-0.021192456810784,0.037846));
#7065=CARTESIAN_POINT('',(0.00510663829742796,-0.0934405124254805,0.037846));
#7066=CARTESIAN_POINT('',(0.00510663829742796,-0.165688568040177,0.037846));
#7067=CARTESIAN_POINT('',(-0.0626926259709893,-0.165688568040177,0.037846));
#7068=CARTESIAN_POINT('',(-0.130491890239407,-0.165688568040177,0.037846));
#7069=CARTESIAN_POINT('',(-0.130491890239407,-0.0934405124254805,0.037846));
#7070=CARTESIAN_POINT('',(-0.130491890239407,-0.0879394208583613,0.037846));
#7071=CARTESIAN_POINT('',(-0.143259869495989,-0.0879394208583613,0.037846));
#7072=CARTESIAN_POINT('',(0.0256648324429989,-0.099610722507754,0.037846));
#7073=CARTESIAN_POINT('',(0.0256648324429989,-0.00809521211709319,0.037846));
#7074=CARTESIAN_POINT('',(-0.0651815081547865,-0.00809521211709319,0.037846));
#7075=CARTESIAN_POINT('',(-0.130491890239407,-0.0934405124254805,0.018796));
#7076=CARTESIAN_POINT('',(-0.130491890239407,-0.0934405124254805,0.018796));
#7077=CARTESIAN_POINT('',(-0.130491890239407,-0.165688568040177,0.018796));
#7078=CARTESIAN_POINT('',(-0.130491890239407,-0.0879394208583613,0.018796));
#7079=CARTESIAN_POINT('',(-0.130491890239407,-0.0879394208583613,0.00635));
#7080=CARTESIAN_POINT('',(-0.130491890239407,-0.165688568040177,0.018796));
#7081=CARTESIAN_POINT('',(-0.0651815081547865,-0.099610722507754,0.018796));
#7082=CARTESIAN_POINT('',(-0.0626926259709893,-0.165688568040177,0.018796));
#7083=CARTESIAN_POINT('',(0.00510663829742796,-0.165688568040177,0.018796));
#7084=CARTESIAN_POINT('',(0.00510663829742796,-0.0934405124254805,0.018796));
#7085=CARTESIAN_POINT('',(0.00510663829742796,-0.021192456810784,0.018796));
#7086=CARTESIAN_POINT('',(-0.0626926259709893,-0.021192456810784,0.018796));
#7087=CARTESIAN_POINT('',(-0.130491890239407,-0.021192456810784,0.018796));
#7088=CARTESIAN_POINT('',(-0.130491890239407,-0.0934405124254805,0.018796));
#7089=CARTESIAN_POINT('',(-0.130491890239407,-0.0802595784050114,0.018796));
#7090=CARTESIAN_POINT('',(-0.130491890239407,-0.0934405124254805,0.018796));
#7091=CARTESIAN_POINT('',(-0.00646987536960077,-0.139780706007587,0.018796));
#7092=CARTESIAN_POINT('',(-0.0123635750409259,-0.146173871752753,0.018796));
#7093=CARTESIAN_POINT('',(-0.0235960120793084,-0.146173871752753,0.018796));
#7094=CARTESIAN_POINT('',(-0.00646987536960077,-0.139780706007587,0.018796));
#7095=CARTESIAN_POINT('',(-0.0235960120793084,-0.146173871752753,0.018796));
#7096=CARTESIAN_POINT('',(-0.0235960120793084,-0.146173871752753,0.018796));
#7097=CARTESIAN_POINT('',(-0.03480625062552,-0.146173871752753,0.018796));
#7098=CARTESIAN_POINT('',(-0.0406999502968452,-0.139780706007587,0.018796));
#7099=CARTESIAN_POINT('',(-0.0406999502968452,-0.139780706007587,0.018796));
#7100=CARTESIAN_POINT('',(-0.0406999502968452,-0.139780706007587,0.018796));
#7101=CARTESIAN_POINT('',(-0.0465936499681703,-0.133387540262421,0.018796));
#7102=CARTESIAN_POINT('',(-0.0465936499681703,-0.121733331872795,0.018796));
#7103=CARTESIAN_POINT('',(-0.0465936499681703,-0.121733331872795,0.018796));
#7104=CARTESIAN_POINT('',(-0.0465936499681703,-0.099610722507754,0.018796));
#7105=CARTESIAN_POINT('',(-0.0465936499681703,-0.0683237597100514,0.018796));
#7106=CARTESIAN_POINT('',(-0.0465936499681703,-0.0683237597100514,0.018796));
#7107=CARTESIAN_POINT('',(-0.0465936499681703,-0.0566695513204254,0.018796));
#7108=CARTESIAN_POINT('',(-0.0406999502968452,-0.0502763855752591,0.018796));
#7109=CARTESIAN_POINT('',(-0.0406999502968452,-0.0502763855752591,0.018796));
#7110=CARTESIAN_POINT('',(-0.0406999502968452,-0.0502763855752591,0.018796));
#7111=CARTESIAN_POINT('',(-0.03480625062552,-0.0438832198300928,0.018796));
#7112=CARTESIAN_POINT('',(-0.0235960120793084,-0.0438832198300928,0.018796));
#7113=CARTESIAN_POINT('',(-0.0235960120793084,-0.0438832198300928,0.018796));
#7114=CARTESIAN_POINT('',(-0.0235960120793084,-0.0438832198300928,0.018796));
#7115=CARTESIAN_POINT('',(-0.0123635750409259,-0.0438832198300928,0.018796));
#7116=CARTESIAN_POINT('',(-0.00646987536960077,-0.0502763855752591,0.018796));
#7117=CARTESIAN_POINT('',(-0.00646987536960077,-0.0502763855752591,0.018796));
#7118=CARTESIAN_POINT('',(-0.00646987536960077,-0.0502763855752591,0.018796));
#7119=CARTESIAN_POINT('',(-0.000576175698275616,-0.0566695513204254,0.018796));
#7120=CARTESIAN_POINT('',(-0.000576175698275616,-0.0683237597100514,0.018796));
#7121=CARTESIAN_POINT('',(-0.000576175698275616,-0.0683237597100514,0.018796));
#7122=CARTESIAN_POINT('',(-0.000576175698275616,-0.099610722507754,0.018796));
#7123=CARTESIAN_POINT('',(-0.000576175698275616,-0.0788236465068002,0.018796));
#7124=CARTESIAN_POINT('',(-0.0651815081547865,-0.0788236465068002,0.018796));
#7125=CARTESIAN_POINT('',(-0.0153381729918019,-0.0788236465068002,0.018796));
#7126=CARTESIAN_POINT('',(-0.0153381729918019,-0.099610722507754,0.018796));
#7127=CARTESIAN_POINT('',(-0.0153381729918019,-0.0673248275623692,0.018796));
#7128=CARTESIAN_POINT('',(-0.0153381729918019,-0.0673248275623692,0.018796));
#7129=CARTESIAN_POINT('',(-0.0153381729918019,-0.0580902548193512,0.018796));
#7130=CARTESIAN_POINT('',(-0.023152042235894,-0.0580902548193512,0.018796));
#7131=CARTESIAN_POINT('',(-0.023152042235894,-0.0580902548193512,0.018796));
#7132=CARTESIAN_POINT('',(-0.023152042235894,-0.0580902548193512,0.018796));
#7133=CARTESIAN_POINT('',(-0.0309659114799861,-0.0580902548193512,0.018796));
#7134=CARTESIAN_POINT('',(-0.0309659114799861,-0.0673248275623692,0.018796));
#7135=CARTESIAN_POINT('',(-0.0309659114799861,-0.0673248275623692,0.018796));
#7136=CARTESIAN_POINT('',(-0.0309659114799861,-0.099610722507754,0.018796));
#7137=CARTESIAN_POINT('',(-0.0309659114799861,-0.122865454973501,0.018796));
#7138=CARTESIAN_POINT('',(-0.0309659114799861,-0.122865454973501,0.018796));
#7139=CARTESIAN_POINT('',(-0.0309659114799861,-0.131966836763495,0.018796));
#7140=CARTESIAN_POINT('',(-0.023152042235894,-0.131966836763495,0.018796));
#7141=CARTESIAN_POINT('',(-0.023152042235894,-0.131966836763495,0.018796));
#7142=CARTESIAN_POINT('',(-0.023152042235894,-0.131966836763495,0.018796));
#7143=CARTESIAN_POINT('',(-0.0153381729918019,-0.131966836763495,0.018796));
#7144=CARTESIAN_POINT('',(-0.0153381729918019,-0.122865454973501,0.018796));
#7145=CARTESIAN_POINT('',(-0.0153381729918019,-0.122865454973501,0.018796));
#7146=CARTESIAN_POINT('',(-0.0153381729918019,-0.099610722507754,0.018796));
#7147=CARTESIAN_POINT('',(-0.0153381729918019,-0.107681686328731,0.018796));
#7148=CARTESIAN_POINT('',(-0.0651815081547865,-0.107681686328731,0.018796));
#7149=CARTESIAN_POINT('',(-0.000576175698275616,-0.107681686328731,0.018796));
#7150=CARTESIAN_POINT('',(-0.000576175698275616,-0.099610722507754,0.018796));
#7151=CARTESIAN_POINT('',(-0.000576175698275616,-0.121733331872795,0.018796));
#7152=CARTESIAN_POINT('',(-0.000576175698275616,-0.121733331872795,0.018796));
#7153=CARTESIAN_POINT('',(-0.000576175698275616,-0.133387540262421,0.018796));
#7154=CARTESIAN_POINT('',(-0.00646987536960077,-0.139780706007587,0.018796));
#7155=CARTESIAN_POINT('',(-0.122348988303493,-0.10540403411211,0.018796));
#7156=CARTESIAN_POINT('',(-0.118361375156096,-0.144753168253827,0.018796));
#7157=CARTESIAN_POINT('',(-0.128439490601601,-0.0453039233290187,0.018796));
#7158=CARTESIAN_POINT('',(-0.0651815081547865,-0.0453039233290187,0.018796));
#7159=CARTESIAN_POINT('',(-0.113388912909855,-0.0453039233290187,0.018796));
#7160=CARTESIAN_POINT('',(-0.108079361377567,-0.103522986786567,0.018796));
#7161=CARTESIAN_POINT('',(-0.106418586368251,-0.121733331872795,0.018796));
#7162=CARTESIAN_POINT('',(-0.0651815081547865,-0.121733331872795,0.018796));
#7163=CARTESIAN_POINT('',(-0.106130005970031,-0.121733331872795,0.018796));
#7164=CARTESIAN_POINT('',(-0.103630684195319,-0.0958919959258495,0.018796));
#7165=CARTESIAN_POINT('',(-0.0987379080771827,-0.0453039233290187,0.018796));
#7166=CARTESIAN_POINT('',(-0.0651815081547865,-0.0453039233290187,0.018796));
#7167=CARTESIAN_POINT('',(-0.0816894660900727,-0.0453039233290186,0.018796));
#7168=CARTESIAN_POINT('',(-0.0763489574079526,-0.100687572101728,0.018796));
#7169=CARTESIAN_POINT('',(-0.0743195666893949,-0.121733331872795,0.018796));
#7170=CARTESIAN_POINT('',(-0.0651815081547865,-0.121733331872795,0.018796));
#7171=CARTESIAN_POINT('',(-0.0740309862911756,-0.121733331872795,0.018796));
#7172=CARTESIAN_POINT('',(-0.0719570599266909,-0.0989927953348299,0.018796));
#7173=CARTESIAN_POINT('',(-0.0670606597495707,-0.0453039233290187,0.018796));
#7174=CARTESIAN_POINT('',(-0.0651815081547865,-0.0453039233290187,0.018796));
#7175=CARTESIAN_POINT('',(-0.0535639765097752,-0.0453039233290186,0.018796));
#7176=CARTESIAN_POINT('',(-0.059141809934618,-0.10022412935824,0.018796));
#7177=CARTESIAN_POINT('',(-0.0636642904474511,-0.144753168253827,0.018796));
#7178=CARTESIAN_POINT('',(-0.0651815081547865,-0.144753168253827,0.018796));
#7179=CARTESIAN_POINT('',(-0.0831101695889985,-0.144753168253827,0.018796));
#7180=CARTESIAN_POINT('',(-0.0876399052536156,-0.101989632495051,0.018796));
#7181=CARTESIAN_POINT('',(-0.0902136870836277,-0.0776915234060936,0.018796));
#7182=CARTESIAN_POINT('',(-0.0651815081547865,-0.0776915234060936,0.018796));
#7183=CARTESIAN_POINT('',(-0.090502267481847,-0.0776915234060937,0.018796));
#7184=CARTESIAN_POINT('',(-0.0925173506759844,-0.096715168185747,0.018796));
#7185=CARTESIAN_POINT('',(-0.0976057849764762,-0.144753168253827,0.018796));
#7186=CARTESIAN_POINT('',(-0.0651815081547865,-0.144753168253827,0.018796));
#7187=CARTESIAN_POINT('',(0.0256648324429989,-0.099610722507754,0.037846));
#7188=CARTESIAN_POINT('',(0.0256648324429989,-0.00809521211709319,0.037846));
#7189=CARTESIAN_POINT('',(-0.130491890239407,-0.0934405124254805,0.018796));
#7190=CARTESIAN_POINT('',(-0.130491890239407,-0.0802595784050114,0.00635));
#7191=CARTESIAN_POINT('',(-0.130491890239407,-0.021192456810784,0.018796));
#7192=CARTESIAN_POINT('',(-0.0626926259709893,-0.165688568040177,0.018796));
#7193=CARTESIAN_POINT('',(0.00510663829742796,-0.165688568040177,0.018796));
#7194=CARTESIAN_POINT('',(0.00510663829742796,-0.0934405124254805,0.018796));
#7195=CARTESIAN_POINT('',(0.00510663829742796,-0.021192456810784,0.018796));
#7196=CARTESIAN_POINT('',(-0.0626926259709893,-0.021192456810784,0.018796));
#7197=CARTESIAN_POINT('',(-0.0235960120793084,-0.146173871752753,0.00635));
#7198=CARTESIAN_POINT('',(-0.0235960120793084,-0.146173871752753,0.018796));
#7199=CARTESIAN_POINT('',(-0.0310695044434495,-0.146173871752753,0.00635));
#7200=CARTESIAN_POINT('',(-0.0310695044434495,-0.146173871752753,0.018796));
#7201=CARTESIAN_POINT('',(-0.0367708171826284,-0.144042816504364,0.00635));
#7202=CARTESIAN_POINT('',(-0.0367708171826284,-0.144042816504364,0.018796));
#7203=CARTESIAN_POINT('',(-0.0406999502968452,-0.139780706007587,0.00635));
#7204=CARTESIAN_POINT('',(-0.0406999502968452,-0.139780706007587,0.018796));
#7205=CARTESIAN_POINT('',(-0.0235960120793084,-0.146173871752753,0.004064));
#7206=CARTESIAN_POINT('',(-0.0235960120793084,-0.146173871752753,0.00635));
#7207=CARTESIAN_POINT('',(-0.0235960120793084,-0.146173871752753,0.00635));
#7208=CARTESIAN_POINT('',(-0.03480625062552,-0.146173871752753,0.00635));
#7209=CARTESIAN_POINT('',(-0.0406999502968452,-0.139780706007587,0.00635));
#7210=CARTESIAN_POINT('',(-0.0406999502968452,-0.139780706007587,0.00635));
#7211=CARTESIAN_POINT('',(-0.0406999502968452,-0.139780706007587,0.004064));
#7212=CARTESIAN_POINT('',(-0.00646987536960077,-0.139780706007587,0.00635));
#7213=CARTESIAN_POINT('',(-0.00646987536960077,-0.139780706007587,0.018796));
#7214=CARTESIAN_POINT('',(-0.0103990084838175,-0.144042816504364,0.00635));
#7215=CARTESIAN_POINT('',(-0.0103990084838175,-0.144042816504364,0.018796));
#7216=CARTESIAN_POINT('',(-0.0161077207203867,-0.146173871752753,0.00635));
#7217=CARTESIAN_POINT('',(-0.0161077207203867,-0.146173871752753,0.018796));
#7218=CARTESIAN_POINT('',(-0.0235960120793084,-0.146173871752753,0.00635));
#7219=CARTESIAN_POINT('',(-0.0235960120793084,-0.146173871752753,0.018796));
#7220=CARTESIAN_POINT('',(-0.00646987536960077,-0.139780706007587,0.004064));
#7221=CARTESIAN_POINT('',(-0.00646987536960077,-0.139780706007587,0.00635));
#7222=CARTESIAN_POINT('',(-0.00646987536960077,-0.139780706007587,0.00635));
#7223=CARTESIAN_POINT('',(-0.0123635750409259,-0.146173871752753,0.00635));
#7224=CARTESIAN_POINT('',(-0.0235960120793084,-0.146173871752753,0.00635));
#7225=CARTESIAN_POINT('',(-0.000576175698275616,-0.121733331872795,0.00635));
#7226=CARTESIAN_POINT('',(-0.000576175698275616,-0.121733331872795,0.018796));
#7227=CARTESIAN_POINT('',(-0.000576175698275616,-0.129502804132545,0.00635));
#7228=CARTESIAN_POINT('',(-0.000576175698275616,-0.129502804132545,0.018796));
#7229=CARTESIAN_POINT('',(-0.002540742255384,-0.135518595510809,0.00635));
#7230=CARTESIAN_POINT('',(-0.002540742255384,-0.135518595510809,0.018796));
#7231=CARTESIAN_POINT('',(-0.00646987536960077,-0.139780706007587,0.00635));
#7232=CARTESIAN_POINT('',(-0.00646987536960077,-0.139780706007587,0.018796));
#7233=CARTESIAN_POINT('',(-0.000576175698275616,-0.121733331872795,0.004064));
#7234=CARTESIAN_POINT('',(-0.000576175698275616,-0.121733331872795,0.00635));
#7235=CARTESIAN_POINT('',(-0.000576175698275616,-0.121733331872795,0.00635));
#7236=CARTESIAN_POINT('',(-0.000576175698275616,-0.133387540262421,0.00635));
#7237=CARTESIAN_POINT('',(-0.00646987536960077,-0.139780706007587,0.00635));
#7238=CARTESIAN_POINT('',(-0.000576175698275616,-0.114707509100763,0.004064));
#7239=CARTESIAN_POINT('',(-0.000576175698275616,-0.107681686328731,0.004064));
#7240=CARTESIAN_POINT('',(-0.000576175698275616,-0.107681686328731,0.00635));
#7241=CARTESIAN_POINT('',(-0.000576175698275616,-0.00588783546930824,0.00635));
#7242=CARTESIAN_POINT('',(-0.00795717434503876,-0.107681686328731,0.004064));
#7243=CARTESIAN_POINT('',(-0.0153381729918019,-0.107681686328731,0.004064));
#7244=CARTESIAN_POINT('',(-0.0153381729918019,-0.107681686328731,0.00635));
#7245=CARTESIAN_POINT('',(0.0180443341125387,-0.107681686328731,0.00635));
#7246=CARTESIAN_POINT('',(-0.0153381729918019,-0.115273570651116,0.004064));
#7247=CARTESIAN_POINT('',(-0.0153381729918019,-0.122865454973501,0.004064));
#7248=CARTESIAN_POINT('',(-0.0153381729918019,-0.122865454973501,0.00635));
#7249=CARTESIAN_POINT('',(-0.0153381729918019,-0.00588783546930824,0.00635));
#7250=CARTESIAN_POINT('',(-0.023152042235894,-0.131966836763495,0.00635));
#7251=CARTESIAN_POINT('',(-0.023152042235894,-0.131966836763495,0.018796));
#7252=CARTESIAN_POINT('',(-0.0179427960731659,-0.131966836763495,0.00635));
#7253=CARTESIAN_POINT('',(-0.0179427960731659,-0.131966836763495,0.018796));
#7254=CARTESIAN_POINT('',(-0.0153381729918019,-0.128933042833497,0.00635));
#7255=CARTESIAN_POINT('',(-0.0153381729918019,-0.128933042833497,0.018796));
#7256=CARTESIAN_POINT('',(-0.0153381729918019,-0.122865454973501,0.00635));
#7257=CARTESIAN_POINT('',(-0.0153381729918019,-0.122865454973501,0.018796));
#7258=CARTESIAN_POINT('',(-0.023152042235894,-0.131966836763495,0.004064));
#7259=CARTESIAN_POINT('',(-0.023152042235894,-0.131966836763495,0.00635));
#7260=CARTESIAN_POINT('',(-0.023152042235894,-0.131966836763495,0.00635));
#7261=CARTESIAN_POINT('',(-0.0153381729918019,-0.131966836763495,0.00635));
#7262=CARTESIAN_POINT('',(-0.0153381729918019,-0.122865454973501,0.00635));
#7263=CARTESIAN_POINT('',(-0.0309659114799861,-0.122865454973501,0.00635));
#7264=CARTESIAN_POINT('',(-0.0309659114799861,-0.122865454973501,0.018796));
#7265=CARTESIAN_POINT('',(-0.0309659114799861,-0.128933042833497,0.00635));
#7266=CARTESIAN_POINT('',(-0.0309659114799861,-0.128933042833497,0.018796));
#7267=CARTESIAN_POINT('',(-0.0283612883986221,-0.131966836763495,0.00635));
#7268=CARTESIAN_POINT('',(-0.0283612883986221,-0.131966836763495,0.018796));
#7269=CARTESIAN_POINT('',(-0.023152042235894,-0.131966836763495,0.00635));
#7270=CARTESIAN_POINT('',(-0.023152042235894,-0.131966836763495,0.018796));
#7271=CARTESIAN_POINT('',(-0.0309659114799861,-0.122865454973501,0.004064));
#7272=CARTESIAN_POINT('',(-0.0309659114799861,-0.122865454973501,0.00635));
#7273=CARTESIAN_POINT('',(-0.0309659114799861,-0.122865454973501,0.00635));
#7274=CARTESIAN_POINT('',(-0.0309659114799861,-0.131966836763495,0.00635));
#7275=CARTESIAN_POINT('',(-0.023152042235894,-0.131966836763495,0.00635));
#7276=CARTESIAN_POINT('',(-0.0309659114799861,-0.0950951412679351,0.004064));
#7277=CARTESIAN_POINT('',(-0.0309659114799861,-0.0673248275623692,0.004064));
#7278=CARTESIAN_POINT('',(-0.0309659114799861,-0.0673248275623692,0.00635));
#7279=CARTESIAN_POINT('',(-0.0309659114799861,-0.00588783546930824,0.00635));
#7280=CARTESIAN_POINT('',(-0.023152042235894,-0.0580902548193512,0.00635));
#7281=CARTESIAN_POINT('',(-0.023152042235894,-0.0580902548193512,0.018796));
#7282=CARTESIAN_POINT('',(-0.0283612883986221,-0.0580902548193512,0.00635));
#7283=CARTESIAN_POINT('',(-0.0283612883986221,-0.0580902548193512,0.018796));
#7284=CARTESIAN_POINT('',(-0.0309659114799861,-0.0611684457336905,0.00635));
#7285=CARTESIAN_POINT('',(-0.0309659114799861,-0.0611684457336905,0.018796));
#7286=CARTESIAN_POINT('',(-0.0309659114799861,-0.0673248275623692,0.00635));
#7287=CARTESIAN_POINT('',(-0.0309659114799861,-0.0673248275623692,0.018796));
#7288=CARTESIAN_POINT('',(-0.023152042235894,-0.0580902548193512,0.004064));
#7289=CARTESIAN_POINT('',(-0.023152042235894,-0.0580902548193512,0.00635));
#7290=CARTESIAN_POINT('',(-0.023152042235894,-0.0580902548193512,0.00635));
#7291=CARTESIAN_POINT('',(-0.0309659114799861,-0.0580902548193512,0.00635));
#7292=CARTESIAN_POINT('',(-0.0309659114799861,-0.0673248275623692,0.00635));
#7293=CARTESIAN_POINT('',(-0.0153381729918019,-0.0673248275623692,0.00635));
#7294=CARTESIAN_POINT('',(-0.0153381729918019,-0.0673248275623692,0.018796));
#7295=CARTESIAN_POINT('',(-0.0153381729918019,-0.0611684457336905,0.00635));
#7296=CARTESIAN_POINT('',(-0.0153381729918019,-0.0611684457336905,0.018796));
#7297=CARTESIAN_POINT('',(-0.0179427960731659,-0.0580902548193512,0.00635));
#7298=CARTESIAN_POINT('',(-0.0179427960731659,-0.0580902548193512,0.018796));
#7299=CARTESIAN_POINT('',(-0.023152042235894,-0.0580902548193512,0.00635));
#7300=CARTESIAN_POINT('',(-0.023152042235894,-0.0580902548193512,0.018796));
#7301=CARTESIAN_POINT('',(-0.0153381729918019,-0.0673248275623692,0.004064));
#7302=CARTESIAN_POINT('',(-0.0153381729918019,-0.0673248275623692,0.00635));
#7303=CARTESIAN_POINT('',(-0.0153381729918019,-0.0673248275623692,0.00635));
#7304=CARTESIAN_POINT('',(-0.0153381729918019,-0.0580902548193512,0.00635));
#7305=CARTESIAN_POINT('',(-0.023152042235894,-0.0580902548193512,0.00635));
#7306=CARTESIAN_POINT('',(-0.0153381729918019,-0.0730742370345847,0.004064));
#7307=CARTESIAN_POINT('',(-0.0153381729918019,-0.0788236465068002,0.004064));
#7308=CARTESIAN_POINT('',(-0.0153381729918019,-0.0788236465068002,0.00635));
#7309=CARTESIAN_POINT('',(-0.0153381729918019,-0.00588783546930824,0.00635));
#7310=CARTESIAN_POINT('',(-0.00795717434503876,-0.0788236465068002,0.004064));
#7311=CARTESIAN_POINT('',(-0.000576175698275616,-0.0788236465068002,0.004064));
#7312=CARTESIAN_POINT('',(-0.000576175698275616,-0.0788236465068002,0.00635));
#7313=CARTESIAN_POINT('',(0.0180443341125387,-0.0788236465068002,0.00635));
#7314=CARTESIAN_POINT('',(-0.000576175698275616,-0.0735737031084258,0.004064));
#7315=CARTESIAN_POINT('',(-0.000576175698275616,-0.0683237597100514,0.004064));
#7316=CARTESIAN_POINT('',(-0.000576175698275616,-0.0683237597100514,0.00635));
#7317=CARTESIAN_POINT('',(-0.000576175698275616,-0.00588783546930824,0.00635));
#7318=CARTESIAN_POINT('',(-0.00646987536960077,-0.0502763855752591,0.00635));
#7319=CARTESIAN_POINT('',(-0.00646987536960077,-0.0502763855752591,0.018796));
#7320=CARTESIAN_POINT('',(-0.002540742255384,-0.0545384960720366,0.00635));
#7321=CARTESIAN_POINT('',(-0.002540742255384,-0.0545384960720366,0.018796));
#7322=CARTESIAN_POINT('',(-0.000576175698275616,-0.0605542874503007,0.00635));
#7323=CARTESIAN_POINT('',(-0.000576175698275616,-0.0605542874503007,0.018796));
#7324=CARTESIAN_POINT('',(-0.000576175698275616,-0.0683237597100514,0.00635));
#7325=CARTESIAN_POINT('',(-0.000576175698275616,-0.0683237597100514,0.018796));
#7326=CARTESIAN_POINT('',(-0.00646987536960077,-0.0502763855752591,0.004064));
#7327=CARTESIAN_POINT('',(-0.00646987536960077,-0.0502763855752591,0.00635));
#7328=CARTESIAN_POINT('',(-0.00646987536960077,-0.0502763855752591,0.00635));
#7329=CARTESIAN_POINT('',(-0.000576175698275616,-0.0566695513204254,0.00635));
#7330=CARTESIAN_POINT('',(-0.000576175698275616,-0.0683237597100514,0.00635));
#7331=CARTESIAN_POINT('',(-0.0235960120793084,-0.0438832198300928,0.00635));
#7332=CARTESIAN_POINT('',(-0.0235960120793084,-0.0438832198300928,0.018796));
#7333=CARTESIAN_POINT('',(-0.0161077207203867,-0.0438832198300928,0.00635));
#7334=CARTESIAN_POINT('',(-0.0161077207203867,-0.0438832198300928,0.018796));
#7335=CARTESIAN_POINT('',(-0.0103990084838175,-0.0460142750784816,0.00635));
#7336=CARTESIAN_POINT('',(-0.0103990084838175,-0.0460142750784816,0.018796));
#7337=CARTESIAN_POINT('',(-0.00646987536960077,-0.0502763855752591,0.00635));
#7338=CARTESIAN_POINT('',(-0.00646987536960077,-0.0502763855752591,0.018796));
#7339=CARTESIAN_POINT('',(-0.0235960120793084,-0.0438832198300928,0.004064));
#7340=CARTESIAN_POINT('',(-0.0235960120793084,-0.0438832198300928,0.00635));
#7341=CARTESIAN_POINT('',(-0.0235960120793084,-0.0438832198300928,0.00635));
#7342=CARTESIAN_POINT('',(-0.0123635750409259,-0.0438832198300928,0.00635));
#7343=CARTESIAN_POINT('',(-0.00646987536960077,-0.0502763855752591,0.00635));
#7344=CARTESIAN_POINT('',(-0.0406999502968452,-0.0502763855752591,0.00635));
#7345=CARTESIAN_POINT('',(-0.0406999502968452,-0.0502763855752591,0.018796));
#7346=CARTESIAN_POINT('',(-0.0367708171826284,-0.0460142750784816,0.00635));
#7347=CARTESIAN_POINT('',(-0.0367708171826284,-0.0460142750784816,0.018796));
#7348=CARTESIAN_POINT('',(-0.0310695044434495,-0.0438832198300928,0.00635));
#7349=CARTESIAN_POINT('',(-0.0310695044434495,-0.0438832198300928,0.018796));
#7350=CARTESIAN_POINT('',(-0.0235960120793084,-0.0438832198300928,0.00635));
#7351=CARTESIAN_POINT('',(-0.0235960120793084,-0.0438832198300928,0.018796));
#7352=CARTESIAN_POINT('',(-0.0406999502968452,-0.0502763855752591,0.004064));
#7353=CARTESIAN_POINT('',(-0.0406999502968452,-0.0502763855752591,0.00635));
#7354=CARTESIAN_POINT('',(-0.0406999502968452,-0.0502763855752591,0.00635));
#7355=CARTESIAN_POINT('',(-0.03480625062552,-0.0438832198300928,0.00635));
#7356=CARTESIAN_POINT('',(-0.0235960120793084,-0.0438832198300928,0.00635));
#7357=CARTESIAN_POINT('',(-0.0465936499681703,-0.0683237597100514,0.00635));
#7358=CARTESIAN_POINT('',(-0.0465936499681703,-0.0683237597100514,0.018796));
#7359=CARTESIAN_POINT('',(-0.0465936499681703,-0.0605542874503007,0.00635));
#7360=CARTESIAN_POINT('',(-0.0465936499681703,-0.0605542874503007,0.018796));
#7361=CARTESIAN_POINT('',(-0.0446290834110619,-0.0545384960720366,0.00635));
#7362=CARTESIAN_POINT('',(-0.0446290834110619,-0.0545384960720366,0.018796));
#7363=CARTESIAN_POINT('',(-0.0406999502968452,-0.0502763855752591,0.00635));
#7364=CARTESIAN_POINT('',(-0.0406999502968452,-0.0502763855752591,0.018796));
#7365=CARTESIAN_POINT('',(-0.0465936499681703,-0.0683237597100514,0.004064));
#7366=CARTESIAN_POINT('',(-0.0465936499681703,-0.0683237597100514,0.00635));
#7367=CARTESIAN_POINT('',(-0.0465936499681703,-0.0683237597100514,0.00635));
#7368=CARTESIAN_POINT('',(-0.0465936499681703,-0.0566695513204254,0.00635));
#7369=CARTESIAN_POINT('',(-0.0406999502968452,-0.0502763855752591,0.00635));
#7370=CARTESIAN_POINT('',(-0.0465936499681703,-0.095028545791423,0.004064));
#7371=CARTESIAN_POINT('',(-0.0465936499681703,-0.121733331872795,0.004064));
#7372=CARTESIAN_POINT('',(-0.0465936499681703,-0.121733331872795,0.00635));
#7373=CARTESIAN_POINT('',(-0.0465936499681703,-0.00588783546930824,0.00635));
#7374=CARTESIAN_POINT('',(-0.0406999502968452,-0.139780706007587,0.00635));
#7375=CARTESIAN_POINT('',(-0.0406999502968452,-0.139780706007587,0.018796));
#7376=CARTESIAN_POINT('',(-0.0446290834110619,-0.135518595510809,0.00635));
#7377=CARTESIAN_POINT('',(-0.0446290834110619,-0.135518595510809,0.018796));
#7378=CARTESIAN_POINT('',(-0.0465936499681703,-0.129502804132545,0.00635));
#7379=CARTESIAN_POINT('',(-0.0465936499681703,-0.129502804132545,0.018796));
#7380=CARTESIAN_POINT('',(-0.0465936499681703,-0.121733331872795,0.00635));
#7381=CARTESIAN_POINT('',(-0.0465936499681703,-0.121733331872795,0.018796));
#7382=CARTESIAN_POINT('',(-0.0406999502968452,-0.139780706007587,0.00635));
#7383=CARTESIAN_POINT('',(-0.0465936499681703,-0.133387540262421,0.00635));
#7384=CARTESIAN_POINT('',(-0.0465936499681703,-0.121733331872795,0.00635));
#7385=CARTESIAN_POINT('',(-0.120914201755728,-0.0453039233290187,0.004064));
#7386=CARTESIAN_POINT('',(-0.128439490601601,-0.0453039233290187,0.004064));
#7387=CARTESIAN_POINT('',(-0.128439490601601,-0.0453039233290187,0.00635));
#7388=CARTESIAN_POINT('',(0.0180443341125387,-0.0453039233290187,0.00635));
#7389=CARTESIAN_POINT('',(-0.113388912909855,-0.0453039233290187,0.00635));
#7390=CARTESIAN_POINT('',(-0.113388912909855,-0.0453039233290187,0.004064));
#7391=CARTESIAN_POINT('',(-0.123400432878848,-0.095028545791423,0.004064));
#7392=CARTESIAN_POINT('',(-0.118361375156096,-0.144753168253827,0.004064));
#7393=CARTESIAN_POINT('',(-0.118361375156096,-0.144753168253827,0.00635));
#7394=CARTESIAN_POINT('',(-0.130904238954072,-0.0209821774720406,0.00635));
#7395=CARTESIAN_POINT('',(-0.107983580066286,-0.144753168253827,0.004064));
#7396=CARTESIAN_POINT('',(-0.0976057849764762,-0.144753168253827,0.004064));
#7397=CARTESIAN_POINT('',(-0.0976057849764762,-0.144753168253827,0.00635));
#7398=CARTESIAN_POINT('',(0.0180443341125387,-0.144753168253827,0.00635));
#7399=CARTESIAN_POINT('',(-0.0940540262291616,-0.11122234582996,0.004064));
#7400=CARTESIAN_POINT('',(-0.090502267481847,-0.0776915234060937,0.004064));
#7401=CARTESIAN_POINT('',(-0.090502267481847,-0.0776915234060936,0.00635));
#7402=CARTESIAN_POINT('',(-0.0817764444662035,0.0046856995009657,0.00635));
#7403=CARTESIAN_POINT('',(-0.0903579772827374,-0.0776915234060936,0.004064));
#7404=CARTESIAN_POINT('',(-0.0902136870836277,-0.0776915234060936,0.004064));
#7405=CARTESIAN_POINT('',(-0.0902136870836277,-0.0776915234060936,0.00635));
#7406=CARTESIAN_POINT('',(0.0180443341125387,-0.0776915234060936,0.00635));
#7407=CARTESIAN_POINT('',(-0.0866619283363131,-0.11122234582996,0.004064));
#7408=CARTESIAN_POINT('',(-0.0831101695889985,-0.144753168253827,0.004064));
#7409=CARTESIAN_POINT('',(-0.0831101695889985,-0.144753168253827,0.00635));
#7410=CARTESIAN_POINT('',(-0.0965339216430661,-0.0180245590183957,0.00635));
#7411=CARTESIAN_POINT('',(-0.0733872300182248,-0.144753168253827,0.004064));
#7412=CARTESIAN_POINT('',(-0.0636642904474511,-0.144753168253827,0.004064));
#7413=CARTESIAN_POINT('',(-0.0636642904474511,-0.144753168253827,0.00635));
#7414=CARTESIAN_POINT('',(0.0180443341125387,-0.144753168253827,0.00635));
#7415=CARTESIAN_POINT('',(-0.0586141334786132,-0.095028545791423,0.004064));
#7416=CARTESIAN_POINT('',(-0.0535639765097752,-0.0453039233290186,0.004064));
#7417=CARTESIAN_POINT('',(-0.0535639765097752,-0.0453039233290187,0.00635));
#7418=CARTESIAN_POINT('',(-0.0488705569064569,0.000908208149808496,0.00635));
#7419=CARTESIAN_POINT('',(-0.060312318129673,-0.0453039233290187,0.004064));
#7420=CARTESIAN_POINT('',(-0.0670606597495707,-0.0453039233290187,0.004064));
#7421=CARTESIAN_POINT('',(-0.0670606597495707,-0.0453039233290187,0.00635));
#7422=CARTESIAN_POINT('',(0.0180443341125387,-0.0453039233290187,0.00635));
#7423=CARTESIAN_POINT('',(-0.0705458230203731,-0.0835186276009066,0.004064));
#7424=CARTESIAN_POINT('',(-0.0740309862911756,-0.121733331872795,0.004064));
#7425=CARTESIAN_POINT('',(-0.0740309862911756,-0.121733331872795,0.00635));
#7426=CARTESIAN_POINT('',(-0.0627935732616143,0.00148454411694911,0.00635));
#7427=CARTESIAN_POINT('',(-0.0741752764902852,-0.121733331872795,0.004064));
#7428=CARTESIAN_POINT('',(-0.0743195666893949,-0.121733331872795,0.004064));
#7429=CARTESIAN_POINT('',(-0.0743195666893949,-0.121733331872795,0.00635));
#7430=CARTESIAN_POINT('',(0.0180443341125387,-0.121733331872795,0.00635));
#7431=CARTESIAN_POINT('',(-0.0780045163897338,-0.0835186276009066,0.004064));
#7432=CARTESIAN_POINT('',(-0.0816894660900727,-0.0453039233290186,0.004064));
#7433=CARTESIAN_POINT('',(-0.0816894660900727,-0.0453039233290187,0.00635));
#7434=CARTESIAN_POINT('',(-0.0845364385938172,-0.0157794464302464,0.00635));
#7435=CARTESIAN_POINT('',(-0.0902136870836277,-0.0453039233290187,0.004064));
#7436=CARTESIAN_POINT('',(-0.0987379080771827,-0.0453039233290187,0.004064));
#7437=CARTESIAN_POINT('',(-0.0987379080771827,-0.0453039233290187,0.00635));
#7438=CARTESIAN_POINT('',(0.0180443341125387,-0.0453039233290187,0.00635));
#7439=CARTESIAN_POINT('',(-0.102433957023607,-0.0835186276009066,0.004064));
#7440=CARTESIAN_POINT('',(-0.106130005970031,-0.121733331872795,0.004064));
#7441=CARTESIAN_POINT('',(-0.106130005970031,-0.121733331872795,0.00635));
#7442=CARTESIAN_POINT('',(-0.0938786946112784,0.00493713361725321,0.00635));
#7443=CARTESIAN_POINT('',(-0.106274296169141,-0.121733331872795,0.004064));
#7444=CARTESIAN_POINT('',(-0.106418586368251,-0.121733331872795,0.004064));
#7445=CARTESIAN_POINT('',(-0.106418586368251,-0.121733331872795,0.00635));
#7446=CARTESIAN_POINT('',(0.0180443341125387,-0.121733331872795,0.00635));
#7447=CARTESIAN_POINT('',(-0.109903749639053,-0.0835186276009066,0.004064));
#7448=CARTESIAN_POINT('',(-0.115869830130307,-0.0181007450168695,0.00635));
#7449=CARTESIAN_POINT('',(-0.130491890239407,-0.0840994996316864,0.00635));
#7450=CARTESIAN_POINT('',(-0.130491890239407,-0.0802595784050114,0.00635));
#7451=CARTESIAN_POINT('',(-0.130491890239407,-0.0879394208583613,0.00635));
#7452=CARTESIAN_POINT('',(-0.143259869495989,-0.0802595784050114,0.00635));
#7453=CARTESIAN_POINT('',(-0.143259869495989,-0.0879394208583613,0.00635));
#7454=CARTESIAN_POINT('',(0.0180443341125387,-0.00588783546930824,0.00635));
#7455=CARTESIAN_POINT('',(0.0180443341125387,-0.00588783546930824,0.00635));
#7456=CARTESIAN_POINT('',(-0.0648377533330492,-0.00809521211709319,0.127));
#7457=CARTESIAN_POINT('',(0.,0.,0.));
#7458=CARTESIAN_POINT('',(0.0180443341125387,-0.00588783546930824,0.0762));
#7459=CARTESIAN_POINT('',(0.0279398420864735,0.0518381450004605,0.0762));
#7460=CARTESIAN_POINT('',(0.0279398420864735,0.177763061959798,0.0762));
#7461=CARTESIAN_POINT('',(0.0279398420864735,0.0534256450004605,0.0762));
#7462=CARTESIAN_POINT('',(0.192116516977649,0.0534256450004605,0.0762));
#7463=CARTESIAN_POINT('',(0.190529016977649,0.0534256450004605,0.0762));
#7464=CARTESIAN_POINT('',(0.190529016977649,-0.00588783546930824,0.0762));
#7465=CARTESIAN_POINT('',(0.190529016977649,0.177763061959798,0.0762));
#7466=CARTESIAN_POINT('',(0.0180443341125387,0.177763061959798,0.0762));
#7467=CARTESIAN_POINT('',(0.0665361390387336,0.0426039694568862,0.0762));
#7468=CARTESIAN_POINT('',(0.0390679376311303,0.0700721708644897,0.0762));
#7469=CARTESIAN_POINT('',(0.0406554376311303,0.0684846708644897,0.0762));
#7470=CARTESIAN_POINT('',(0.0665361390387336,0.0426039694568862,0.0762));
#7471=CARTESIAN_POINT('',(0.0374804376311303,0.0716596708644897,0.0762));
#7472=CARTESIAN_POINT('',(0.0374804376311303,0.166646809745778,0.0762));
#7473=CARTESIAN_POINT('',(0.0374804376311303,0.165059309745778,0.0762));
#7474=CARTESIAN_POINT('',(-0.0577111867357086,0.069867685378939,0.0762));
#7475=CARTESIAN_POINT('',(0.0390679376311303,0.166646809745778,0.0762));
#7476=CARTESIAN_POINT('',(-0.0577111867357086,0.069867685378939,0.0762));
#7477=CARTESIAN_POINT('',(0.0406554376311303,0.168234309745778,0.0762));
#7478=CARTESIAN_POINT('',(0.0180443341125387,0.168234309745778,0.0762));
#7479=CARTESIAN_POINT('',(0.177962762673964,0.168234309745778,0.0762));
#7480=CARTESIAN_POINT('',(0.185064621000795,0.161132451418948,0.0762));
#7481=CARTESIAN_POINT('',(0.179550262673965,0.166646809745778,0.0762));
#7482=CARTESIAN_POINT('',(0.185064621000795,0.161132451418948,0.0762));
#7483=CARTESIAN_POINT('',(0.181137762673965,0.165059309745778,0.0762));
#7484=CARTESIAN_POINT('',(0.181137762673965,-0.00588783546930824,0.0762));
#7485=CARTESIAN_POINT('',(0.181137762673965,0.0716596708644897,0.0762));
#7486=CARTESIAN_POINT('',(0.0608172952263534,-0.0486607965831226,0.0762));
#7487=CARTESIAN_POINT('',(0.179550262673965,0.0700721708644897,0.0762));
#7488=CARTESIAN_POINT('',(0.0608172952263534,-0.0486607965831226,0.0762));
#7489=CARTESIAN_POINT('',(0.177962762673964,0.0684846708644897,0.0762));
#7490=CARTESIAN_POINT('',(0.0390679376311303,0.0684846708644897,0.0762));
#7491=CARTESIAN_POINT('',(0.0180443341125387,-0.00588783546930824,0.00635));
#7492=CARTESIAN_POINT('',(0.0406554376311303,-0.00588783546930824,0.00635));
#7493=CARTESIAN_POINT('',(0.0406554376311303,0.165059309745778,0.00635));
#7494=CARTESIAN_POINT('',(0.0406554376311303,0.0716596708644897,0.00635));
#7495=CARTESIAN_POINT('',(0.0180443341125387,0.0716596708644897,0.00635));
#7496=CARTESIAN_POINT('',(0.177962762673964,0.0716596708644897,0.00635));
#7497=CARTESIAN_POINT('',(0.177962762673964,0.166646809745778,0.00635));
#7498=CARTESIAN_POINT('',(0.177962762673964,0.165059309745778,0.00635));
#7499=CARTESIAN_POINT('',(0.0390679376311303,0.165059309745778,0.00635));
#7500=CARTESIAN_POINT('',(0.0782944909152087,-0.0336606249753317,0.00635));
#7501=CARTESIAN_POINT('',(0.0468090379299011,-0.00707942591707318,0.00793490449495918));
#7502=CARTESIAN_POINT('',(0.0468810928082648,-0.00707859206855482,0.00965025561992187));
#7503=CARTESIAN_POINT('',(0.0472525972952385,-0.00707777410948474,0.0130309141672774));
#7504=CARTESIAN_POINT('',(0.0489282479765754,-0.00705968915986036,0.0196507304184634));
#7505=CARTESIAN_POINT('',(0.0520375442165764,-0.00703484862577997,0.0258326728763218));
#7506=CARTESIAN_POINT('',(0.0566268618284169,-0.00700746560485206,0.0309960934445315));
#7507=CARTESIAN_POINT('',(0.0600173657197962,-0.00698659659170238,0.0335986036050786));
#7508=CARTESIAN_POINT('',(0.0631183999733143,-0.00697410472339197,0.0352726646637466));
#7509=CARTESIAN_POINT('',(0.0655172625725131,-0.00696441801577406,0.0362328527535284));
#7510=CARTESIAN_POINT('',(0.0675794486511139,-0.00695459683039052,0.0367912611638983));
#7511=CARTESIAN_POINT('',(0.0692622968429744,-0.0069466987262951,0.0370836956182594));
#7512=CARTESIAN_POINT('',(0.0705120632337712,-0.00694159954840176,0.0372241408240939));
#7513=CARTESIAN_POINT('',(0.0718544560711029,-0.00693723406220127,0.0372874404926101));
#7514=CARTESIAN_POINT('',(0.0731461607548783,-0.0069330736309789,0.0372601287248961));
#7515=CARTESIAN_POINT('',(0.0744345763889413,-0.0069289630791858,0.0371448227514202));
#7516=CARTESIAN_POINT('',(0.0756533346242845,-0.00692528228622204,0.036955180203062));
#7517=CARTESIAN_POINT('',(0.0770017789922571,-0.00692209337658559,0.0366459307495535));
#7518=CARTESIAN_POINT('',(0.0782436153915426,-0.00691938071361878,0.0362586955649195));
#7519=CARTESIAN_POINT('',(0.0792436739035397,-0.00691725048407237,0.0358660385059357));
#7520=CARTESIAN_POINT('',(0.0799103802606902,-0.00691598772543121,0.035561659048102));
#7521=CARTESIAN_POINT('',(0.0802920583319391,-0.00691536162258504,0.035374431710955));
#7522=CARTESIAN_POINT('',(0.0805519693227636,-0.00691497472581185,0.0352417542572835));
#7523=CARTESIAN_POINT('',(0.0808943224076966,-0.00691458853626737,0.0350584066050933));
#7524=CARTESIAN_POINT('',(0.0813106426461549,-0.0069143041661666,0.0348231465629611));
#7525=CARTESIAN_POINT('',(0.0820300888066857,-0.00691416464051025,0.0343872348011547));
#7526=CARTESIAN_POINT('',(0.0829833538875732,-0.00691467751271454,0.0337241039756191));
#7527=CARTESIAN_POINT('',(0.0840261291881,-0.00691561774641943,0.0328672193414004));
#7528=CARTESIAN_POINT('',(0.0849672495286236,-0.0069165799079689,0.0319618840499754));
#7529=CARTESIAN_POINT('',(0.0858123882402668,-0.00691759214821896,0.0310167961217859));
#7530=CARTESIAN_POINT('',(0.0865655730054554,-0.00691892325833138,0.0300420245958931));
#7531=CARTESIAN_POINT('',(0.0871231871014521,-0.00692066622506424,0.0292075851280336));
#7532=CARTESIAN_POINT('',(0.0874752558399297,-0.0069224118605524,0.0286224204995681));
#7533=CARTESIAN_POINT('',(0.0876716506211564,-0.00692363059908759,0.0282771364895881));
#7534=CARTESIAN_POINT('',(0.0878004418531955,-0.00692455474020497,0.0280436209314943));
#7535=CARTESIAN_POINT('',(0.0879771779934818,-0.00692594109812458,0.0277094747609197));
#7536=CARTESIAN_POINT('',(0.0881841803930867,-0.00692762674874312,0.0272977211887692));
#7537=CARTESIAN_POINT('',(0.0885313473277664,-0.00693070206965886,0.0265588449993656));
#7538=CARTESIAN_POINT('',(0.0889574454292888,-0.00693542886634465,0.0255087526789573));
#7539=CARTESIAN_POINT('',(0.0893777763383139,-0.00694230885697986,0.0242479579154097));
#7540=CARTESIAN_POINT('',(0.0898279451805027,-0.00695345962706811,0.0225807622056014));
#7541=CARTESIAN_POINT('',(0.0901352885400152,-0.00696780671137913,0.0209383613971555));
#7542=CARTESIAN_POINT('',(0.0903113457946257,-0.00698163071261893,0.0195410138804377));
#7543=CARTESIAN_POINT('',(0.0903903597129944,-0.00698962941473109,0.0187413497182081));
#7544=CARTESIAN_POINT('',(0.0904374646665693,-0.00699517655714294,0.018175704741008));
#7545=CARTESIAN_POINT('',(0.0904829302707,-0.00700180299103362,0.0175017536562026));
#7546=CARTESIAN_POINT('',(0.0905272064974751,-0.00701041653222708,0.0166491874077078));
#7547=CARTESIAN_POINT('',(0.0905759897983563,-0.00702572215840561,0.0151527054535395));
#7548=CARTESIAN_POINT('',(0.0905801604938598,-0.00704475779267194,0.0130706331672857));
#7549=CARTESIAN_POINT('',(0.0905450350501914,-0.00707035652333949,0.0105175017594623));
#7550=CARTESIAN_POINT('',(0.0905191381763091,-0.00707541794267093,0.0088580503038636));
#7551=CARTESIAN_POINT('',(0.0905120505447534,-0.00707783854466112,0.00800711457261371));
#7552=CARTESIAN_POINT('',(0.0468094629230824,-0.00707967281698458,0.00793488676275559));
#7553=CARTESIAN_POINT('',(0.0905120505447534,-0.00707783854466113,0.00800711457261375));
#7554=CARTESIAN_POINT('',(0.0905120480979066,-0.00707783436289655,0.008007114582191));
#7555=CARTESIAN_POINT('',(0.0902838908697499,-0.00668798122511385,0.00800349196449252));
#7556=CARTESIAN_POINT('',(0.0897822763767118,-0.00587790337966643,0.00799686095691604));
#7557=CARTESIAN_POINT('',(0.0890260556787012,-0.00480323409745297,0.00798920498974358));
#7558=CARTESIAN_POINT('',(0.0883343849037319,-0.0039170599851385,0.00798328362326254));
#7559=CARTESIAN_POINT('',(0.0877690630017611,-0.00324139241288225,0.00797897064449815));
#7560=CARTESIAN_POINT('',(0.0872602643214038,-0.0026748234747586,0.0079755520422723));
#7561=CARTESIAN_POINT('',(0.0868774282495936,-0.00227210916851407,0.00797327209596287));
#7562=CARTESIAN_POINT('',(0.0866595559873464,-0.00204899083756988,0.00797205453159013));
#7563=CARTESIAN_POINT('',(0.0864723299837168,-0.00186134836379217,0.00797106508741219));
#7564=CARTESIAN_POINT('',(0.0863605087831827,-0.00175121307971438,0.00797049970445536));
#7565=CARTESIAN_POINT('',(0.08618156055291,-0.00157686841904171,0.00796961423552682));
#7566=CARTESIAN_POINT('',(0.085873503905407,-0.00128355971774552,0.00796816251871676));
#7567=CARTESIAN_POINT('',(0.0852179816616269,-0.000685570094090587,0.00796531622150379));
#7568=CARTESIAN_POINT('',(0.0841969528064893,0.000164890102360534,0.00796148893984776));
#7569=CARTESIAN_POINT('',(0.0830453542101346,0.00100335232129913,0.00795784299668774));
#7570=CARTESIAN_POINT('',(0.0821741939615442,0.00156996547097854,0.00795545227191326));
#7571=CARTESIAN_POINT('',(0.0817153967545148,0.00185070612540814,0.00795429679099413));
#7572=CARTESIAN_POINT('',(0.0814571126708238,0.00200419107066243,0.00795367417960907));
#7573=CARTESIAN_POINT('',(0.0812355903532613,0.00213271135030647,0.00795315974814403));
#7574=CARTESIAN_POINT('',(0.0811081123858329,0.00220524809810807,0.0079528730730423));
#7575=CARTESIAN_POINT('',(0.080902707591064,0.00232076963157913,0.00795241994075896));
#7576=CARTESIAN_POINT('',(0.0805532938774536,0.00251229684590585,0.00795167974978927));
#7577=CARTESIAN_POINT('',(0.0800302270513599,0.002785558376373,0.00795064584930748));
#7578=CARTESIAN_POINT('',(0.0793805451970631,0.00310172408484308,0.00794946725077819));
#7579=CARTESIAN_POINT('',(0.0784789061088633,0.00350877312944957,0.00794795072477677));
#7580=CARTESIAN_POINT('',(0.077287961903424,0.00398450789643723,0.00794614291792581));
#7581=CARTESIAN_POINT('',(0.0757558511485535,0.00448839563836216,0.00794407758774694));
#7582=CARTESIAN_POINT('',(0.074123441148873,0.00490973764676597,0.0079421194577522));
#7583=CARTESIAN_POINT('',(0.0723919753612224,0.0052324238252289,0.00794029512093379));
#7584=CARTESIAN_POINT('',(0.0708782585066017,0.00540528769198362,0.00793892698602067));
#7585=CARTESIAN_POINT('',(0.0697710137460574,0.00546830419643331,0.00793806007889519));
#7586=CARTESIAN_POINT('',(0.069145523606653,0.00548687306228093,0.00793760503925374));
#7587=CARTESIAN_POINT('',(0.068623495249798,0.00549126630256885,0.0079372498426486));
#7588=CARTESIAN_POINT('',(0.0682808864592776,0.00548810112911148,0.00793702228909269));
#7589=CARTESIAN_POINT('',(0.0677582003911412,0.0054767954519223,0.00793666981425406));
#7590=CARTESIAN_POINT('',(0.0668665143571382,0.00543609715873908,0.00793607201659704));
#7591=CARTESIAN_POINT('',(0.0655606611003543,0.00531746255095902,0.00793523203322649));
#7592=CARTESIAN_POINT('',(0.0639800140568751,0.00507238890242266,0.00793435536541653));
#7593=CARTESIAN_POINT('',(0.0618538541954788,0.00460256460332251,0.00793342832140402));
#7594=CARTESIAN_POINT('',(0.0597147288160517,0.00390548520285431,0.00793294387394504));
#7595=CARTESIAN_POINT('',(0.0576127322986608,0.00297489712301483,0.0079327728307736));
#7596=CARTESIAN_POINT('',(0.0560310070961694,0.00213635934927261,0.00793269088126061));
#7597=CARTESIAN_POINT('',(0.054593237345674,0.0012409457244311,0.0079324898447483));
#7598=CARTESIAN_POINT('',(0.0527554405548957,-7.97609886569872E-5,0.00793224673475596));
#7599=CARTESIAN_POINT('',(0.0498382007801293,-0.00266001943421257,0.00793232591505153));
#7600=CARTESIAN_POINT('',(0.0478679884232325,-0.00525646788696959,0.00793398259948987));
#7601=CARTESIAN_POINT('',(0.0468087311114493,-0.00707995502016184,0.00793491781064283));
#7602=CARTESIAN_POINT('',(0.109309100152547,0.0700721708644897,0.00635));
#7603=CARTESIAN_POINT('',(0.177962762673964,0.0700721708644897,0.00635));
#7604=CARTESIAN_POINT('',(0.177962762673964,0.0700721708644897,0.0746125));
#7605=CARTESIAN_POINT('',(0.177962762673964,0.0700721708644897,0.0079375));
#7606=CARTESIAN_POINT('',(0.109309100152547,0.0700721708644897,0.0079375));
#7607=CARTESIAN_POINT('',(0.0406554376311303,0.0700721708644897,0.0079375));
#7608=CARTESIAN_POINT('',(0.0406554376311303,0.0700721708644897,0.0762));
#7609=CARTESIAN_POINT('',(0.0406554376311303,0.0700721708644897,0.0746125));
#7610=CARTESIAN_POINT('',(0.179550262673965,0.0700721708644897,0.0746125));
#7611=CARTESIAN_POINT('',(0.179550262673965,0.118359490305134,0.00635));
#7612=CARTESIAN_POINT('',(0.179550262673965,0.165059309745778,0.00635));
#7613=CARTESIAN_POINT('',(0.179550262673965,0.165059309745778,0.0746125));
#7614=CARTESIAN_POINT('',(0.179550262673965,0.165059309745778,0.0079375));
#7615=CARTESIAN_POINT('',(0.179550262673965,0.0700721708644897,0.0079375));
#7616=CARTESIAN_POINT('',(0.179550262673965,0.0716596708644897,0.0079375));
#7617=CARTESIAN_POINT('',(0.179550262673965,0.0716596708644897,0.00635));
#7618=CARTESIAN_POINT('',(0.179550262673965,0.0716596708644897,0.0746125));
#7619=CARTESIAN_POINT('',(0.179550262673965,0.118359490305134,0.0746125));
#7620=CARTESIAN_POINT('',(0.109309100152547,0.166646809745778,0.00635));
#7621=CARTESIAN_POINT('',(0.0406554376311303,0.166646809745778,0.00635));
#7622=CARTESIAN_POINT('',(0.0406554376311303,0.166646809745778,0.0746125));
#7623=CARTESIAN_POINT('',(0.0406554376311303,0.166646809745778,0.0079375));
#7624=CARTESIAN_POINT('',(0.179550262673965,0.166646809745778,0.0079375));
#7625=CARTESIAN_POINT('',(0.177962762673964,0.166646809745778,0.0079375));
#7626=CARTESIAN_POINT('',(0.177962762673964,0.166646809745778,0.0762));
#7627=CARTESIAN_POINT('',(0.177962762673964,0.166646809745778,0.0746125));
#7628=CARTESIAN_POINT('',(0.109309100152547,0.166646809745778,0.0746125));
#7629=CARTESIAN_POINT('',(0.0390679376311303,0.118359490305134,0.00635));
#7630=CARTESIAN_POINT('',(0.0390679376311303,0.0716596708644897,0.00635));
#7631=CARTESIAN_POINT('',(0.0390679376311303,0.0716596708644897,0.0746125));
#7632=CARTESIAN_POINT('',(0.0390679376311303,0.0716596708644897,0.0079375));
#7633=CARTESIAN_POINT('',(0.0390679376311303,0.118359490305134,0.0079375));
#7634=CARTESIAN_POINT('',(0.0390679376311303,0.165059309745778,0.0079375));
#7635=CARTESIAN_POINT('',(0.0390679376311303,0.165059309745778,0.00635));
#7636=CARTESIAN_POINT('',(0.0390679376311303,0.165059309745778,0.0746125));
#7637=CARTESIAN_POINT('',(0.0390679376311303,0.0700721708644897,0.0746125));
#7638=CARTESIAN_POINT('',(0.192116516977649,-0.00588783546930824,0.00635));
#7639=CARTESIAN_POINT('',(0.192116516977649,0.0229751547655761,-0.0225129902348843));
#7640=CARTESIAN_POINT('',(0.192116516977649,0.0502506450004605,0.0047625));
#7641=CARTESIAN_POINT('',(0.192116516977649,0.0518381450004605,0.00635));
#7642=CARTESIAN_POINT('',(0.192116516977649,-0.00588783546930824,0.0047625));
#7643=CARTESIAN_POINT('',(0.192116516977649,-0.00650771211709319,0.0047625));
#7644=CARTESIAN_POINT('',(0.192116516977649,-0.00650771211709319,0.));
#7645=CARTESIAN_POINT('',(0.192116516977649,-0.00650771211709319,0.0015875));
#7646=CARTESIAN_POINT('',(0.192116516977649,0.179350561959799,0.0015875));
#7647=CARTESIAN_POINT('',(0.192116516977649,0.177763061959798,0.0015875));
#7648=CARTESIAN_POINT('',(0.192116516977649,0.177763061959798,0.00635));
#7649=CARTESIAN_POINT('',(0.192116516977649,0.177763061959798,0.0746125));
#7650=CARTESIAN_POINT('',(0.192116516977649,-0.00588783546930824,0.0746125));
#7651=CARTESIAN_POINT('',(0.192116516977649,0.0534256450004605,0.0746125));
#7652=CARTESIAN_POINT('',(0.192116516977649,0.0534256450004605,0.00635));
#7653=CARTESIAN_POINT('',(0.192116516977649,0.0534256450004605,0.0079375));
#7654=CARTESIAN_POINT('',(0.192116516977649,0.0229751547655761,-0.0225129902348843));
#7655=CARTESIAN_POINT('',(0.109234429532061,0.0518381450004605,0.0762));
#7656=CARTESIAN_POINT('',(0.0279398420864735,0.0518381450004605,0.0762));
#7657=CARTESIAN_POINT('',(0.0279398420864735,0.0518381450004605,0.0746125));
#7658=CARTESIAN_POINT('',(0.0279398420864735,0.0518381450004605,0.0079375));
#7659=CARTESIAN_POINT('',(0.109234429532061,0.0518381450004605,0.0079375));
#7660=CARTESIAN_POINT('',(0.190529016977649,0.0518381450004605,0.0079375));
#7661=CARTESIAN_POINT('',(0.190529016977649,0.0518381450004605,0.0762));
#7662=CARTESIAN_POINT('',(0.190529016977649,0.0518381450004605,0.0746125));
#7663=CARTESIAN_POINT('',(0.0263523420864736,0.0518381450004605,0.0746125));
#7664=CARTESIAN_POINT('',(0.0180443341125387,-0.00588783546930824,0.00635));
#7665=CARTESIAN_POINT('',(0.0462177946809419,-0.00650771211709319,0.00635));
#7666=CARTESIAN_POINT('',(0.0279398420864735,-0.00650771211709319,0.00635));
#7667=CARTESIAN_POINT('',(0.0452752047021966,-0.00650771211709319,0.00635));
#7668=CARTESIAN_POINT('',(0.0452752047021966,-0.00650771741102315,0.00635));
#7669=CARTESIAN_POINT('',(0.0464467981029051,-0.00444216203199587,0.00635));
#7670=CARTESIAN_POINT('',(0.0493138330296112,-0.000658199447553781,0.00635));
#7671=CARTESIAN_POINT('',(0.0549754661575671,0.00373200250887308,0.00635));
#7672=CARTESIAN_POINT('',(0.0615864151092297,0.00648544304129758,0.00635));
#7673=CARTESIAN_POINT('',(0.0686582369086138,0.00741595531214701,0.00635));
#7674=CARTESIAN_POINT('',(0.0757286108114337,0.00648057321977675,0.00635));
#7675=CARTESIAN_POINT('',(0.0823378179434935,0.00372477077960666,0.00635));
#7676=CARTESIAN_POINT('',(0.0880007776378694,-0.000667168290862153,0.00635));
#7677=CARTESIAN_POINT('',(0.0908689458445934,-0.004441908089793,0.00635));
#7678=CARTESIAN_POINT('',(0.0920489016842884,-0.00650771726377825,0.00635));
#7679=CARTESIAN_POINT('',(0.0920489016842884,-0.00650771211709319,0.00635));
#7680=CARTESIAN_POINT('',(0.192116516977649,-0.00650771211709319,0.00635));
#7681=CARTESIAN_POINT('',(0.190529016977649,-0.00650771211709319,0.00635));
#7682=CARTESIAN_POINT('',(0.190529016977649,-0.00588783546930824,0.00635));
#7683=CARTESIAN_POINT('',(0.190529016977649,0.0502506450004605,0.00635));
#7684=CARTESIAN_POINT('',(0.0180443341125387,0.0502506450004605,0.00635));
#7685=CARTESIAN_POINT('',(0.0279398420864735,0.0502506450004605,0.00635));
#7686=CARTESIAN_POINT('',(0.0279398420864735,-0.00809521211709319,0.00635));
#7687=CARTESIAN_POINT('',(0.0180443341125387,0.179350561959799,0.00635));
#7688=CARTESIAN_POINT('',(0.190529016977649,0.179350561959799,0.00635));
#7689=CARTESIAN_POINT('',(0.190529016977649,0.179350561959799,0.0746125));
#7690=CARTESIAN_POINT('',(0.190529016977649,0.179350561959799,0.0015875));
#7691=CARTESIAN_POINT('',(0.0263523420864736,0.179350561959799,0.0015875));
#7692=CARTESIAN_POINT('',(0.0279398420864735,0.179350561959799,0.0015875));
#7693=CARTESIAN_POINT('',(0.0279398420864735,0.179350561959799,0.0762));
#7694=CARTESIAN_POINT('',(0.0279398420864735,0.179350561959799,0.0746125));
#7695=CARTESIAN_POINT('',(0.0180443341125387,0.179350561959799,0.0746125));
#7696=CARTESIAN_POINT('',(0.0180443341125387,-0.00588783546930824,0.));
#7697=CARTESIAN_POINT('',(0.190529016977649,-0.00809521211709319,0.));
#7698=CARTESIAN_POINT('',(0.190529016977649,0.177763061959798,0.));
#7699=CARTESIAN_POINT('',(0.190529016977649,-0.00650771211709319,0.));
#7700=CARTESIAN_POINT('',(0.0180443341125387,-0.00650771211709319,0.));
#7701=CARTESIAN_POINT('',(0.0279398420864735,-0.00650771211709319,0.));
#7702=CARTESIAN_POINT('',(0.0279398420864735,-0.00588783546930824,0.));
#7703=CARTESIAN_POINT('',(0.0279398420864735,0.177763061959798,0.));
#7704=CARTESIAN_POINT('',(0.192116516977649,0.177763061959798,0.));
#7705=CARTESIAN_POINT('',(0.0263523420864736,0.0339305983096187,0.127));
#7706=CARTESIAN_POINT('',(0.0263523420864736,-0.00650771211709319,0.127));
#7707=CARTESIAN_POINT('',(0.0263523420864736,-0.00650771211709319,0.0015875));
#7708=CARTESIAN_POINT('',(0.0263523420864736,-0.00650771211709319,0.0047625));
#7709=CARTESIAN_POINT('',(0.0263523420864736,0.0518381450004605,0.0047625));
#7710=CARTESIAN_POINT('',(0.0263523420864736,0.0502506450004605,0.0047625));
#7711=CARTESIAN_POINT('',(0.0263523420864736,0.0502506450004605,0.0047625));
#7712=CARTESIAN_POINT('',(0.0263523420864736,0.0518381450004605,0.00635));
#7713=CARTESIAN_POINT('',(0.0263523420864736,0.0502506450004605,0.0047625));
#7714=CARTESIAN_POINT('',(0.0263523420864736,0.0534256450004605,0.0079375));
#7715=CARTESIAN_POINT('',(0.0263523420864736,0.0534256450004605,0.127));
#7716=CARTESIAN_POINT('',(0.0263523420864736,0.0534256450004605,0.0746125));
#7717=CARTESIAN_POINT('',(0.0263523420864736,0.179350561959799,0.0746125));
#7718=CARTESIAN_POINT('',(0.0263523420864736,0.177763061959798,0.0746125));
#7719=CARTESIAN_POINT('',(0.0263523420864736,0.177763061959798,0.));
#7720=CARTESIAN_POINT('',(0.0263523420864736,0.177763061959798,0.0015875));
#7721=CARTESIAN_POINT('',(0.0263523420864736,0.0339305983096187,0.0015875));
#7722=CARTESIAN_POINT('',(-0.0648377533330492,-0.00809521211709319,0.127));
#7723=CARTESIAN_POINT('',(0.0279398420864735,-0.00809521211709319,0.127));
#7724=CARTESIAN_POINT('',(0.0279398420864735,-0.00809521211709319,0.0047625));
#7725=CARTESIAN_POINT('',(0.0279398420864735,-0.00809521211709319,0.0015875));
#7726=CARTESIAN_POINT('',(-0.0648377533330492,-0.00809521211709319,0.0015875));
#7727=CARTESIAN_POINT('',(0.190529016977649,-0.00809521211709319,0.0015875));
#7728=CARTESIAN_POINT('',(0.190529016977649,-0.00809521211709319,0.00635));
#7729=CARTESIAN_POINT('',(0.190529016977649,-0.00809521211709319,0.0047625));
#7730=CARTESIAN_POINT('',(0.0910626946260809,-0.00809521211709319,0.0047625));
#7731=CARTESIAN_POINT('',(0.0920489016842884,-0.00809521211709319,0.0047625));
#7732=CARTESIAN_POINT('',(0.0899087674498061,-0.00809521211709319,0.00801314883090969));
#7733=CARTESIAN_POINT('',(0.0906221455279669,-0.00809521211709319,0.00692959922060645));
#7734=CARTESIAN_POINT('',(0.0913355236061276,-0.00809521211709319,0.00584604961030324));
#7735=CARTESIAN_POINT('',(0.0920489016842884,-0.00809521211709319,0.0047625));
#7736=CARTESIAN_POINT('',(0.0899087674498061,-0.00809521211709319,0.00801314883090969));
#7737=CARTESIAN_POINT('',(0.0899087674498063,-0.00809521211709319,0.0080131488309098));
#7738=CARTESIAN_POINT('',(0.0899117755321528,-0.00809521211709319,0.00830751283020086));
#7739=CARTESIAN_POINT('',(0.0899212516331322,-0.00809521211709319,0.00901962632714455));
#7740=CARTESIAN_POINT('',(0.0899430282985857,-0.00809521211709319,0.0102450332416739));
#7741=CARTESIAN_POINT('',(0.0899641014971622,-0.00809521211709319,0.0113782754639046));
#7742=CARTESIAN_POINT('',(0.0899757375733777,-0.00809521211709319,0.0120567825682718));
#7743=CARTESIAN_POINT('',(0.0899833713344728,-0.00809521211709319,0.0125407749059119));
#7744=CARTESIAN_POINT('',(0.0899872914094658,-0.00809521211709319,0.0128162779730024));
#7745=CARTESIAN_POINT('',(0.0899893423051748,-0.00809521211709319,0.012974082916782));
#7746=CARTESIAN_POINT('',(0.0899902304378696,-0.00809521211709319,0.0130431189268931));
#7747=CARTESIAN_POINT('',(0.0899927304929429,-0.00809521211709319,0.0132650536553395));
#7748=CARTESIAN_POINT('',(0.0899949393216573,-0.00809521211709319,0.0135042177534577));
#7749=CARTESIAN_POINT('',(0.0899979507311528,-0.00809521211709319,0.0139408305093175));
#7750=CARTESIAN_POINT('',(0.0899987465861139,-0.00809521211709319,0.0145310618499207));
#7751=CARTESIAN_POINT('',(0.0899944133855315,-0.00809521211709319,0.0152126280612432));
#7752=CARTESIAN_POINT('',(0.089981528565099,-0.00809521211709319,0.0160753993861344));
#7753=CARTESIAN_POINT('',(0.0899576771663719,-0.00809521211709319,0.016877624895685));
#7754=CARTESIAN_POINT('',(0.0899281362816786,-0.00809521211709319,0.0175128293166674));
#7755=CARTESIAN_POINT('',(0.089907533602825,-0.00809521211709319,0.0178742911972032));
#7756=CARTESIAN_POINT('',(0.0898936905762219,-0.00809521211709319,0.0180958925396197));
#7757=CARTESIAN_POINT('',(0.0898672494124653,-0.00809521211709319,0.0184674963972115));
#7758=CARTESIAN_POINT('',(0.0898315596466616,-0.00809521211709319,0.0189043150132696));
#7759=CARTESIAN_POINT('',(0.0897575331441373,-0.00809521211709319,0.0196803402924485));
#7760=CARTESIAN_POINT('',(0.0896235157479066,-0.00809521211709319,0.020739694802317));
#7761=CARTESIAN_POINT('',(0.0894525130673896,-0.00809521211709319,0.0217475314369655));
#7762=CARTESIAN_POINT('',(0.0892894211976412,-0.00809521211709319,0.0225356871369869));
#7763=CARTESIAN_POINT('',(0.0891649126863292,-0.00809521211709319,0.0230761862599686));
#7764=CARTESIAN_POINT('',(0.0889934741699697,-0.00809521211709319,0.0237376333280972));
#7765=CARTESIAN_POINT('',(0.0887538790126177,-0.00809521211709319,0.024555712516306));
#7766=CARTESIAN_POINT('',(0.0884111802457029,-0.00809521211709319,0.0255602200254201));
#7767=CARTESIAN_POINT('',(0.087932110546526,-0.00809521211709319,0.0267147254162071));
#7768=CARTESIAN_POINT('',(0.0874045199162032,-0.00809521211709319,0.0277904342366296));
#7769=CARTESIAN_POINT('',(0.086749870830321,-0.00809521211709319,0.0289208755458606));
#7770=CARTESIAN_POINT('',(0.0858039805708804,-0.00809521211709319,0.0303034434049674));
#7771=CARTESIAN_POINT('',(0.0839016047877545,-0.00809521211709319,0.0325242708230859));
#7772=CARTESIAN_POINT('',(0.0811403726779711,-0.00809521211709319,0.0345421585174091));
#7773=CARTESIAN_POINT('',(0.0780713924386838,-0.00809521211709319,0.0358656873815699));
#7774=CARTESIAN_POINT('',(0.0755782818015979,-0.00809521211709319,0.0365213691394064));
#7775=CARTESIAN_POINT('',(0.0731248705967575,-0.00809521211709319,0.0368134671548832));
#7776=CARTESIAN_POINT('',(0.0705461981400017,-0.00809521211709319,0.0367655439055415));
#7777=CARTESIAN_POINT('',(0.0681033434185963,-0.00809521211709319,0.0364060658217946));
#7778=CARTESIAN_POINT('',(0.0656227795203653,-0.00809521211709319,0.0357180654923616));
#7779=CARTESIAN_POINT('',(0.0633294686795853,-0.00809521211709319,0.0347855140536268));
#7780=CARTESIAN_POINT('',(0.061063760875208,-0.00809521211709319,0.0335510964716844));
#7781=CARTESIAN_POINT('',(0.0590532326052643,-0.00809521211709319,0.0321645066364221));
#7782=CARTESIAN_POINT('',(0.0571455593974017,-0.00809521211709319,0.0305590817757521));
#7783=CARTESIAN_POINT('',(0.0556712871900217,-0.00809521211709319,0.0290475039353462));
#7784=CARTESIAN_POINT('',(0.0545659219459463,-0.00809521211709319,0.0277466058199758));
#7785=CARTESIAN_POINT('',(0.0537473970460624,-0.00809521211709319,0.0266865811979557));
#7786=CARTESIAN_POINT('',(0.0530511363380147,-0.00809521211709319,0.0257007834137356));
#7787=CARTESIAN_POINT('',(0.0521481424567127,-0.00809521211709319,0.0243084215423418));
#7788=CARTESIAN_POINT('',(0.051130809547402,-0.00809521211709319,0.022504750120654));
#7789=CARTESIAN_POINT('',(0.0502433695996589,-0.00809521211709319,0.0205890228797586));
#7790=CARTESIAN_POINT('',(0.0496183252939447,-0.00809521211709319,0.019006039774138));
#7791=CARTESIAN_POINT('',(0.0491812170658496,-0.00809521211709319,0.0177598069664409));
#7792=CARTESIAN_POINT('',(0.0488178441638003,-0.00809521211709319,0.0165898014566432));
#7793=CARTESIAN_POINT('',(0.0483785451006955,-0.00809521211709319,0.0149819680399663));
#7794=CARTESIAN_POINT('',(0.0477624993850294,-0.00809521211709319,0.0121386212095963));
#7795=CARTESIAN_POINT('',(0.047485655894087,-0.00809521211709319,0.00962076568803646));
#7796=CARTESIAN_POINT('',(0.0474139164447192,-0.00809521211709319,0.007909649574928));
#7797=CARTESIAN_POINT('',(0.0474139164447192,-0.00809521211709319,0.00790964957492775));
#7798=CARTESIAN_POINT('',(0.0452752047021966,-0.00809521211709319,0.0047625));
#7799=CARTESIAN_POINT('',(0.0459881086163708,-0.00809521211709319,0.00581154985830926));
#7800=CARTESIAN_POINT('',(0.046701012530545,-0.00809521211709319,0.00686059971661849));
#7801=CARTESIAN_POINT('',(0.0474139164447192,-0.00809521211709319,0.00790964957492775));
#7802=CARTESIAN_POINT('',(0.0452752047021966,-0.00809521211709319,0.0047625));
#7803=CARTESIAN_POINT('',(0.0263523420864736,-0.00809521211709319,0.0047625));
#7804=CARTESIAN_POINT('',(0.190529016977649,0.179350561959799,0.00635));
#7805=CARTESIAN_POINT('',(0.192116516977649,0.177763061959798,0.0015875));
#7806=CARTESIAN_POINT('',(0.192116516977649,0.177763061959798,0.0746125));
#7807=CARTESIAN_POINT('',(0.192116516977649,0.177763061959798,0.0015875));
#7808=CARTESIAN_POINT('',(0.190529016977649,0.178556811959799,0.000793749999999963));
#7809=CARTESIAN_POINT('',(0.192116516977649,0.177763061959798,0.0015875));
#7810=CARTESIAN_POINT('',(0.192116516977649,0.177763061959798,0.0746125));
#7811=CARTESIAN_POINT('',(0.192116516977649,0.177763061959798,0.0746125));
#7812=CARTESIAN_POINT('',(0.190529016977649,0.178556811959799,0.07540625));
#7813=CARTESIAN_POINT('',(0.190529016977649,-0.00588783546930824,0.));
#7814=CARTESIAN_POINT('',(0.190529016977649,-0.00650771211709319,0.));
#7815=CARTESIAN_POINT('',(0.0180443341125387,0.177763061959798,0.));
#7816=CARTESIAN_POINT('',(0.0279398420864735,0.177763061959798,0.));
#7817=CARTESIAN_POINT('',(0.0263523420864736,0.177763061959798,0.127));
#7818=CARTESIAN_POINT('',(0.0279398420864735,0.179350561959799,0.0746125));
#7819=CARTESIAN_POINT('',(0.0271460920864736,0.178556811959799,0.0015875));
#7820=CARTESIAN_POINT('',(0.0180443341125387,0.179350561959799,0.0746125));
#7821=CARTESIAN_POINT('',(0.0279398420864735,0.179350561959799,0.0746125));
#7822=CARTESIAN_POINT('',(0.192116516977649,-0.00588783546930824,0.0746125));
#7823=CARTESIAN_POINT('',(0.191322766977649,0.0534256450004605,0.07540625));
#7824=CARTESIAN_POINT('',(0.190529016977649,-0.00809521211709319,0.127));
#7825=CARTESIAN_POINT('',(0.192116516977649,-0.00650771211709319,0.0047625));
#7826=CARTESIAN_POINT('',(0.191322766977649,-0.00730146211709319,0.0015875));
#7827=CARTESIAN_POINT('',(-0.0648377533330492,-0.00809521211709319,0.0047625));
#7828=CARTESIAN_POINT('',(0.0920489016842883,-0.00650771337017863,0.00634999874691456));
#7829=CARTESIAN_POINT('',(0.0920489016842883,-0.00703687961915015,0.00582083249794304));
#7830=CARTESIAN_POINT('',(0.0920489016842883,-0.00756604586812167,0.00529166624897152));
#7831=CARTESIAN_POINT('',(0.0920489016842883,-0.00809521211709319,0.0047625));
#7832=CARTESIAN_POINT('',(0.190529016977649,-0.00730146211709319,0.00555625));
#7833=CARTESIAN_POINT('',(0.0905120622808032,-0.0070778316773609,0.00800711445532488));
#7834=CARTESIAN_POINT('',(0.0920489016842884,-0.00650771211709319,0.00635));
#7835=CARTESIAN_POINT('',(0.0899087674498061,-0.00809521211709319,0.00801314883090969));
#7836=CARTESIAN_POINT('',(0.0920489016842884,-0.00809521211709319,0.0047625));
#7837=CARTESIAN_POINT('',(0.0920489016842884,-0.00650771211709319,0.00635));
#7838=CARTESIAN_POINT('',(0.0915366218831267,-0.00669775197051576,0.00690237148510829));
#7839=CARTESIAN_POINT('',(0.0910243420819649,-0.00688779182393833,0.00745474297021659));
#7840=CARTESIAN_POINT('',(0.0905120622808032,-0.0070778316773609,0.00800711445532488));
#7841=CARTESIAN_POINT('',(0.0905120622808032,-0.0070778316773609,0.00800711445532488));
#7842=CARTESIAN_POINT('',(0.0903109640038042,-0.007416958490605,0.00800912591385315));
#7843=CARTESIAN_POINT('',(0.0901098657268051,-0.00775608530384909,0.00801113737238142));
#7844=CARTESIAN_POINT('',(0.0899087674498061,-0.00809521211709319,0.00801314883090969));
#7845=CARTESIAN_POINT('',(0.190529016977649,-0.00650771211709319,0.));
#7846=CARTESIAN_POINT('',(0.190529016977649,-0.00650771211709319,0.));
#7847=CARTESIAN_POINT('',(0.0279398420864735,0.177763061959798,0.));
#7848=CARTESIAN_POINT('',(0.0279398420864735,0.177763061959798,0.));
#7849=CARTESIAN_POINT('',(0.0279398420864735,0.179350561959799,0.0746125));
#7850=CARTESIAN_POINT('',(0.0271460920864736,0.177763061959798,0.07540625));
#7851=CARTESIAN_POINT('',(0.190529016977649,0.0518381450004605,0.0746125));
#7852=CARTESIAN_POINT('',(0.190529016977649,0.0518381450004605,0.0746125));
#7853=CARTESIAN_POINT('',(0.190529016977649,0.0518381450004605,0.0746125));
#7854=CARTESIAN_POINT('',(0.192116516977649,-0.00650771211709319,0.0047625));
#7855=CARTESIAN_POINT('',(0.192116516977649,-0.00650771211709319,0.0047625));
#7856=CARTESIAN_POINT('',(0.0908034394231637,-0.00758909977191588,0.00801202255099));
#7857=CARTESIAN_POINT('',(0.0907291788149966,-0.00745528226724878,0.00801069551706211));
#7858=CARTESIAN_POINT('',(0.0906536365096104,-0.00732195653782246,0.00800940874879499));
#7859=CARTESIAN_POINT('',(0.0899405099383307,-0.0060890419104073,0.00799778367085283));
#7860=CARTESIAN_POINT('',(0.0892202091650607,-0.00503441030769707,0.00799008347771522));
#7861=CARTESIAN_POINT('',(0.0876512897490713,-0.00306777677198846,0.00797738937986705));
#7862=CARTESIAN_POINT('',(0.086795073951816,-0.00214364550540013,0.00797239626311498));
#7863=CARTESIAN_POINT('',(0.0849481909806522,-0.000425554416744876,0.00796388936848623));
#7864=CARTESIAN_POINT('',(0.083943905158913,0.000376712417992171,0.00796037454959714));
#7865=CARTESIAN_POINT('',(0.08186048569707,0.00179797036905805,0.00795444212710902));
#7866=CARTESIAN_POINT('',(0.0807701033210497,0.0024285072330731,0.00795197961945806));
#7867=CARTESIAN_POINT('',(0.0785057205921865,0.0035222234477827,0.00794770498521327));
#7868=CARTESIAN_POINT('',(0.0773199530137478,0.00398964688203188,0.00794588356053179));
#7869=CARTESIAN_POINT('',(0.073673883607486,0.00511511747162511,0.00794112897333044));
#7870=CARTESIAN_POINT('',(0.0711970013659528,0.00549004632335099,0.00793896567116339));
#7871=CARTESIAN_POINT('',(0.0660987019894283,0.00548996786430369,0.00793556917098176));
#7872=CARTESIAN_POINT('',(0.0636215596033261,0.00511490807467403,0.00793446193734726));
#7873=CARTESIAN_POINT('',(0.0599758817724645,0.00398888838951271,0.00793332897379861));
#7874=CARTESIAN_POINT('',(0.0587902368413577,0.00352118949342589,0.00793305280628824));
#7875=CARTESIAN_POINT('',(0.0565264516886767,0.00242677477358562,0.00793268433843104));
#7876=CARTESIAN_POINT('',(0.0554364808254022,0.00179579726051483,0.00793258928486541));
#7877=CARTESIAN_POINT('',(0.0533542738199863,0.00037337220193099,0.00793257159999768));
#7878=CARTESIAN_POINT('',(0.0523507626909161,-0.000429677386837251,0.00793265182079446));
#7879=CARTESIAN_POINT('',(0.0505064527586848,-0.00214940652870598,0.00793299002517652));
#7880=CARTESIAN_POINT('',(0.0496518805392764,-0.00307452387558945,0.00793324706403829));
#7881=CARTESIAN_POINT('',(0.048087802030726,-0.00504329806457956,0.00793395470779441));
#7882=CARTESIAN_POINT('',(0.0473703655359903,-0.00609963611981667,0.00793441096482116));
#7883=CARTESIAN_POINT('',(0.0466658274748477,-0.00732837801154108,0.00793504626974613));
#7884=CARTESIAN_POINT('',(0.0465939532856767,-0.00745627982434181,0.00793511357927966));
#7885=CARTESIAN_POINT('',(0.0465232813562656,-0.0075846280640304,0.00793518234323388));
#7886=CARTESIAN_POINT('',(0.0922163884981005,-0.00680522309960842,0.00635));
#7887=CARTESIAN_POINT('',(0.0921374731226034,-0.00666298394120921,0.00635));
#7888=CARTESIAN_POINT('',(0.0920571898768584,-0.00652126191931446,0.00635));
#7889=CARTESIAN_POINT('',(0.0912992643453737,-0.00521066484955466,0.00635));
#7890=CARTESIAN_POINT('',(0.0905333430063832,-0.00408922732109309,0.00635));
#7891=CARTESIAN_POINT('',(0.0888647889889814,-0.00199782930062893,0.00635));
#7892=CARTESIAN_POINT('',(0.0879540606237215,-0.00101494553394251,0.00635));
#7893=CARTESIAN_POINT('',(0.0859894657292013,0.000812457376835568,0.00635));
#7894=CARTESIAN_POINT('',(0.084921106337416,0.00166581965048115,0.00635));
#7895=CARTESIAN_POINT('',(0.0827046989756159,0.00317762939730591,0.00635));
#7896=CARTESIAN_POINT('',(0.081544684073333,0.00384835935003447,0.00635));
#7897=CARTESIAN_POINT('',(0.0791356611128145,0.00501180252206797,0.00635));
#7898=CARTESIAN_POINT('',(0.0778741332372792,0.00550903148864263,0.00635));
#7899=CARTESIAN_POINT('',(0.0739950806912126,0.00670625878959787,0.00635));
#7900=CARTESIAN_POINT('',(0.0713598861627327,0.00710507880913509,0.00635));
#7901=CARTESIAN_POINT('',(0.0659356949381545,0.00710487000745205,0.00635));
#7902=CARTESIAN_POINT('',(0.063300193220705,0.00670579185438619,0.00635));
#7903=CARTESIAN_POINT('',(0.059421441905595,0.00550773760044754,0.00635));
#7904=CARTESIAN_POINT('',(0.0581599946762785,0.00501012547721706,0.00635));
#7905=CARTESIAN_POINT('',(0.0557514743966714,0.00384572307698369,0.00635));
#7906=CARTESIAN_POINT('',(0.0545918143218046,0.00317439854644745,0.00635));
#7907=CARTESIAN_POINT('',(0.0523764740165856,0.00166102483491391,0.00635));
#7908=CARTESIAN_POINT('',(0.0513087978259493,0.000806631883969307,0.00635));
#7909=CARTESIAN_POINT('',(0.0493465572810541,-0.00102304341789998,0.00635));
#7910=CARTESIAN_POINT('',(0.0484373388801688,-0.0020073030999364,0.00635));
#7911=CARTESIAN_POINT('',(0.046773238608495,-0.00410193440790751,0.00635));
#7912=CARTESIAN_POINT('',(0.046009919358979,-0.00522579788671559,0.00635));
#7913=CARTESIAN_POINT('',(0.0452603186391345,-0.00653308184203645,0.00635));
#7914=CARTESIAN_POINT('',(0.0451838472714901,-0.00666915918417944,0.00635));
#7915=CARTESIAN_POINT('',(0.0451086549950705,-0.00680571144027167,0.00635));
#7916=CARTESIAN_POINT('',(0.0452752063510693,-0.00650771450401009,0.00635));
#7917=CARTESIAN_POINT('',(0.0457888631707677,-0.00669311933354577,0.00687831165202247));
#7918=CARTESIAN_POINT('',(0.0463002385948877,-0.00688349323387149,0.00740658394300963));
#7919=CARTESIAN_POINT('',(0.0468092196474346,-0.00707889202663297,0.00793481843127104));
#7920=CARTESIAN_POINT('',(0.0899087674497834,-0.00809521211709318,0.00801314882869821));
#7921=CARTESIAN_POINT('',(0.0899281723317956,-0.00809521211709318,0.00991206582119612));
#7922=CARTESIAN_POINT('',(0.0899822678793421,-0.00809521211709319,0.0118118448813736));
#7923=CARTESIAN_POINT('',(0.0900115700205802,-0.00809521211709318,0.0156362907871452));
#7924=CARTESIAN_POINT('',(0.0899762488831333,-0.00809521211709319,0.017573070698378));
#7925=CARTESIAN_POINT('',(0.0895738948043936,-0.00809521211709318,0.0213849702448814));
#7926=CARTESIAN_POINT('',(0.0892019435243613,-0.00809521211709319,0.0232818776528756));
#7927=CARTESIAN_POINT('',(0.0882429394552815,-0.00809521211709318,0.0260167973498939));
#7928=CARTESIAN_POINT('',(0.0878629002115471,-0.00809521211709319,0.0268947929879799));
#7929=CARTESIAN_POINT('',(0.0869668944570138,-0.00809521211709318,0.028585754203812));
#7930=CARTESIAN_POINT('',(0.0864491258326487,-0.00809521211709319,0.0294007885837084));
#7931=CARTESIAN_POINT('',(0.0846806579730463,-0.00809521211709319,0.0317142217385755));
#7932=CARTESIAN_POINT('',(0.0832830944306315,-0.00809521211709319,0.0330070716072908));
#7933=CARTESIAN_POINT('',(0.0808364378419496,-0.00809521211709318,0.0345824657566162));
#7934=CARTESIAN_POINT('',(0.0799801129108431,-0.00809521211709319,0.0350313376888164));
#7935=CARTESIAN_POINT('',(0.078205377971052,-0.00809521211709318,0.0357796653280332));
#7936=CARTESIAN_POINT('',(0.0772736479895694,-0.00809521211709319,0.03608117099928));
#7937=CARTESIAN_POINT('',(0.0754063317801536,-0.00809521211709318,0.0365199093993423));
#7938=CARTESIAN_POINT('',(0.0744596670407648,-0.00809521211709319,0.0366625547693517));
#7939=CARTESIAN_POINT('',(0.0725527615098385,-0.00809521211709318,0.036800530562552));
#7940=CARTESIAN_POINT('',(0.0715831344383349,-0.00809521211709319,0.0367954249572149));
#7941=CARTESIAN_POINT('',(0.0686880859006809,-0.00809521211709319,0.036562104046487));
#7942=CARTESIAN_POINT('',(0.0668274574239536,-0.00809521211709319,0.0361302837781734));
#7943=CARTESIAN_POINT('',(0.0632004066275793,-0.00809521211709318,0.0347646314194135));
#7944=CARTESIAN_POINT('',(0.0615169548883505,-0.00809521211709319,0.0338608856600341));
#7945=CARTESIAN_POINT('',(0.0583497288294696,-0.00809521211709318,0.0316509160827842));
#7946=CARTESIAN_POINT('',(0.0569045786666093,-0.00809521211709319,0.0303622712835644));
#7947=CARTESIAN_POINT('',(0.0543277160103394,-0.00809521211709318,0.0275386219343633));
#7948=CARTESIAN_POINT('',(0.0531688006378088,-0.00809521211709319,0.0259663270324792));
#7949=CARTESIAN_POINT('',(0.0511978210496967,-0.00809521211709318,0.0226831002995552));
#7950=CARTESIAN_POINT('',(0.0503685010175258,-0.00809521211709319,0.0209600118998909));
#7951=CARTESIAN_POINT('',(0.04899950211147,-0.00809521211709318,0.017350419101016));
#7952=CARTESIAN_POINT('',(0.0484739527900239,-0.00809521211709319,0.0154970571839712));
#7953=CARTESIAN_POINT('',(0.0477229350375748,-0.00809521211709319,0.0117544620650761));
#7954=CARTESIAN_POINT('',(0.0474945937571213,-0.00809521211709319,0.00983394990097517));
#7955=CARTESIAN_POINT('',(0.0474139164463481,-0.00809521211709319,0.00790964961377883));
#7956=CARTESIAN_POINT('',(0.0905120622808219,-0.00707783167735441,0.00800711445752907));
#7957=CARTESIAN_POINT('',(0.0905281497692982,-0.00707225866012824,0.00989975862709086));
#7958=CARTESIAN_POINT('',(0.0905734158170152,-0.00705732535044171,0.011797927872915));
#7959=CARTESIAN_POINT('',(0.0905782403448189,-0.00702086996912829,0.0156419101337632));
#7960=CARTESIAN_POINT('',(0.0905274853843375,-0.00700008785341942,0.0175997948028815));
#7961=CARTESIAN_POINT('',(0.090089055928466,-0.00696461297585373,0.0214708473744925));
#7962=CARTESIAN_POINT('',(0.0896960714809365,-0.00694955768245483,0.0234054228092675));
#7963=CARTESIAN_POINT('',(0.0886983006152534,-0.00693301195308425,0.0262012781560138));
#7964=CARTESIAN_POINT('',(0.0883043224964026,-0.00692850586408605,0.0270999560848336));
#7965=CARTESIAN_POINT('',(0.0873777991155769,-0.00692126034404178,0.0288322755982068));
#7966=CARTESIAN_POINT('',(0.0868433912135828,-0.00691850757376675,0.0296680501197812));
#7967=CARTESIAN_POINT('',(0.0850205468824342,-0.00691264253461495,0.032042110949668));
#7968=CARTESIAN_POINT('',(0.0835827530966112,-0.0069119565161998,0.0333711986945106));
#7969=CARTESIAN_POINT('',(0.0810680047520626,-0.00691412241443704,0.034993268943143));
#7970=CARTESIAN_POINT('',(0.080188203577751,-0.00691539284290917,0.0354560095794439));
#7971=CARTESIAN_POINT('',(0.0783653357125525,-0.00691877710214868,0.0362286137240626));
#7972=CARTESIAN_POINT('',(0.0774085989663204,-0.00692093242518809,0.0365406256146847));
#7973=CARTESIAN_POINT('',(0.0754915745603162,-0.00692584082709272,0.0369963653001509));
#7974=CARTESIAN_POINT('',(0.0745199071098898,-0.00692861385554468,0.0371456769693169));
#7975=CARTESIAN_POINT('',(0.0725629715149015,-0.00693468062240952,0.0372934787180528));
#7976=CARTESIAN_POINT('',(0.0715680742825201,-0.00693800919764401,0.0372915553859858));
#7977=CARTESIAN_POINT('',(0.0685980354914646,-0.00694860956921836,0.0370626147191723));
#7978=CARTESIAN_POINT('',(0.0666898095986341,-0.00695628412065931,0.0366269928264911));
#7979=CARTESIAN_POINT('',(0.0629710353552432,-0.00697277346118046,0.0352425840761188));
#7980=CARTESIAN_POINT('',(0.0612455660081188,-0.00698122574708066,0.0343242953918092));
#7981=CARTESIAN_POINT('',(0.0580002649489134,-0.00699853411899611,0.0320770084255536));
#7982=CARTESIAN_POINT('',(0.0565200295447765,-0.0070072079774507,0.0307658705081564));
#7983=CARTESIAN_POINT('',(0.0538814357494626,-0.0070238694785213,0.0278928349376032));
#7984=CARTESIAN_POINT('',(0.0526952329570878,-0.00703204762588768,0.0262930002232173));
#7985=CARTESIAN_POINT('',(0.0506784765060732,-0.00704686531183724,0.0229529675695221));
#7986=CARTESIAN_POINT('',(0.0498302441152213,-0.00705360268782288,0.0212003932471825));
#7987=CARTESIAN_POINT('',(0.0484303825981419,-0.00706523849937399,0.0175300010505353));
#7988=CARTESIAN_POINT('',(0.0478931885711307,-0.00706999813323419,0.0156458767903405));
#7989=CARTESIAN_POINT('',(0.0471256447571398,-0.00707696447823618,0.011841924149239));
#7990=CARTESIAN_POINT('',(0.0468923168942697,-0.00707913733508619,0.00989028449534776));
#7991=CARTESIAN_POINT('',(0.0468098879145996,-0.00707991971691175,0.0079348689910728));
#7992=CARTESIAN_POINT('',(0.0468098879145996,-0.00707991971691175,0.0079348689910728));
#7993=CARTESIAN_POINT('',(0.0470112307585159,-0.00741835051697239,0.00792646253197481));
#7994=CARTESIAN_POINT('',(0.0472125736024318,-0.00775678131703255,0.00791805607287683));
#7995=CARTESIAN_POINT('',(0.0474139164463481,-0.00809521211709319,0.00790964961377884));
#7996=CARTESIAN_POINT('',(0.0180443341125387,-0.00650771211709319,0.));
#7997=CARTESIAN_POINT('',(0.0279398420864735,-0.00730146211709318,0.000793749999999989));
#7998=CARTESIAN_POINT('',(0.0279398420864735,-0.00588783546930824,0.));
#7999=CARTESIAN_POINT('',(0.0263523420864736,-0.00650771211709319,0.0015875));
#8000=CARTESIAN_POINT('',(0.0279398420864735,-0.00588783546930824,0.0762));
#8001=CARTESIAN_POINT('',(0.0263523420864736,0.0534256450004605,0.0746125));
#8002=CARTESIAN_POINT('',(0.0180443341125387,0.0534256450004605,0.0762));
#8003=CARTESIAN_POINT('',(0.0279398420864735,0.0526318950004605,0.07540625));
#8004=CARTESIAN_POINT('',(0.192116516977649,0.0534256450004605,0.00635));
#8005=CARTESIAN_POINT('',(0.192116516977649,0.0534256450004605,0.0079375));
#8006=CARTESIAN_POINT('',(0.192116516977649,-0.00588783546930824,0.0047625));
#8007=CARTESIAN_POINT('',(0.190529016977649,0.0502506450004605,0.00635));
#8008=CARTESIAN_POINT('',(0.0452752047021966,-0.00650771211709319,0.00635));
#8009=CARTESIAN_POINT('',(0.0468098879162638,-0.00707991971689596,0.0079348690305521));
#8010=CARTESIAN_POINT('',(0.0452752047021966,-0.00809521211709319,0.0047625));
#8011=CARTESIAN_POINT('',(0.0474139164447192,-0.00809521211709319,0.00790964957492775));
#8012=CARTESIAN_POINT('',(0.0452752047021966,-0.00809521211709319,0.0047625));
#8013=CARTESIAN_POINT('',(0.0452752047021966,-0.00756604545042652,0.00529166666666667));
#8014=CARTESIAN_POINT('',(0.0452752047021966,-0.00703687878375986,0.00582083333333333));
#8015=CARTESIAN_POINT('',(0.0452752047021966,-0.00650771211709319,0.00635));
#8016=CARTESIAN_POINT('',(0.0263523420864736,-0.00650771211709319,0.0015875));
#8017=CARTESIAN_POINT('',(0.0263523420864736,-0.00650771211709319,0.0015875));
#8018=CARTESIAN_POINT('',(0.0263523420864736,0.0534256450004605,0.0746125));
#8019=CARTESIAN_POINT('',(0.0263523420864736,0.0534256450004605,0.0746125));
#8020=CARTESIAN_POINT('',(0.190529016977649,0.0518381450004605,0.0079375));
#8021=CARTESIAN_POINT('',(0.190529016977649,0.0502506450004605,0.00635));
#8022=CARTESIAN_POINT('',(-0.0648377533330492,-0.00809521211709319,0.0047625));
#8023=CARTESIAN_POINT('',(0.0279398420864735,-0.00650771211709319,0.00635));
#8024=CARTESIAN_POINT('',(0.0263523420864736,-0.00650771211709319,0.127));
#8025=CARTESIAN_POINT('',(0.0271460920864736,-0.00730146211709319,0.0047625));
#8026=CARTESIAN_POINT('',(0.0279398420864735,0.0518381450004605,0.0762));
#8027=CARTESIAN_POINT('',(0.0279398420864735,0.0518381450004605,0.0079375));
#8028=CARTESIAN_POINT('',(0.0180443341125387,0.0502506450004605,0.00635));
#8029=CARTESIAN_POINT('',(0.0279398420864735,0.0502506450004605,0.00635));
#8030=CARTESIAN_POINT('',(0.0279398420864735,-0.00650771211709319,0.00635));
#8031=CARTESIAN_POINT('',(0.0279398420864735,-0.00650771211709319,0.00635));
#8032=CARTESIAN_POINT('',(0.0279398420864735,0.0502506450004605,0.00635));
#8033=CARTESIAN_POINT('',(0.0263523420864736,0.0502506450004605,0.0047625));
#8034=CARTESIAN_POINT('',(0.0263523420864736,0.0339305983096187,0.0047625));
#8035=CARTESIAN_POINT('',(0.0390679376311303,0.118359490305134,0.0746125));
#8036=CARTESIAN_POINT('',(0.0374804376311303,0.165059309745778,0.0762));
#8037=CARTESIAN_POINT('',(0.0390679376311303,0.0716596708644897,0.0746125));
#8038=CARTESIAN_POINT('',(0.0390679376311303,0.165059309745778,0.0746125));
#8039=CARTESIAN_POINT('',(0.0390679376311303,0.165059309745778,0.0746125));
#8040=CARTESIAN_POINT('',(0.0406554376311303,0.166646809745778,0.0746125));
#8041=CARTESIAN_POINT('',(0.0406554376311303,0.0700721708644897,0.0746125));
#8042=CARTESIAN_POINT('',(0.0406554376311303,0.0684846708644897,0.0762));
#8043=CARTESIAN_POINT('',(0.0406554376311303,0.0700721708644897,0.0746125));
#8044=CARTESIAN_POINT('',(0.0390679376311303,0.165059309745778,0.00635));
#8045=CARTESIAN_POINT('',(0.0390679376311303,0.165059309745778,0.0079375));
#8046=CARTESIAN_POINT('',(0.0180443341125387,0.168234309745778,0.0762));
#8047=CARTESIAN_POINT('',(0.177962762673964,0.168234309745778,0.0762));
#8048=CARTESIAN_POINT('',(0.181137762673965,-0.00588783546930824,0.0762));
#8049=CARTESIAN_POINT('',(0.181137762673965,0.0716596708644897,0.0762));
#8050=CARTESIAN_POINT('',(0.179550262673965,0.165059309745778,0.0746125));
#8051=CARTESIAN_POINT('',(0.109309100152547,0.0700721708644897,0.0746125));
#8052=CARTESIAN_POINT('',(0.177962762673964,0.0700721708644897,0.0746125));
#8053=CARTESIAN_POINT('',(0.0406554376311303,0.0700721708644897,0.00635));
#8054=CARTESIAN_POINT('',(0.0398616876311303,0.0708659208644897,0.0079375));
#8055=CARTESIAN_POINT('',(0.0406554376311303,-0.00588783546930824,0.00635));
#8056=CARTESIAN_POINT('',(0.0390679376311303,0.165059309745778,0.0079375));
#8057=CARTESIAN_POINT('',(0.0406554376311303,0.0716596708644897,0.00635));
#8058=CARTESIAN_POINT('',(0.0390679376311303,0.165059309745778,0.0079375));
#8059=CARTESIAN_POINT('',(0.0406554376311303,0.165853059745778,0.00714375));
#8060=CARTESIAN_POINT('',(0.177962762673964,0.166646809745778,0.0746125));
#8061=CARTESIAN_POINT('',(0.177962762673964,0.166646809745778,0.0746125));
#8062=CARTESIAN_POINT('',(0.179550262673965,0.0716596708644897,0.0746125));
#8063=CARTESIAN_POINT('',(0.179550262673965,0.0716596708644897,0.0746125));
#8064=CARTESIAN_POINT('',(0.0406554376311303,0.0716596708644897,0.00635));
#8065=CARTESIAN_POINT('',(0.0406554376311303,0.0716596708644897,0.00635));
#8066=CARTESIAN_POINT('',(0.109309100152547,0.166646809745778,0.0079375));
#8067=CARTESIAN_POINT('',(0.177962762673964,0.165059309745778,0.00635));
#8068=CARTESIAN_POINT('',(0.177962762673964,0.166646809745778,0.00635));
#8069=CARTESIAN_POINT('',(0.178756512673965,0.165853059745778,0.0079375));
#8070=CARTESIAN_POINT('',(0.179550262673965,0.0716596708644897,0.00635));
#8071=CARTESIAN_POINT('',(0.179550262673965,0.0716596708644897,0.0079375));
#8072=CARTESIAN_POINT('',(0.0180443341125387,0.0716596708644897,0.00635));
#8073=CARTESIAN_POINT('',(0.177962762673964,0.0708659208644897,0.00714375));
#8074=CARTESIAN_POINT('',(0.177962762673964,0.165059309745778,0.00635));
#8075=CARTESIAN_POINT('',(0.177962762673964,0.165059309745778,0.00635));
#8076=CARTESIAN_POINT('',(0.179550262673965,0.0716596708644897,0.0079375));
#8077=CARTESIAN_POINT('',(0.179550262673965,0.0716596708644897,0.0079375));
#8078=CARTESIAN_POINT('',(0.179550262673965,0.118359490305134,0.0079375));
#8079=MECHANICAL_DESIGN_GEOMETRIC_PRESENTATION_REPRESENTATION('',(#3843),
#8083);
#8080=MECHANICAL_DESIGN_GEOMETRIC_PRESENTATION_REPRESENTATION('',(#3844),
#8084);
#8081=MECHANICAL_DESIGN_GEOMETRIC_PRESENTATION_REPRESENTATION('',(#3845),
#8085);
#8082=MECHANICAL_DESIGN_GEOMETRIC_PRESENTATION_REPRESENTATION('',(#3846),
#8086);
#8083=(
GEOMETRIC_REPRESENTATION_CONTEXT(3)
GLOBAL_UNCERTAINTY_ASSIGNED_CONTEXT((#8087))
GLOBAL_UNIT_ASSIGNED_CONTEXT((#8099,#8095,#8091))
REPRESENTATION_CONTEXT('Part 2','TOP_LEVEL_ASSEMBLY_PART')
);
#8084=(
GEOMETRIC_REPRESENTATION_CONTEXT(3)
GLOBAL_UNCERTAINTY_ASSIGNED_CONTEXT((#8088))
GLOBAL_UNIT_ASSIGNED_CONTEXT((#8100,#8096,#8092))
REPRESENTATION_CONTEXT('Part 4','TOP_LEVEL_ASSEMBLY_PART')
);
#8085=(
GEOMETRIC_REPRESENTATION_CONTEXT(3)
GLOBAL_UNCERTAINTY_ASSIGNED_CONTEXT((#8089))
GLOBAL_UNIT_ASSIGNED_CONTEXT((#8101,#8097,#8093))
REPRESENTATION_CONTEXT('Part 1','TOP_LEVEL_ASSEMBLY_PART')
);
#8086=(
GEOMETRIC_REPRESENTATION_CONTEXT(3)
GLOBAL_UNCERTAINTY_ASSIGNED_CONTEXT((#8090))
GLOBAL_UNIT_ASSIGNED_CONTEXT((#8102,#8098,#8094))
REPRESENTATION_CONTEXT('Part 3','TOP_LEVEL_ASSEMBLY_PART')
);
#8087=UNCERTAINTY_MEASURE_WITH_UNIT(LENGTH_MEASURE(1.E-8),#8099,
'DISTANCE_ACCURACY_VALUE','Maximum Tolerance applied to model');
#8088=UNCERTAINTY_MEASURE_WITH_UNIT(LENGTH_MEASURE(2.E-5),#8100,
'DISTANCE_ACCURACY_VALUE','Maximum Tolerance applied to model');
#8089=UNCERTAINTY_MEASURE_WITH_UNIT(LENGTH_MEASURE(2.E-5),#8101,
'DISTANCE_ACCURACY_VALUE','Maximum Tolerance applied to model');
#8090=UNCERTAINTY_MEASURE_WITH_UNIT(LENGTH_MEASURE(2.E-5),#8102,
'DISTANCE_ACCURACY_VALUE','Maximum Tolerance applied to model');
#8091=(
NAMED_UNIT(*)
SI_UNIT($,.STERADIAN.)
SOLID_ANGLE_UNIT()
);
#8092=(
NAMED_UNIT(*)
SI_UNIT($,.STERADIAN.)
SOLID_ANGLE_UNIT()
);
#8093=(
NAMED_UNIT(*)
SI_UNIT($,.STERADIAN.)
SOLID_ANGLE_UNIT()
);
#8094=(
NAMED_UNIT(*)
SI_UNIT($,.STERADIAN.)
SOLID_ANGLE_UNIT()
);
#8095=(
NAMED_UNIT(*)
PLANE_ANGLE_UNIT()
SI_UNIT($,.RADIAN.)
);
#8096=(
NAMED_UNIT(*)
PLANE_ANGLE_UNIT()
SI_UNIT($,.RADIAN.)
);
#8097=(
NAMED_UNIT(*)
PLANE_ANGLE_UNIT()
SI_UNIT($,.RADIAN.)
);
#8098=(
NAMED_UNIT(*)
PLANE_ANGLE_UNIT()
SI_UNIT($,.RADIAN.)
);
#8099=(
LENGTH_UNIT()
NAMED_UNIT(*)
SI_UNIT($,.METRE.)
);
#8100=(
LENGTH_UNIT()
NAMED_UNIT(*)
SI_UNIT($,.METRE.)
);
#8101=(
LENGTH_UNIT()
NAMED_UNIT(*)
SI_UNIT($,.METRE.)
);
#8102=(
LENGTH_UNIT()
NAMED_UNIT(*)
SI_UNIT($,.METRE.)
);
#8103=PRODUCT_DEFINITION_SHAPE('','',#8107);
#8104=PRODUCT_DEFINITION_SHAPE('','',#8108);
#8105=PRODUCT_DEFINITION_SHAPE('','',#8109);
#8106=PRODUCT_DEFINITION_SHAPE('','',#8110);
#8107=PRODUCT_DEFINITION('','',#8115,#8111);
#8108=PRODUCT_DEFINITION('','',#8116,#8112);
#8109=PRODUCT_DEFINITION('','',#8117,#8113);
#8110=PRODUCT_DEFINITION('','',#8118,#8114);
#8111=PRODUCT_DEFINITION_CONTEXT('',#8139,'design');
#8112=PRODUCT_DEFINITION_CONTEXT('',#8140,'design');
#8113=PRODUCT_DEFINITION_CONTEXT('',#8141,'design');
#8114=PRODUCT_DEFINITION_CONTEXT('',#8142,'design');
#8115=PRODUCT_DEFINITION_FORMATION_WITH_SPECIFIED_SOURCE('','',#8123,
 .NOT_KNOWN.);
#8116=PRODUCT_DEFINITION_FORMATION_WITH_SPECIFIED_SOURCE('','',#8124,
 .NOT_KNOWN.);
#8117=PRODUCT_DEFINITION_FORMATION_WITH_SPECIFIED_SOURCE('','',#8125,
 .NOT_KNOWN.);
#8118=PRODUCT_DEFINITION_FORMATION_WITH_SPECIFIED_SOURCE('','',#8126,
 .NOT_KNOWN.);
#8119=PRODUCT_RELATED_PRODUCT_CATEGORY('','',(#8123));
#8120=PRODUCT_RELATED_PRODUCT_CATEGORY('','',(#8124));
#8121=PRODUCT_RELATED_PRODUCT_CATEGORY('','',(#8125));
#8122=PRODUCT_RELATED_PRODUCT_CATEGORY('','',(#8126));
#8123=PRODUCT('Part 2','Part 2','Part 2',(#8131));
#8124=PRODUCT('Part 4','Part 4','Part 4',(#8132));
#8125=PRODUCT('Part 1','Part 1','Part 1',(#8133));
#8126=PRODUCT('Part 3','Part 3','Part 3',(#8134));
#8127=PRODUCT_CATEGORY('','');
#8128=PRODUCT_CATEGORY('','');
#8129=PRODUCT_CATEGORY('','');
#8130=PRODUCT_CATEGORY('','');
#8131=PRODUCT_CONTEXT('',#8139,'mechanical');
#8132=PRODUCT_CONTEXT('',#8140,'mechanical');
#8133=PRODUCT_CONTEXT('',#8141,'mechanical');
#8134=PRODUCT_CONTEXT('',#8142,'mechanical');
#8135=APPLICATION_PROTOCOL_DEFINITION('international standard',
'ap242_managed_model_based_3d_engineering',2020,#8139);
#8136=APPLICATION_PROTOCOL_DEFINITION('international standard',
'ap242_managed_model_based_3d_engineering',2020,#8140);
#8137=APPLICATION_PROTOCOL_DEFINITION('international standard',
'ap242_managed_model_based_3d_engineering',2020,#8141);
#8138=APPLICATION_PROTOCOL_DEFINITION('international standard',
'ap242_managed_model_based_3d_engineering',2020,#8142);
#8139=APPLICATION_CONTEXT('managed model based 3d engineering');
#8140=APPLICATION_CONTEXT('managed model based 3d engineering');
#8141=APPLICATION_CONTEXT('managed model based 3d engineering');
#8142=APPLICATION_CONTEXT('managed model based 3d engineering');
ENDSEC;
END-ISO-10303-21;
